region;sppName;latinName;RFMO;RFMO_Stock_ID;X3A_CODE;FIDES_AREA;area;areaBis;TAC area description;Comments;;
Baltic Sea;European Eel;Anguilla anguilla;ICES;;ELE;No TAC;22-32;27_3_C_22,27_3_B_23,27_3_D_24,27_3_D_25,27_3_D_26,27_3_D_27,27_3_D_28,27_3_D_29,27_3_D_30,27_3_D_31,27_3_D_32;;;;
Baltic Sea;Herring;Clupea harengus;ICES;;HER;3BC+24;22-24;27_3_C_22,27_3_B_23,27_3_D_24;;;;
Baltic Sea;Herring;Clupea harengus;ICES;;HER;3D-R30;25-27, 28.2, 29, 32;27_3_D_25,27_3_D_26,27_3_D_27,27_3_D_28_2,27_3_D_29,27_3_D_32;;;;
Baltic Sea;Herring;Clupea harengus;ICES;;HER;03D.RG;28.1;27_3_D_28_1;;;;
Baltic Sea;Herring;Clupea harengus;ICES;;HER;30/31.;30-31;27_3_D_30,27_3_D_31;;;;
Baltic Sea;Vendace;Coregonus albula;ICES;;FVE;No TAC;22-32;27_3_C_22,27_3_B_23,27_3_D_24,27_3_D_25,27_3_D_26,27_3_D_27,27_3_D_28,27_3_D_29,27_3_D_30,27_3_D_31,27_3_D_32;;;;
Baltic Sea;Common Whitefish/houting;Coregonus lavaretus;ICES;;PLN;No TAC;3d;27_3_D;;;;
Baltic Sea;Cod;Gadus morhua;ICES;;COD;3BC+24;22-24;27_3_C_22, 27_3_B_23,27_3_D_24;IIIb)c)d) (1) - Sub Divisions 22 to 24;;;
Baltic Sea;Cod;Gadus morhua;ICES;;COD;3DX32.;25-32;27_3_D_25,27_3_D_26,27_3_D_27,27_3_D_28,27_3_D_29,27_3_D_30, 27_3_D_31,27_3_D_32;IIId) (1) - Sub Divisions 25-32;;;
Baltic Sea;Dab;Limanda limanda;ICES;;DAB;No TAC;22-32;27_3_C_22,27_3_B_23,27_3_D_24, 27_3_D_25,27_3_D_26,27_3_D_27,27_3_D_28,27_3_D_29,27_3_D_30,27_3_D_31,27_3_D_32;;;;
Baltic Sea;Perch;Perca fluviatilis;ICES;;FPE;No TAC;3d;27_3_D;;;;
Baltic Sea;Flounder;Platichthys flesus;ICES;;FLE;No TAC;22-32;27_3_C_22,27_3_B_23,27_3_D_24,27_3_D_25,27_3_D_26,27_3_D_27,27_3_D_28,27_3_D_29,27_3_D_30,27_3_D_31,27_3_D_32;;;;
Baltic Sea;Plaice;Pleuronectes platessa;ICES;;PLE;3BCD-C;21-23;27_3_A_21,27_3_C_22,27_3_B_23;;;;
Baltic Sea;Plaice;Pleuronectes platessa;ICES;;PLE;3BCD-C;24-32;27_3_D_24,27_3_D_25,27_3_D_26,27_3_D_27,27_3_D_28,27_3_D_29,27_3_D_30,27_3_D_31,27_3_D_32;;;;
Baltic Sea;Salmon;Salmo salar;ICES;;SAL;3BCD-F;22-31;27_3_C_22,27_3_B_23,27_3_D_24,27_3_D_25,27_3_D_26,27_3_D_27,27_3_D_28,27_3_D_29,27_3_D_30,27_3_D_31;;;;
Baltic Sea;Salmon;Salmo salar;ICES;;SAL;3D32.;32;27_3_D_32;;;;
Baltic Sea;Sea trout;Salmo trutta;ICES;;TRS;No TAC;22-32;27_3_C_22,27_3_B_23,27_3_D_24,27_3_D_25,27_3_D_26,27_3_D_27,27_3_D_28,27_3_D_29,27_3_D_30,27_3_D_31,27_3_D_32;;;;
Baltic Sea;Pike-perch;Sander lucioperca;ICES;;FPP;No TAC;3d;27_3_D;;;;
Baltic Sea;Turbot;Scophtalmus maximus;ICES;;TUR;No TAC;22-32;27_3_C_22,27_3_B_23,27_3_D_24,27_3_D_25,27_3_D_26,27_3_D_27,27_3_D_28,27_3_D_29,27_3_D_30,27_3_D_31,27_3_D_32;;;;
Baltic Sea;Brill;Scophthalmus rhombus;ICES;;BLL;No TAC;22-32;27_3_C_22,27_3_B_23,27_3_D_24,27_3_D_25,27_3_D_26,27_3_D_27,27_3_D_28,27_3_D_29,27_3_D_30,27_3_D_31,27_3_D_32;;;;
Baltic Sea;Sole;Solea solea;ICES;;SOL;No TAC;20-24;27_3_A_20,27_3_A_21,27_3_C_22,27_3_B_23,27_3_D_24;;;;
Baltic Sea;Sprat;Sprattus sprattus;ICES;;SPR;3BCD-C;22-32;27_3_C_22,27_3_B_23,27_3_D_24,27_3_D_25,27_3_D_26,27_3_D_27,27_3_D_28,27_3_D_29,27_3_D_30,27_3_D_31,27_3_D_32;;To be checked;;
North Sea and Eastern Arctic;European Eel;Anguilla anguilla;ICES;;ELE;No TAC;1, 2;27_1,27_2;;;;
North Sea and Eastern Arctic;Greater silver smelt;Argentina silus;ICES;;ARU;1/2.;1, 2, 5a, 14;27_1,27_2,27_5_A,27_14;;;;
North Sea and Eastern Arctic;Tusk;Brosme brosme;ICES;;USK;1214EI;1, 2;27_1,27_2;EC and International Waters of I-II and XIV;;;
North Sea and Eastern Arctic;Herring;Clupea harengus;ICES;;HER;1/2-;1, 2;27_1,27_2;;;;
North Sea and Eastern Arctic;Cod;Gadus morhua;ICES;;COD;1/2B.;1, 2;27_1,27_2;I-IIb);;;
North Sea and Eastern Arctic;Tope;Galeorhinus galeus;ICES;;GAG;No TAC;1, 2;27_1,27_2;;;;
North Sea and Eastern Arctic;American plaice;Hippoglossoides platessoides;ICES;;PLA;No TAC;1, 2;27_1,27_2;;;;
North Sea and Eastern Arctic;Capelin;Mallotus villosus;ICES;;CAP;02B.;1, 2;27_1,27_2;ICES division IIb - Spitzbergen and Bear Island;;;
North Sea and Eastern Arctic;Haddock;Melanogrammus aeglefinus;ICES;;HAD;1N2AB.;1, 2;27_1,27_2;I-II (Norwegian waters);;;
North Sea and Eastern Arctic;Blue whiting;Micromesistius poutassou;ICES;;WHB;1X14;1, 2;27_1,27_2;;;;
North Sea and Eastern Arctic;Blue ling;Molva dypterygia;ICES;;BLI;24-;2;27_2;;;;
North Sea and Eastern Arctic;Ling;Molva molva;ICES;;LIN;1/2.;1, 2;27_1,27_2;;;;
North Sea and Eastern Arctic;Smooth-hound;Mustelus spp.;ICES;;SKH;;1, 2, 14;27_1,27_2,27_14;;;;
North Sea and Eastern Arctic;Northern shrimp;Pandalus borealis;ICES;;PRA;2AC4-C;1, 2;27_1,27_2;EC waters of IIa) and IV;;;
North Sea and Eastern Arctic;Saithe;Pollachius virens;ICES;;POK;1/2INT,1N2AB.;1, 2;27_1,27_2;I-II (International waters);;;
North Sea and Eastern Arctic;Greenland halibut;Reinhardtius hippoglossoides;ICES;;GHL;1/2INT;1, 2;27_1,27_2;I-II (International waters);;;
North Sea and Eastern Arctic;Salmon;Salmo salar;ICES;;SAL;No TAC;1, 2;27_1,27_2;;;;
North Sea and Eastern Arctic;Sea trout;Salmo trutta;ICES;;TRS;;1, 2;27_1,27_2;;;;
North Sea and Eastern Arctic;Mackerel;Scomber scombrus;ICES;;MAC;2A34.;2;27_2;IIa;;;
North Sea and Eastern Arctic;Beaked redfish;Sebastes mentella;ICES;;REB;1N2AB.;1, 2;27_1,27_2;;;;
North Sea and Eastern Arctic;Golden Redfish;Sebastes norvegicus;ICES;;REG;XXX;1, 2;27_1,27_2;NEAFC Stock - catches not from the stock that is subject to NEAFC management mesures;;;
North Sea and Eastern Arctic;Picked dogfish;Squalus acanthias;ICES;;DGS;15X14;all areas;27_4,27_7_D;;;;
North Sea and Eastern Arctic;Horse mackerel;Trachurus trachurus;ICES;;JAX;2A-14;2a;27_2_A;NEAFC Stock - catches not from the stock that is subject to NEAFC management mesures;;;
North Sea and Eastern Arctic;Sand eel;Ammodytidae;ICES;;SAN;2A3A4.;3a, 4;27_3_A,27_4;IIIa,   EC waters of IIa and IV;;;
North Sea and Eastern Arctic;Catfish;Anarhichas spp;ICES;;CAT;No TAC;4;27_4;;;;
North Sea and Eastern Arctic;European Eel;Anguilla anguilla;ICES;;ELE;No TAC;3a, 4, 7d;27_3_A,27_4,27_7_D;;;;
North Sea and Eastern Arctic;Greater silver smelt;Argentina silus;ICES;;ARU;3A4-C;3a, 4;27_3_A,27_4;;;;
North Sea and Eastern Arctic;Argentine;Argentina spp;ICES;;ARU;3A4-C;4;27_4;;;;
North Sea and Eastern Arctic;Red gurnard;Aspitrigla cuculus;ICES;;GUR;No TAC;3a;27_3_A;;;;
North Sea and Eastern Arctic;Tusk;Brosme brosme;ICES;;USK;03A.,04-C.,04-N.;3a, 4;27_3_A,27_4;EU waters of IV;;;
North Sea and Eastern Arctic;Herring;Clupea harengus;ICES;;HER;03A.,03A-BC,2A47DX,4AB.;3a, 4, 7d;27_3_A,27_4,27_7_D;;;;
North Sea and Eastern Arctic;Roundnose grenadier;Coryphaenoides rupestris;ICES;;RNG;03-;3a;27_3_A;EU and international waters of III;;;
North Sea and Eastern Arctic;Common Shrimp;Crangon crangon;ICES;;CSH;No TAC;4, 7d;27_4,27_7_D;;;;
North Sea and Eastern Arctic;Sea bass;Dicentrarchus labrax;ICES;;BSS;No TAC;4, 7d;27_4,27_7_D;;;;
North Sea and Eastern Arctic;Grey gurnard;Eutrigla gurnardus;ICES;;GUG;No TAC;3a, 4, 7d;27_3_A,27_4,27_7_D;;;;
North Sea and Eastern Arctic;Cod;Gadus morhua;ICES;;COD;03AN.;3aN;27_3_A-4_AB_NK;Skagerrak (Division IIIa);;;
North Sea and Eastern Arctic;Cod;Gadus morhua;ICES;;COD;03AS.;3aS;27_3_A;Kattegat (Division IIIa);;;
North Sea and Eastern Arctic;Cod;Gadus morhua;ICES;;COD;2A3AX4,07D.;4, 7d;27_4,27_7_D;IV,   EC waters of Iia,   that part of IIIa not covered by the Skagerrak and the Kattegat, ICES division VIId - Eastern Channel;;;
North Sea and Eastern Arctic;Tope;Galeorhinus galeus;ICES;;GAG;No TAC;3a, 4, 7d;27_3_A,27_4,27_7_D;;;;
North Sea and Eastern Arctic;Witch flounder;Glyptocephalus cynoglossus;ICES;;WIT;No TAC;3a, 4;27_3_A,27_4;;;;
North Sea and Eastern Arctic;Blue-mouth rockfish;Helicolenus dactylopterus;ICES;;BRF;No TAC;4;27_4;;;;
North Sea and Eastern Arctic;Four-spot megrim;Lepidorhombus boscii;ICES;;LEZ,LDB;2AC4-C;4, 7d;27_4,27_7_D;EC waters of IIa) and IV;;;
North Sea and Eastern Arctic;Megrim;Lepidorhombus whiffiagonis;ICES;;LEZ,MEG;2AC4-C;4, 7d;27_4,27_7_D;EC waters of IIa) and IV;;;
North Sea and Eastern Arctic;Cuckoo ray;Leucoraja naevus;ICES;;RJN;03A-C.,2AC4-C;3a, 4;27_3_A,27_4;;;;
North Sea and Eastern Arctic;Dab;Limanda limanda;ICES;;DAB;2AC4-C;3a, 4, 7d;27_3_A,27_4,27_7_D;;;;
North Sea and Eastern Arctic;Black-bellied angler;Lophius budegassa;ICES;;ANF,MNZ;No TAC;3a, 4, 7d;27_3_A,27_4,27_7_D;;;;
North Sea and Eastern Arctic;Anglerfish;Lophius piscatorius;ICES;;MON,MNZ;2AC4-C,*2AC4-C,04-N.;3a, 4, 7d;27_3_A,27_4,27_7_D;;;;
North Sea and Eastern Arctic;Roughhead grenadier;Macrourus berglax;ICES;;RHG;;4;27_4;EU and international waters of I-II and IV;;;
North Sea and Eastern Arctic;Haddock;Melanogrammus aeglefinus;ICES;;HAD;03A.,04-N.,*04N-;3a, 4;27_3_A,27_4;IIIa) and EU waters of IIIbcd;;;
North Sea and Eastern Arctic;Whiting;Merlangius merlangus;ICES;;WHG;03A.,2AC4.;3a, 4, 7d;27_3_A,27_4,27_7_D;;;;
North Sea and Eastern Arctic;Hake;Merluccius merluccius;ICES;;HKE;2AC4-C,3A.;3a, 4, 7d;27_3_A,27_4,27_7_D;EC waters of IIa) and IV;;;
North Sea and Eastern Arctic;Blue whiting;Micromesistius poutassou;ICES;;WHB;1X14;3a, 4, 7d;27_3_A,27_4,27_7_D;;;;
North Sea and Eastern Arctic;Lemon sole;Microstomus kitt;ICES;;LEM;2AC4-C;4, 7d;27_4,27_7_D;EC waters of IIa) and IV;;;
North Sea and Eastern Arctic;Blue ling;Molva dypterygia;ICES;;BLI;03A-,*24X7C;3a, 4;27_3_A,27_4;EU and international waters of II and IV;;;
North Sea and Eastern Arctic;Ling;Molva molva;ICES;;LIN;03A-C.,04-C.,04-N.;3a, 4;27_3_A,27_4;EU waters of IV;;;
North Sea and Eastern Arctic;Red mullet;Mullus barbatus;ICES;;MUT;No TAC;4, 7d;27_4,27_7_D;;;;
North Sea and Eastern Arctic;Striped red mullet;Mullus surmuletus;ICES;;MUR;No TAC;4, 7d;27_4,27_7_D;;;;
North Sea and Eastern Arctic;Smooth-hound;Mustelus spp.;ICES;;SKH;;3a, 4, 7d;27_3_A,27_4,27_7_D;;;;
North Sea and Eastern Arctic;Norway lobster;Nephrops norvegicus;ICES;;NEP;03A.,04-N.2AC4-C;3a, 4 and 2a Union waters;27_2_A,27_3_A,27_4;IIIa) and EU waters of IIIbcd;;;
North Sea and Eastern Arctic;Northern shrimp;Pandalus borealis;ICES;;PRA;03A.,04-N.;3a, 4 and 2a Union waters;27_3_A,27_4,27_2_A;IIIa);;;
North Sea and Eastern Arctic;Northern shrimp;Pandalus borealis;ICES;;PRA;2AC4-C;4 Norwegian waters south of 62N;27_4;EC waters of IIa) and IV;;;
North Sea and Eastern Arctic;Common scallop;Pecten maximus;ICES;;SCE;No TAC;4, 7d;27_4,27_7_D;;;;
North Sea and Eastern Arctic;Greater Forkbeard;Phycis blennoides;ICES;;GFB;-1234;4;27_4;EU and international waters of I-II,  III and IV;;;
North Sea and Eastern Arctic;Forkbeard;Phycis phycis;ICES;;FOR;No TAC;4;27_4;;;;
North Sea and Eastern Arctic;Flounder;Platichthys flesus;ICES;;FLE;2AC4-C;4;27_4;EC waters of IIa) and IV;;;
North Sea and Eastern Arctic;Plaice;Pleuronectes platessa;ICES;;PLE;03AN.;3aN;27_3_A_20;Skagerrak (Division IIIa), Kattegat (Division IIIa);;;
North Sea and Eastern Arctic;Plaice;Pleuronectes platessa;ICES;;PLE;03AS.;3aS;27_3_A_21;;;;
North Sea and Eastern Arctic;Plaice;Pleuronectes platessa;ICES;;PLE;2A3AX4,7DE.;4, 7d;27_4,27_7_D;IV,  EC waters of Iia,   that part of IIIa not covered by the Skagerrak and the Kattegat;;; 
North Sea and Eastern Arctic;Saithe;Pollachius virens;ICES;;POK;2C3A4;3a, 4;27_3_A,27_4;EU waters of IV and in IIIa;;;
North Sea and Eastern Arctic;Turbot;Scophthalmus maximus;ICES;;TUR;No TAC;3a, 4, 7d;27_3_A,27_4,27_7_D;EC waters of IIa) and IV;;;
North Sea and Eastern Arctic;Blonde ray;Raja brachyura;ICES;;RJH;04-C.,07D.;4a, 4c, 7d;27_4_A,27_4_C,27_7_D;;;;
North Sea and Eastern Arctic;Thornback ray;Raja clavata;ICES;;RJC;07D.,2AC4-C;3a, 4, 7d;27_3_A,27_4,27_7_D;;;;
North Sea and Eastern Arctic;Small-eyed ray;Raja microocellata;ICES;;RJE;07D.;7d;27_7_D;;;;
North Sea and Eastern Arctic;Spotted ray;Raja montagui;ICES;;RJM;07D.,03A-C.,2AC4-C;3a, 4, 7d;27_3_A,27_4,27_7_D;;;;
North Sea and Eastern Arctic;Undulate ray;Raja undulata;ICES;;RJU;07DE.;7d;27_7_D;;;;
North Sea and Eastern Arctic;All skates and rays;Rajidae;ICES;;SKA;No TAC;3a;27_3_A;to be coded as all other rays in the script;;;
North Sea and Eastern Arctic;Greenland halibut;Reinhardtius hippoglossoides;ICES;;GHL;2A-C46;4;27_4;EU waters of IIa and IV,   EU and international waters of Vb and VI;;;
North Sea and Eastern Arctic;Salmon;Salmo salar;ICES;;SAL;No TAC;3a, 4, 7d;27_3_A,27_4,27_7_D;;;;
North Sea and Eastern Arctic;Sea trout;Salmo trutta;ICES;;TRS;;3a, 4, 7d;27_3_A,27_4,27_7_D;;;;
North Sea and Eastern Arctic;Mackerel;Scomber scombrus;ICES;;MAC;2A34.;3a, 4, 7d;27_3_A,27_4,27_7_D;IVa) (1), IVb) (1),IVc) (1);;;
North Sea and Eastern Arctic;Brill;Scophthalmus rhombus;ICES;;BLL;2AC4-C;3a, 4, 7d;27_3_A,27_4,27_7_D;EC waters of IIa) and IV;;;
North Sea and Eastern Arctic;Lesser-spotted dogfish;Scyliorhinus canicula;ICES;;SYC;;3a, 4, 7d;27_3_A,27_4,27_7_D;;;;
North Sea and Eastern Arctic;Sole;Solea solea;ICES;;SOL;3ABC24;Union waters of 2a, 3a and 4;27_2_A,27_3_A,27_4;;;;
North Sea and Eastern Arctic;Sole;Solea solea;ICES;;SOL;07D.;7d;27_7_D;;;;
North Sea and Eastern Arctic;Sprat;Sprattus sprattus;ICES;;SPR;03A.,2AC4-C;Union waters of 2a, 3a and 4;27_2_A,27_3_A,27_4;IIIa);;;
North Sea and Eastern Arctic;Sprat;Sprattus sprattus;ICES;;SPR;7DE.;7d;27_7_D;VIId)e);;;
North Sea and Eastern Arctic;Picked dogfish;Squalus acanthias;ICES;;DGS;15X14;All areas;27_3_A,27_4,27_7_D;;;;
North Sea and Eastern Arctic;Horse mackerel;Trachurus trachurus;ICES;;JAX;4BC7D;Union waters of 4b, 4c and 7d;27_4_B,27_4_C,27_7_D;NEAFC Stock - catches not from the stock that is subject to NEAFC management mesures;;;
North Sea and Eastern Arctic;Tub gurnard;Trigla lucerna;ICES;;GUU;No TAC;4;27_4;;;;
North Sea and Eastern Arctic;Norway pout;Trisopterus esmarki;ICES;;NOP;2A3A4.;3a, 4;27_3_A,27_4;IIIa,   EU waters of IIa and IV, IIIa,  EC waters of IIa and IV;;;
North Sea and Eastern Arctic;John Dory;Zeus faber;ICES;;JOD;No TAC;4, 7d;27_4,27_7_D;;;;
North-East Atlantic;Queen scallop;Aequipecten opercularis;ICES;;QSC;No TAC;7;27_7;;;;
North-East Atlantic;Smoothhead;Alepocephalus bairdii;ICES;;ALC;No TAC;6, 12;27_6,27_12;;;;
North-East Atlantic;Sand eel;Ammodytidae;ICES;;SAN;No TAC;6a;27_6_A;??;;;
North-East Atlantic;European Eel;Anguilla anguilla;ICES;;ELE;No TAC;All areas;27_5,27_6,27_7_A,27_7_B,27_7_C,27_7_E,27_7_F,27_7_G,27_7_H,27_7_J,27_7_K,27_8,27_9,27_10,27_12,27_14;;;;
North-East Atlantic;Black scabbardfish;Aphanopus carbo;ICES;;BSF;56712-;5, 6, 7, 12;27_5,27_6,27_7,27_12;;;;
North-East Atlantic;Black scabbardfish;Aphanopus carbo;ICES;;BSF;8910-;9, 10, 13;27_9,27_10,27_13;;;;
North-East Atlantic;Deep water catsharks;Apristurus spp.;ICES;;API;;5, 6, 7, 8, 9, 10;27_5,27_6,27_8,27_9,27_10;;;;
North-East Atlantic;Greater silver smelt;Argentina silus;ICES;;ARU;567.;5, 6, 7;27_5,27_6,27_7;;;;
North-East Atlantic;Meagre;Argyrosomus regius;ICES;;MGR;No TAC;All areas;27_5,27_6,27_7_A,27_7_B,27_7_C,27_7_E,27_7_F,27_7_G,27_7_H,27_7_J,27_7_K,27_8,27_9,27_10,27_12,27_14;;;;
North-East Atlantic;Red gurnard;Aspitrigla cuculus;ICES;;GUR;No TAC;All areas;27_5,27_6,27_7_A,27_7_B,27_7_C,27_7_E,27_7_F,27_7_G,27_7_H,27_7_J,27_7_K,27_8,27_9,27_10,27_12,27_14;;;;
North-East Atlantic;Alfonsinos;Beryx spp;ICES;;ALF;3X14-;mars-14;27_5,27_6,27_7_A,27_7_B,27_7_C,27_7_E,27_7_F,27_7_G,27_7_H,27_7_J,27_7_K,27_8,27_9,27_10,27_11,27_12,27_14;;;;
North-East Atlantic;Tusk;Brosme brosme;ICES;;USK;567EI.;5, 6, 7;27_5,27_6,27_7;;;;
North-East Atlantic;Edible crab;Cancer pagurus;ICES;;CRE;No TAC;All areas;27_5,27_6,27_7_A,27_7_B,27_7_C,27_7_E,27_7_F,27_7_G,27_7_H,27_7_J,27_7_K,27_8,27_9,27_10,27_12,27_14;;;;
North-East Atlantic;Boarfish;Capros aper;ICES;;BOR;678-;6, 7, 8;27_6,27_7,27_8;EU and international waters of VI, VII and VIII;;;
North-East Atlantic;Gulper shark;Centrophorus spp.;ICES;;CWO;;5, 6, 7, 8, 9, 10;27_5,27_6,27_7_A,27_7_B,27_7_C,27_7_E,27_7_F,27_7_G,27_7_H,27_7_J,27_7_K,27_8,27_9,27_10;;;;
North-East Atlantic;Portuguese dogfish;Centroscymnus coelolepis;ICES;;CYO;No TAC;5, 6, 7, 8, 9, 10;27_5,27_6,27_7,27_8,27_9,27_10;;;;
North-East Atlantic;Longnose velvet dogfish;Centroscymnus crepidater;ICES;;CYP;;5, 6, 7, 8, 9, 10;27_5,27_6,27_7_A,27_7_B,27_7_C,27_7_E,27_7_F,27_7_G,27_7_H,27_7_J,27_7_K,27_8,27_9,27_10;;;;
North-East Atlantic;Black dogfish;Centroscyllium fabricii;ICES;;CFB;;5, 6, 7, 8, 9, 10;27_5,27_6,27_7_A,27_7_B,27_7_C,27_7_E,27_7_F,27_7_G,27_7_H,27_7_J,27_7_K,27_8,27_9,27_10;;;;
North-East Atlantic;Frilled shark;Chlamydoselachus anguineus;ICES;;HXC;;5, 6, 7, 8, 9, 10;27_5,27_6,27_7_A,27_7_B,27_7_C,27_7_E,27_7_F,27_7_G,27_7_H,27_7_J,27_7_K,27_8,27_9,27_10;;;;
North-East Atlantic;Herring;Clupea harengus;ICES;;HER;06ACL.;5a;27_5_A;;;;
North-East Atlantic;Herring;Clupea harengus;ICES;;HER;5B6ANB;5b, 6b;27_5_B,27_6_B;;;;
North-East Atlantic;Herring;Clupea harengus;ICES;;HER;07A/MM;7aN;27_7_A;;;;
North-East Atlantic;Herring;Clupea harengus;ICES;;HER;6AS7BC;6a, 7bc;27_6_A,27_7_B,27_7_C;;;;
North-East Atlantic;Herring;Clupea harengus;ICES;;HER;7G-K;7aS, 7gh, 7jk;27_7_A,27_7_G,27_7_H,27_7_J,27_7_K;;;;
North-East Atlantic;Conger;Conger conger;ICES;;COE;XDS;All areas;27_5,27_6,27_7_A,27_7_B,27_7_C,27_7_E,27_7_F,27_7_G,27_7_H,27_7_J,27_7_K,27_8,27_9,27_10,27_12,27_14;NEAFC Stock - Deep Sea Fisheries;;;
North-East Atlantic;Roundnose grenadier;Coryphaenoides rupestris;ICES;;RNG;5B67-;5b, 6, 7;27_5_B,27_6,27_7_A,27_7_B,27_7_C,27_7_E,27_7_F,27_7_G,27_7_H,27_7_J,27_7_K;to be confirmed;;;
North-East Atlantic;Roundnose grenadier;Coryphaenoides rupestris;ICES;;RNG;8X14-,514GRN;8, 9, 10, 12, 14;27_8,27_9,27_10,27_12,27_14;to be confirmed;;;
North-East Atlantic;Kitefin shark;Dalatias licha;ICES;;SCK;XDS;All areas;27_5,27_6,27_7_A,27_7_B,27_7_C,27_7_E,27_7_F,27_7_G,27_7_H,27_7_J,27_7_K,27_8,27_9,27_10,27_12,27_14;NEAFC Stock - Deep Sea Fisheries;;;
North-East Atlantic;Common stingray;Dasyatis pastinaca;ICES;;SRX;67AKXD,07D.,89-C.;7, 8;27_7,27_8;SRX = all rays;;;
North-East Atlantic;Birdbeak dogfish;Deania calcea;ICES;;DCA;XDS;5, 6, 7, 9, 10, 12;27_5,27_6,27_7_A,27_7_B,27_7_C,27_7_E,27_7_F,27_7_G,27_7_H,27_7_J,27_7_K,27_8,27_9,27_10,27_12;;;;
North-East Atlantic;Sea bass;Dicentrarchus labrax;ICES;;BSS;No TAC;All areas;27_5,27_6,27_7_A,27_7_B,27_7_C,27_7_E,27_7_F,27_7_G,27_7_H,27_7_J,27_7_K,27_8,27_9,27_10,27_12,27_14;;;;
North-East Atlantic;Wedge sole;Dicologlossa cuneata;ICES;;CET;No TAC;8c, 9;27_8_C,27_9;;;;
North-East Atlantic;Blue skate;Dipturus batis, Dipturis intermedius;ICES;;DRJ,RJB;;6, 7a, 7e-k;27_6,27_7_A,27_7_E,27_7_F,27_7_G,27_7_H,27_7_J,27_7_K;;;;
North-East Atlantic;Blue skate;Dipturus batis, Dipturis intermedius;ICES;;DRJ,RJB;;8, 9a;27_8_C,27_9_A;;;;
North-East Atlantic;Anchovy;Engraulis encrasicolus;ICES;;ANE;08.;8;27_8;;;;
North-East Atlantic;Anchovy;Engraulis encrasicolus;ICES;;ANE;9/3411;9, 10;27_9,27_10;;;;
North-East Atlantic;Great lanternshark;Etmopterus princeps;ICES;;ETR;;5, 6, 7, 8, 9, 10;27_5,27_6,27_7,27_8,27_9,27_10;;;;
North-East Atlantic;Velvet belly;Etmopterus spinax;ICES;;ETX;No TAC;6, 7, 8, 10;27_6,27_7_A,27_7_B,27_7_C,27_7_E,27_7_F,27_7_G,27_7_H,27_7_J,27_7_K,27_8,27_10;;;;
North-East Atlantic;Grey gurnard;Eutrigla gurnardus;ICES;;GUG;No TAC;7e;27_7_E;;;;
North-East Atlantic;Cod;Gadus morhua;ICES;;COD;05B-F.;5b;27_5_B;Faroe zone: Vb);;;
North-East Atlantic;Cod;Gadus morhua;ICES;;COD;5BE6A;6a;27_6_A;Via,   EU and international waters of Vb east of 12W;;;
North-East Atlantic;Cod;Gadus morhua;ICES;;COD;5W6-14;6b;27_6_B;Vib,   EU and international waters of Vb west of 12 W and of XII and XIV;;;
North-East Atlantic;Cod;Gadus morhua;ICES;;COD;07A.;7a;27_7_A;ICES division VIIa - Irish Sea;;;
North-East Atlantic;Cod;Gadus morhua;ICES;;COD;7XAD34;7b, 7c, 7e-k, 8, 9, 10;27_7_B,27_7_C,27_7_E,27_7_F,27_7_G,27_7_H,27_7_J,27_7_K,27_8,27_9,27_10;VII b-c, e-k, VIII, IX and X, EC waters of CECAF 34.1.1;;;
North-East Atlantic;Cod;Gadus morhua;ICES;;COD;5W6-14;5, 14;27_5,27_14;;;;
North-East Atlantic;Tope shark;Galeorhinus galeus;ICES;;GAG;No TAC;5-10, 12;27_5,27_6,27_7_A,27_7_B,27_7_C,27_7_E,27_7_F,27_7_G,27_7_H,27_7_J,27_7_K,27_8,27_9,27_10,27_12;;;;
North-East Atlantic;Black-mouthed dogfish;Galeus melastomus;ICES;;SHO;;6, 7;27_6,27_7_A,27_7_B,27_7_C,27_7_E,27_7_F,27_7_G,27_7_H,27_7_J,27_7_K;;;;
North-East Atlantic;Black-mouthed dogfish;Galeus melastomus;ICES;;SHO;;8, 9a;27_8,27_9_A;;;;
North-East Atlantic;Mouse catshark;Galeus murinus;ICES;;GAM;;5, 6, 7, 8, 9, 10;27_5,27_6,27_7_A,27_7_B,27_7_C,27_7_E,27_7_F,27_7_G,27_7_H,27_7_J,27_7_K,27_8,27_9,27_10;;;;
North-East Atlantic;Witch ;Glyptocephalus cynoglossus;ICES;;WIT;No TAC;6, 7;27_6,27_7_A,27_7_B,27_7_E,27_7_F,27_7_G,27_7_H,27_7_J,27_7_K;;;;
North-East Atlantic;Bluntnose sixgill shark;Hexanchus griseus;ICES;;SBL;No TAC;5, 6, 7, 8, 9, 10;27_5,27_6,27_7_A,27_7_B,27_7_C,27_7_E,27_7_F,27_7_G,27_7_H,27_7_J,27_7_K,27_8,27_9,27_10;;;;
North-East Atlantic;Bluemouth rockfish;Helicolenus dactylopterus;ICES;;BRF;No TAC;All areas;27_5,27_6,27_7_A,27_7_B,27_7_C,27_7_E,27_7_F,27_7_G,27_7_H,27_7_J,27_7_K,27_8,27_9,27_10,27_12,27_14;;;;
North-East Atlantic;Atlantic halibut;Hippoglossus hippoglossus;ICES;;HAL;514GRN;5, 14;27_5,27_14;;;;
North-East Atlantic;Lobster;Homarus gammarus;ICES;;LBE;No TAC;All areas;27_5,27_6,27_7_A,27_7_B,27_7_C,27_7_E,27_7_F,27_7_G,27_7_H,27_7_J,27_7_K,27_8,27_9,27_10,27_12,27_14;;;;
North-East Atlantic;Orange roughy;Hoplostethus atlanticus;ICES;;ORY;No TAC;All areas;27_5,27_6,27_7_A,27_7_B,27_7_C,27_7_E,27_7_F,27_7_G,27_7_H,27_7_J,27_7_K,27_8,27_9,27_10,27_12,27_14;;;;
North-East Atlantic;Silver scabbardfish;Lepidopus caudatus;ICES;;SFS;XDS;9a;27_9_A;NEAFC Stock - Deep Sea Fisheries;;;
North-East Atlantic;Four-spot megrim;Lepidorhombus boscii;ICES;;LEZ,LDB;8C3411;8c, 9a;27_8_C,27_9_A;VIIIc), IX, X,  COPACE 34.1.1 (1),   international waters of XII and XIV ;;;
North-East Atlantic;Megrim;Lepidorhombus whiffiagonis;ICES;;LEZ,MEG;56-14;6;27_6;VI,  EU and international waters of Vb;;;
North-East Atlantic;Megrim;Lepidorhombus whiffiagonis;ICES;;LEZ,MEG;07.,8ABDE.;7, 8abd;27_7_A,27_7_B,27_7_C,27_7_E,27_7_F,27_7_G,27_7_H,27_7_J,27_7_K,27_8_A,27_8_B;;;;
North-East Atlantic;Megrim;Lepidorhombus whiffiagonis;ICES;;LEZ,MEG;8C3411;8c, 9a;27_8_C,27_9_A;;;;
North-East Atlantic;Sandy ray;Leucoraja circularis;ICES;;RJI;67AKXD;6, 7;27_6,27_7_A,27_7_B,27_7_C,27_7_E,27_7_F,27_7_G,27_7_H,27_7_J,27_8,27_7_K;;Leucoraja circularis;;
North-East Atlantic;Shagreen ray;Leucoraja fullonica;ICES;;RJF;02B.;6, 7;27_6,27_7_A,27_7_B,27_7_C,27_7_E,27_7_F,27_7_G,27_7_H,27_7_J,27_7_K;;Leucoraja fullonica;;
North-East Atlantic;Cuckoo ray;Leucoraja naevus;ICES;;RJN;67AKXD;6, 7, 8ab;27_6,27_7_A,27_7_B,27_7_C,27_7_E,27_7_F,27_7_G,27_7_H,27_7_J,27_7_K,27_8_A,27_8_B;;;;
North-East Atlantic;Cuckoo ray;Leucoraja naevus;ICES;;RJN;89-C.;8c;27_8_C;;;;
North-East Atlantic;Cuckoo ray;Leucoraja naevus;ICES;;RJN;89-C.;9a;27_9_A;;;;
North-East Atlantic;Dab;Limanda limanda;ICES;;DAB;No TAC;7a, 7f-h;27_7_A,27_7_F,27_7_G,27_7_H;;;;
North-East Atlantic;Dab;Limanda limanda;ICES;;DAB;No TAC;7e;27_7_E;;;;
North-East Atlantic;Common squid;Loligo vulgaris;ICES;;SQR;No TAC;All areas;27_5,27_6,27_7_A,27_7_B,27_7_C,27_7_E,27_7_F,27_7_G,27_7_H,27_7_J,27_7_K,27_8_A,27_8_B,27_8_C,27_8_D,27_8_E,27_9_A,27_9_ B,27_10,27_12,27_14;;;;
North-East Atlantic;Black-bellied angler;Lophius budegassa;ICES;;ANF,MNZ;*56-14,56-14;6;27_6;;;;
North-East Atlantic;Black-bellied angler;Lophius budegassa;ICES;;ANF,MNZ;07.,8ABDE;7, 8abd;27_7_A,27_7_B,27_7_C,27_7_E,27_7_F,27_7_G,27_7_H,27_7_J,27_7_K,27_8_A,27_8_B,27_8_D;;;;
North-East Atlantic;Black-bellied angler;Lophius budegassa;ICES;;ANF,MNZ;8C3411;8c, 9a;27_8_C,27_9_A;;;;
North-East Atlantic;Anglerfish;Lophius piscatorius;ICES;;MON,MNZ;*56-14,56-14;6;27_6;;;;
North-East Atlantic;Anglerfish;Lophius piscatorius;ICES;;MON,MNZ;*56-14,56-14;5b, 12, 14;27_5_B,27_12,27_14;;;;
North-East Atlantic;Anglerfish;Lophius piscatorius;ICES;;MON,MNZ;07.,8ABDE;7, 8abd;27_7_B,27_7_C,27_7_E,27_7_F,27_7_G,27_7_H,27_7_J,27_7_K,27_8_A,27_8_B,27_8_D;;;;
North-East Atlantic;Anglerfish;Lophius piscatorius;ICES;;MON,MNZ;8C3411;8c, 9a;27_8_C,27_9_A;;;;
North-East Atlantic;Roughhead grenadier;Macrourus berglax;ICES;;RHG;8X14-,514GRN;8, 9, 10, 12, 14;27_8,27_9,27_10,27_12,27_14;;;;
North-East Atlantic;Spider crab;Maja brachydactyla;ICES;;JDV;No TAC;5, 6, 7;27_5,27_6,27_7;;;;
North-East Atlantic;Capelin;Mallotus villosus;ICES;;CAP;514GRN;14;27_14;Greenland zone: V & XIV;;;
North-East Atlantic;Haddock;Melanogrammus aeglefinus;ICES;;HAD;5BC6A.;5b, 6a;27_5_B, 27_6_A;Faroe zone: Vb);;;
North-East Atlantic;Haddock;Melanogrammus aeglefinus;ICES;;HAD;6B1214;6b, 12, 14;27_6_B,27_12,27_14;Ec and international waters of Vib),  XII and XIV;;;
North-East Atlantic;Haddock;Melanogrammus aeglefinus;ICES;;HAD;07A.;7a;27_7_A;ICES division VIIa - Irish Sea;;;
North-East Atlantic;Haddock;Melanogrammus aeglefinus;ICES;;HAD;7X7A34;7b-k, 8, 9, 10;27_7_B,27_7_C,27_7_E,27_7_F,27_7_G,27_7_H,27_7_J,27_7_K,27_8,27_9,27_10;VIIbcdefghjk, VII, IX, X, EC waters of CECAF 34.1.1;;;
North-East Atlantic;Whiting;Merlangius merlangus;ICES;;WHG;08.;8, 9, 10 ;27_8,27_9,27_10;;;;
North-East Atlantic;Whiting;Merlangius merlangus;ICES;;WHG;56-14;5b, 6, 12, 14;27_5_B,27_6,27_12,27_14;;;;
North-East Atlantic;Whiting;Merlangius merlangus;ICES;;WHG;07A.;7a;27_6_A;;;;
North-East Atlantic;Whiting;Merlangius merlangus;ICES;;WHG;7X7A-C;7b-k;27_7_B,27_7_C,27_7_E,27_7_F,27_7_G,27_7_H,27_7_J,27_7_K;;;;
North-East Atlantic;Hake;Merluccius merluccius;ICES;;HKE;571214;5b, 6, 7, 12, 14;27_5_B,27_6,27_7_A,27_7_B,27_7_C,27_7_E,27_7_F,27_7_G,27_7_H,27_7_J,27_7_K,27_12,27_14;VIIIabde, Vb (1), Vi, VII, XII, XIV;;;
North-East Atlantic;Hake;Merluccius merluccius;ICES;;HKE;8ABDE.;8abde;27_8_A,27_8_B,27_8_D,27_8_E;;;;
North-East Atlantic;Hake;Merluccius merluccius;ICES;;HKE;8C3411;8c, 9, 10;27_8_C,27_9,27_10;VIIIc), IX, X, COPACE 34.1.1 (1), internatina waters of XII and XIV;;;
North-East Atlantic;Wedge sole;Microchirus variegatus;ICES;;MKG;No TAC;All areas;27_5,27_6,27_7_A,27_7_B,27_7_C,27_7_E,27_7_F,27_7_G,27_7_H,27_7_J,27_7_K,27_8,27_9,27_10,27_12,27_14;;;;
North-East Atlantic;Blue whiting;Micromesistius poutassou;ICES;;WHB;1X14;1-9, 12, 14;27_1,27_2,27_3,27_4,27_5,27_6,27_7,27_8,27_9,27_12,27_14;ICES I-II, III, IV, V, VII, VIIIabde, XII and XIV (EC and international waters);;;
North-East Atlantic;Lemon sole;Microstomus kitt;ICES;;LEM;No TAC;All areas;27_5,27_6,27_7_A,27_7_B,27_7_C,27_7_E,27_7_F,27_7_G,27_7_H,27_7_J,27_7_K,27_8,27_9,27_10,27_12,27_14;;;;
North-East Atlantic;Blue ling;Molva dypterygia;ICES;;BLI;5B67-;5b, 6, 7;27_5_B,27_6,27_7_A,27_7_B,27_7_C,27_7_E,27_7_F,27_7_G,27_7_H,27_7_J,27_7_K;EU waters of Iia, IV, Vb, VI and VII;;;
North-East Atlantic;Blue ling;Molva dypterygia;ICES;;BLI;12INT-;12 international waters;27_12;EU waters of Iia, IV, Vb, VI and VII;;;
North-East Atlantic;Spanish ling;Molva macrophthalma;ICES;;SLI;No TAC;10;27_10;;;;
North-East Atlantic;Ling;Molva molva;ICES;;LIN;05EI.;5;27_5;VI, VII, VIII, IX, X, XII, XIV (1)(2);;;
North-East Atlantic;Ling;Molva molva;ICES;;LIN;6X14.;6-14;27_6,27_7_A,27_7_B,27_7_C,27_7_E,27_7_F,27_7_G,27_7_H,27_7_J,27_7_K,27_8,27_9,27_10,27_12,27_14;VI, VII, VIII, IX, X, XII, XIV (1)(2);;;
North-East Atlantic;Striped red mullet;Mullus surmuletus;ICES;;MUR;No TAC;All areas;27_5,27_6,27_7_A,27_7_B,27_7_C,27_7_E,27_7_F,27_7_G,27_7_H,27_7_J,27_7_K,27_8,27_9,27_10,27_12,27_14;;;;
North-East Atlantic;Starry smooth-hound;Mustelus asterias;ICES;;SDS;No TAC;6, 7, 8, 9;27_6,27_7_A,27_7_B,27_7_C,27_7_E,27_7_F,27_7_G,27_7_H,27_7_J,27_8,27_9,27_7_K,27_8,27_9;;;;
North-East Atlantic;Smooth-hound;Mustelus mustelus;ICES;;SMD;No TAC;6, 7, 8, 9;27_6,27_7_A,27_7_B,27_7_C,27_7_E,27_7_F,27_7_G,27_7_H,27_7_J,27_8,27_9,27_7_K,27_8,27_9;;;;
North-East Atlantic;Blackspotted smooth-hound;Mustelus punctulatus;ICES;;MPT;No TAC;6, 7, 8, 9;27_6,27_7_A,27_7_B,27_7_C,27_7_E,27_7_F,27_7_G,27_7_H,27_7_J,27_8,27_9,27_7_K,27_8,27_9;;;;
North-East Atlantic;Smooth-hound;Mustelus spp.;ICES;;SKH;No TAC;5-10, 12, 14;27_5,27_6,27_7_A,27_7_B,27_7_C,27_7_E,27_7_F,27_7_G,27_7_H,27_7_J,27_8,27_9,27_7_K,27_10,27_12,27_14;;;;
North-East Atlantic;Norway lobster;Nephrops norvegicus;ICES;;NEP;5BC6.;5b, 6;27_5_B,27_6;Vb) (1), VI;;;
North-East Atlantic;Norway lobster;Nephrops norvegicus;ICES;;NEP;07.;7;27_7_A,27_7_B,27_7_C,27_7_E,27_7_F,27_7_G,27_7_H,27_7_J,27_7_K;VII;;;
North-East Atlantic;Norway lobster;Nephrops norvegicus;ICES;;NEP;8ABDE.;8abde;27_8_A,27_8_B,27_8_D,27_8_E;VIIIabde;;;
North-East Atlantic;Norway lobster;Nephrops norvegicus;ICES;;NEP;08C.;8c;27_8_C;ICES division VIIIc - Bay of Biscay - South;;;
North-East Atlantic;Norway lobster;Nephrops norvegicus;ICES;;NEP;9/3411;9;27_9;Functional Units 26 and 27 of ICES division IXa;;;
North-East Atlantic;Common octopus;Octopus vulgaris;ICES;;OCC;No TAC;All areas;27_5,27_6,27_7_A,27_7_B,27_7_C,27_7_E,27_7_F,27_7_G,27_7_H,27_7_J,27_7_K,27_8_A,27_8_B,27_8_D,27_8_C,27_8_E,27_9_A,27_9_B,27_10,27_12,27_14;;;;
North-East Atlantic;Sailfin roughshark;Oxynotus paradoxus;ICES;;OXN;;5, 6, 7, 8, 9, 10;27_5,27_6,27_7_A,27_7_B,27_7_C,27_7_E,27_7_F,27_7_G,27_7_H,27_7_J,27_7_K,27_8,27_9,27_10;;;;
North-East Atlantic;Blackspot sea bream;Pagellus bogaraveo;ICES;;SBR;678-;6, 7, 8;27_6,27_7,27_8;;;;
North-East Atlantic;Blackspot sea bream;Pagellus bogaraveo;ICES;;SBR;09-;9;27_9;;;;
North-East Atlantic;Blackspot sea bream;Pagellus bogaraveo;ICES;;SBR;10-;10;27_10;;;;
North-East Atlantic;Northern shrimp;Pandalus borealis;ICES;;PRA;514GRN;5, 14;27_5,27_14;;;;
North-East Atlantic;Pandalid shrimps;Pandalus spp;ICES;;PAN;No TAC;5, 14;27_5,27_14;;;;
North-East Atlantic;Deepwater rose shrimp;Parapenaeus longirostris;ICES;;DPS;No TAC;9a;27_9_A;;;;
North-East Atlantic;Scallop;Pecten maximus;ICES;;SCE;No TAC;6, 7;27_6,27_7_E,27_7_A,27_7_B,27_7_C,27_7_F,27_7_G,27_7_H,27_7_J,27_7_K;;;;
North-East Atlantic;Greater Forkbeard;Phycis blennoides;ICES;;GFB;567-,89-,1012-;All areas;27_5,27_6,27_7_A,27_7_B,27_7_C,27_7_E,27_7_F,27_7_G,27_7_H,27_7_J,27_7_K,27_8,27_9,27_10,27_12,27_14;Should we add areas 1 II-III and IV? There also other TAC codes looking redundant;;;
North-East Atlantic;Forkbeard;Phycis phycis;ICES;;FOR;No TAC;All areas;27_5,27_6,27_7_A,27_7_B,27_7_C,27_7_E,27_7_F,27_7_G,27_7_H,27_7_J,27_7_K,27_8,27_9,27_10,27_12,27_14;;;;
North-East Atlantic;Plaice;Pleuronectes platessa;ICES;;PLE;56-14;5b, 6, 12, 14;27_5_B,27_6,27_12,27_14;;;;
North-East Atlantic;Plaice;Pleuronectes platessa;ICES;;PLE;07A.;7a;27_7_A;ICES division VIIa - Irish Sea;;;
North-East Atlantic;Plaice;Pleuronectes platessa;ICES;;PLE;7BC.;7bc;27_7_B,27_7_C;VIIbc ;;;
North-East Atlantic;Plaice;Pleuronectes platessa;ICES;;PLE;7DE.;7e;27_7_E;VIIde;;;
North-East Atlantic;Plaice;Pleuronectes platessa;ICES;;PLE;7FG.;7fg;27_7_F,27_7_G;VIIfg;;;
North-East Atlantic;Plaice;Pleuronectes platessa;ICES;;PLE;7HJK.;7h-k;27_7_H,27_7_J,27_7_K;VIIhjk;;;
North-East Atlantic;Plaice;Pleuronectes platessa;ICES;;PLE;8/3411;8, 9, 10;27_8,27_9,27_10;VIII, IX, X, COPACE 34.1.1 (1);;;
North-East Atlantic;Pollack;Pollachius pollachius;ICES;;POL;56-14;5b, 6, 12, 14;27_5_B,27_6,27_12,27_14;;;;
North-East Atlantic;Pollack;Pollachius pollachius;ICES;;POL;07.;7;27_7;;;;
North-East Atlantic;Pollack;Pollachius pollachius;ICES;;POL;8ABDE.;8abde;27_8_A,27_8_B,27_8_D,27_8_E;;;;
North-East Atlantic;Pollack;Pollachius pollachius;ICES;;POL;08C.;8c;27_8_C;;;;
North-East Atlantic;Pollack;Pollachius pollachius;ICES;;POL;9/3411;9, 10;27_9,27_10;;;;
North-East Atlantic;Saithe;Pollachius virens;ICES;;POK;56-14;5b, 6, 12, 14;27_5_B,27_6,27_12,27_14;;;;
North-East Atlantic;Saithe;Pollachius virens;ICES;;POK;7/3411;7, 8, 9, 10;27_7_E,27_7_F,27_7_G,27_7_H,27_7_J,27_7_K,27_8,27_9,27_10;VII, VIII, IX, X, COPACE 34.1.1(1);;;
North-East Atlantic;Wreckfish;Polyprion americanus;ICES;;WRF;;10;27_10;;;;
North-East Atlantic;Blonde ray;Raja brachyura;ICES;;RJH;67AKXD;4a, 6;27_4_A,27_6;;;;
North-East Atlantic;Blonde ray;Raja brachyura;ICES;;RJH;67AKXD;7a,7fg;27_7_A,27_7_F,27_7_G;;;;
North-East Atlantic;Blonde ray;Raja brachyura;ICES;;RJH;67AKXD;7e;27_7_E;;;;
North-East Atlantic;Blonde ray;Raja brachyura;ICES;;RJH;89-C.;9a;27_9_A;;;;
North-East Atlantic;Thornback ray;Raja clavata;ICES;;RJC;67AKXD;6;27_6;;;;
North-East Atlantic;Thornback ray;Raja clavata;ICES;;RJC;67AKXD;7a, 7fg;27_7_A,27_7_F,27_7_G;;;;
North-East Atlantic;Thornback ray;Raja clavata;ICES;;RJC;67AKXD;7e;27_7_E;;;;
North-East Atlantic;Thornback ray;Raja clavata;ICES;;RJC;89-C.;8;27_8;;;;
North-East Atlantic;Thornback ray;Raja clavata;ICES;;RJC;No TAC;9a;27_9_A;;;;
North-East Atlantic;Thornback ray;Raja clavata;ICES;;RJC;No TAC;10, 12;27_10,27_12;;;;
North-East Atlantic;Small-eyed ray;Raja microocellata;ICES;;RJE;07D.;7e;27_7_E;;;;
North-East Atlantic;Small-eyed ray;Raja microocellata;ICES;;RJE;7FG.;7fg;27_7_F,27_7_G;;;;
North-East Atlantic;Spotted ray;Raja montagui;ICES;;RJM;67AKXD;6, 7b, 7j;27_6,27_7_B,27_7_J;;;;
North-East Atlantic;Spotted ray;Raja montagui;ICES;;RJM;67AKXD;7a, 7e-h;27_7_A,,27_7_E,27_7_F,27_7_G,27_7_H;;;;
North-East Atlantic;Spotted ray;Raja montagui;ICES;;RJM;No TAC;8;27_8;;;;
North-East Atlantic;Spotted ray;Raja montagui;ICES;;RJM;No TAC;9a;27_9_A;;;;
North-East Atlantic;Undulate ray;Raja undulata;ICES;;RJU;No TAC;7b, 7j;27_7_B,27_7_J;;;;
North-East Atlantic;Undulate ray;Raja undulata;ICES;;RJU;07DE.;7e;27_7_E;;;;
North-East Atlantic;Undulate ray;Raja undulata;ICES;;RJU;8-C.;8ab;27_8_A,27_8_B;;;;
North-East Atlantic;Undulate ray;Raja undulata;ICES;;RJU;8-C.;8c;27_8_C;;;;
North-East Atlantic;Undulate ray;Raja undulata;ICES;;RJU;9-C.;9a;27_9_A;;;;
North-East Atlantic;Greenland halibut;Reinhardtius hippoglossoides;ICES;;GHL;5-14GL;5a, 14;27_5_A,27_14;Greenland zone: V & XIV;;;
North-East Atlantic;Greenland halibut;Reinhardtius hippoglossoides;ICES;;GHL;2A-C46;5b, 6;27_5_B,27_6;EU waters of IIa and VI. In VI;;;
North-East Atlantic;White skate;Raja alba;ICES;;RJA;No TAC;All areas;27_5,27_6,27_7_A,27_7_B,27_7_C,27_7_E,27_7_F,27_7_G,27_7_H,27_7_J,27_7_K,27_8,27_9,27_10,27_12,27_14;;Rostroraja alba;;
North-East Atlantic;Salmon;Salmo salar;ICES;;SAL;No TAC;All areas;27_5,27_6,27_7_A,27_7_B,27_7_C,27_7_E,27_7_F,27_7_G,27_7_H,27_7_J,27_7_K,27_8,27_9,27_10,27_12,27_14;;;;
North-East Atlantic;Sea trout;Salmo trutta;ICES;;TRS;;All areas;27_5,27_6,27_7_A,27_7_B,27_7_C,27_7_E,27_7_F,27_7_G,27_7_H,27_7_J,27_7_K,27_8,27_9,27_10,27_12,27_14;;;;
North-East Atlantic;Sardine;Sardina pilchardus;ICES;;PIL;No TAC;8abd;27_8_A,27_8_B,27_8_D;;;;
North-East Atlantic;Sardine;Sardina pilchardus;ICES;;PIL;No TAC;8c, 9a;27_8_C,27_9_A;;;;
North-East Atlantic;Spanish mackerel;Scomber colias;ICES;;VMA;No TAC;8, 9, 10;27_8,27_9,27_10;;;;
North-East Atlantic;Mackerel;Scomber scombrus;ICES;;MAC;2CX14-;5, 6, 7, 8, 9;27_5,27_6,27_7_A,27_7_B,27_7_C,27_7_E,27_7_F,27_7_G,27_7_H,27_7_J,27_7_K,27_8,27_9;VI, VII, VIIIabde, EC waters of Vb,  international waters of Iia, XII and XIV;;;
North-East Atlantic;Turbot;Scophthalmus maximus;ICES;;TUR;No TAC;All areas;27_5,27_6,27_7_A,27_7_B,27_7_C,27_7_E,27_7_F,27_7_G,27_7_H,27_7_J,27_7_K,27_8,27_9,27_10,27_12,27_14;;;;
North-East Atlantic;Brill;Scophthalmus rhombus;ICES;;BLL;No TAC;All areas;27_5,27_6,27_7_A,27_7_B,27_7_C,27_7_E,27_7_F,27_7_G,27_7_H,27_7_J,27_7_K,27_8,27_9,27_10,27_12,27_14;;;;
North-East Atlantic;Lesser-spotted dogfish;Scyliorhinus canicula;ICES;;SYC;;6, 7a-c, 7e-j;27_6,27_7_A,27_7_B,27_7_C,27_7_E,27_7_F,27_7_G,27_7_H,27_7_J;;;;
North-East Atlantic;Lesser-spotted dogfish;Scyliorhinus canicula;ICES;;SYC;;8abd;27_8_A,27_8_B,27_8_D;;;;
North-East Atlantic;Lesser-spotted dogfish;Scyliorhinus canicula;ICES;;SYC;;8c, 9a;27_8_C,27_9_A;;;;
North-East Atlantic;Greater spotted dogfish;Scyliorhinus stellaris;ICES;;SYT;;6, 7;27_6,27_7;;;;
North-East Atlantic;Knifetooth dogfish;Scymnodon ringenes;ICES;;SYR;No TAC;5, 6, 7, 8, 9, 10;27_5,27_6,27_7_A,27_7_B,27_7_C,27_7_E,27_7_F,27_7_G,27_7_H,27_7_J,27_7_K,27_8,27_9,27_10;;;;
North-East Atlantic;Beaked redfish;Sebastes mentella;ICES;;REB;No TAC;5, 12, 14 (shallow pelagic);27_5,27_12,27_14;;;;
North-East Atlantic;Beaked redfish;Sebastes mentella;ICES;;REB;No TAC;5, 12, 14 (deep pelagic);27_5,27_12,27_14;;;;
North-East Atlantic;Beaked redfish;Sebastes mentella;ICES;;REB;No TAC;5, 14 (demersal) ;27_5,27_12,27_14;;;;
North-East Atlantic;Golden Redfish;Sebastes norvegicus;ICES;;REG;XXX;5, 14;27_5,27_14;NEAFC Stock - catches not from the stock that is subject to NEAFC management mesures;;;
North-East Atlantic;Cuttlefish;Sepia officinalis;ICES;;CTC;No TAC;All areas;27_5,27_6,27_7_A,27_7_B,27_7_C,27_7_E,27_7_F,27_7_G,27_7_H,27_7_J,27_7_K,27_8,27_9,27_10,27_12,27_14;;;;
North-East Atlantic;Sole;Solea solea;ICES;;SOL;56-14;5b, 6, 12, 14;27_5_B,27_6,27_12,27_14;;;;
North-East Atlantic;Sole;Solea solea;ICES;;SOL;07A.;7a;27_7_A;;;;
North-East Atlantic;Sole;Solea solea;ICES;;SOL;7BC.;7bc;27_7_B,27_7_C;;;;
North-East Atlantic;Sole;Solea solea;ICES;;SOL;7E.;7e;27_7_E;;;;
North-East Atlantic;Sole;Solea solea;ICES;;SOL;7FG.;7fg;27_7_F,27_7_G;;;;
North-East Atlantic;Sole;Solea solea;ICES;;SOL;7HJK.;7hjk;27_7_H,27_7_J,27_7_K;;;;
North-East Atlantic;Sole;Solea solea;ICES;;SOL;8AB.;8ab;27_8_A,27_8_B;;;;
North-East Atlantic;Sole;Solea solea;ICES;;SOL;No TAC;8cde, 9, 10;27_8_C,27_8_D,27_8_E,27_9,27_10;;;;
North-East Atlantic;Greenland skark;Samniosus microcephalus;ICES;;GSK;;All areas;27_5,27_6,27_7_A,27_7_B,27_7_C,27_7_E,27_7_F,27_7_G,27_7_H,27_7_J,27_7_K,27_8,27_9,27_10,27_12,27_14;;;;
North-East Atlantic;Sea breams (in plural);Sparidae;ICES;;SBX;No TAC;All areas;27_5,27_6,27_7_A,27_7_B,27_7_C,27_7_E,27_7_F,27_7_G,27_7_H,27_7_J,27_7_K,27_8,27_9,27_10,27_12,27_14;;;;
North-East Atlantic;Picked dogfish;Squalus acanthias;ICES;;DGS;15X14;All areas;27_5,27_6,27_7_A,27_7_B,27_7_C,27_7_E,27_7_F,27_7_G,27_7_H,27_7_J,27_7_K,27_8,27_9,27_10,27_12,27_14;;;;
North-East Atlantic;Mediterranean horse mackerel;Trachurus mediterraneus;ICES;;HMM;No TAC;8, 9;27_8,27_9;;;;
North-East Atlantic;Blue jack mackerel;Trachurus picturatus;ICES;;JAX;08C.,09.,X34PRT;8, 9, 10;27_8,27_9,27_10;TAC = Jack + horse mackerel nei?;;;
North-East Atlantic;Horse mackerel;Trachurus trachurus;ICES;;JAX;2A-14;4a, 5b, 6a, 7a-c, 7e-k, 8;27_4_A,27_5_B,27_6_A,27_7_A,27_7_B,27_7_C,27_7_E,27_7_F,27_7_G,27_7_H,27_7_J,27_7_K,27_8;NEAFC Stock - catches not from the stock that is subject to NEAFC management mesures;;;
North-East Atlantic;Horse mackerel;Trachurus trachurus;ICES;;JAX;09.;9a;27_9_A;NEAFC Stock - catches not from the stock that is subject to NEAFC management mesures;;;
North-East Atlantic;Pouting;Trisopterus spp;ICES;;XOD;No TAC;All areas;27_5,27_6,27_7_A,27_7_B,27_7_C,27_7_E,27_7_F,27_7_G,27_7_H,27_7_J,27_7_K,27_8,27_9,27_10,27_12,27_14;;;;
North-East Atlantic;John Dory;Zeus faber;ICES;;JOD;No TAC;All areas;27_5,27_6,27_7_A,27_7_B,27_7_C,27_7_E,27_7_F,27_7_G,27_7_H,27_7_J,27_7_K,27_8,27_9,27_10,27_12,27_14;;;;
Mediterranean and Black Sea;Pontic shad;Alosa immaculata;GFCM;;SHC;No TAC;GSAs 28-29;37_4_1,37_4_2;;;;
Mediterranean and Black Sea;European Eel;Anguilla anguilla;GFCM;;ELE;No TAC;GSAs 1-27;37_1_1,37_1_2,37_1_3,37_2_1,37_2_2,37_3_1,37_3_2;;;;
Mediterranean and Black Sea;Transparent gobid;Aphia minuta;GFCM;;FIM;No TAC;GSAs 9, 10, 16, 19;37_1_3,37_2_2;;;;
Mediterranean and Black Sea;Giant red shrimp;Aristaeomorpha foliacea;GFCM;;ARS;No TAC;GSAs 1-16, 19-27;37_1_1,37_1_2,37_1_3,37_2_2,37_3_1,37_3_2;;;;
Mediterranean and Black Sea;Red shrimp;Aristeus antennatus;GFCM;;ARA;No TAC;GSAs 1-16, 19-27;37_1_1,37_1_2,37_1_3,37_2_2,37_3_1,37_3_2;;;;
Mediterranean and Black Sea;Sand smelt;Atherina spp;GFCM;;AVX;No TAC;GSAs 9, 10, 16, 19;37_1_3,37_2_2;;;;
Mediterranean and Black Sea;Bogue;Boops boops;GFCM;;BOG;No TAC;GSAs 1-27;37_1_1,37_1_2,37_1_3,37_2_1,37_2_2,37_3_1,37_3_2;;;;
Mediterranean and Black Sea;Blue crab;Callinectes sapidus;GFCM;;CRB;No TAC;GSAs 8-10, 11.2, 12-16, 18-21;37_1_3,37_2_2;;;;
Mediterranean and Black Sea;Striped Venus clam;Chamelea gallina;GFCM;;SVE;No TAC;GSAs 17-18;37_2_1;;;;
Mediterranean and Black Sea;Sardinia coral;Corallium rubrum;GFCM;;COL;No TAC;GSAs 1-27;37_1_1,37_1_2,37_1_3,37_2_1,37_2_2,37_3_1,37_3_2;;;;
Mediterranean and Black Sea;Dolphinfish;Coryphaena hippurus;GFCM;;DOL;No TAC;GSAs 12-27;37_2_2,37_3_1,37_3_2;;;;
Mediterranean and Black Sea;Sea bass;Dicentrarchus labrax;GFCM;;BSS;No TAC;GSAs 1-27;37_1_1,37_1_2,37_1_3,37_2_1,37_2_2,37_3_1,37_3_2;;;;
Mediterranean and Black Sea;Annular seabream;Diplodus annularis;GFCM;;ANN;No TAC;GSAs 12-16, 19-21;37_2_2;;;;
Mediterranean and Black Sea;Horned/curled octopus;Eledone cirrhosa;GFCM;;EOI;No TAC;GSAs 1-23;37_1_1,37_1_2,37_1_3,37_2_1,37_2_2,37_3_1;;;;
Mediterranean and Black Sea;Musky octopus;Eledone moschata;GFCM;;EDT;No TAC;GSAs 8-23;37_1_2,37_1_3,37_2_1,37_2_2,37_3_1;;;;
Mediterranean and Black Sea;Anchovy;Engraulis encrasicolus;GFCM;;ANE;No TAC;GSAs 1-29;37_1_1,37_1_2,37_1_3,37_2_1,37_2_2,37_3_1,37_3_2,37_4_1,37_4_2;;;;
Mediterranean and Black Sea;Grey gurnard;Eutrigla gurnardus;GFCM;;GUG;No TAC;GSAs 13-16, 18-23;37_2_2,37_3_1;;;;
Mediterranean and Black Sea;Blackmouth catshark;Galeus melastomus;GFCM;;SHO;No TAC;GSAs 1-11;37_1_1;;;;
Mediterranean and Black Sea;Squid;Illex spp, Todarodes spp;GFCM;;ILL;No TAC;GSAs 1-27;37_1_1,37_1_2,37_1_3,37_2_1,37_2_2,37_3_1,37_3_2;;;;
Mediterranean and Black Sea;Silver-cheeked toadfish;Lagocephalus sceleratus;GFCM;;LFZ;No TAC;GSAs 1-27;37_1_1,37_1_2,37_1_3,37_2_1,37_2_2,37_3_1,37_3_2;;;;
Mediterranean and Black Sea;Common squid;Loligo vulgaris;GFCM;;SQR;No TAC;GSAs 1-27;37_1_1,37_1_2,37_1_3,37_2_1,37_2_2,37_3_1,37_3_2;;;;
Mediterranean and Black Sea;Black-bellied angler;Lophius budegassa;GFCM;;ANF,MNZ;No TAC;GSAs 1-16, 19-23;37_1_1,37_1_2,37_1_3,37_2_2;;;;
Mediterranean and Black Sea;Anglerfish;Lophius piscatorius;GFCM;;MON,MNZ;No TAC;GSAs 1-16, 18-23;37_1_1,37_1_2,37_1_3,37_2_2;;;;
Mediterranean and Black Sea;Whiting;Merlangius merlangus;GFCM;;WHG;No TAC;GSAs 28-29;37_4_1,37_4_2;;;;
Mediterranean and Black Sea;Hake;Merluccius merluccius;GFCM;;HKE;No TAC;GSAs 1-27;37_1_1,37_1_2,37_1_3,37_2_1,37_2_2,37_3_1,37_3_2;;;;
Mediterranean and Black Sea;Blue whiting;Micromesistius poutassou;GFCM;;WHB;No TAC;GSAs 1-11, 22-23;37_1_1,37_3_1;;;;
Mediterranean and Black Sea;Grey mullets;Mugilidae;GFCM;;MGS;No TAC;GSAs 8-10, 11.2, 12-23;37_1_3,37_2_1,37_2_2,37_3_1;;;;
Mediterranean and Black Sea;Red mullet;Mullus barbatus;GFCM;;MUT;No TAC;GSAs 1-29;37_1_1,37_1_2,37_1_3,37_2_1,37_2_2,37_3_1,37_3_2,37_4_1,37_4_2;;;;
Mediterranean and Black Sea;Striped red mullet;Mullus surmuletus;GFCM;;MUR;No TAC;GSAs 1-16, 19-27;37_1_1,37_1_2,37_1_3,37_2_1,37_2_2;;;;
Mediterranean and Black Sea;Norway lobster;Nephrops norvegicus;GFCM;;NEP;No TAC;GSAs 1-21;37_1_1,37_1_2,37_1_3,37_2_1,37_2_2;;;;
Mediterranean and Black Sea;Common octopus;Octopus vulgaris;GFCM;;OCC;No TAC;GSAs 1-27;37_1_1,37_1_2,37_1_3,37_2_1,37_2_2,37_3_1,37_3_2;;;;
Mediterranean and Black Sea;Blackspot seabream;Pagellus bogaraveo;GFCM;;SBR;No TAC;GSAs 1-11;37_1_1;;;;
Mediterranean and Black Sea;Common pandora;Pagellus erythrinus;GFCM;;PAC;No TAC;GSAs 1-27;37_1_1,37_1_2,37_1_3,37_2_1,37_2_2,37_3_1,37_3_2;;;;
Mediterranean and Black Sea;Caramote prawn;Penaeus kerathurus;GFCM;;TGS;No TAC;GSAs 22-23;37_3_1;;;;
Mediterranean and Black Sea;Deepwater rose shrimp;Parapenaeus longirostris;GFCM;;DPS;No TAC;GSAs 1-27;37_1_1,37_1_2,37_1_3,37_2_1,37_2_2,37_3_1,37_3_2;;;;
Mediterranean and Black Sea;Blue crab;Portunus segnis;GFCM;;QSO;No TAC;GSAs 8-10, 11.2, 12-16, 18-21;37_1_3,37_2_2;;;;
Mediterranean and Black Sea;Devil firefish;Pterois miles;GFCM;;UHQ;No TAC;GSAs 1-27;37_1_1,37_1_2,37_1_3,37_2_1,37_2_2,37_3_1,37_3_2;;;;
Mediterranean and Black Sea;Mediterranean starry ray;Raja asterias;GFCM;;JRS;No TAC;GSAs 1-11;37_1_1;;;;
Mediterranean and Black Sea;Thornback ray;Raja clavata;GFCM;;RJC;No TAC;GSAs 1-16, 19-21;37_1_1,37_1_2,37_1_3,37_2_2;;;;
Mediterranean and Black Sea;Rapa whelk;Rapana venosa;GFCM;;RPW;No TAC;GSAs 28-29;37_4_1,37_4_2;;;;
Mediterranean and Black Sea;Sardine;Sardina pilchardus;GFCM;;PIL;No TAC;GSAs 1-27;37_1_1,37_1_2,37_1_3,37_2_1,37_2_2,37_3_1,37_3_2;;;;
Mediterranean and Black Sea;Round sardinella;Sardinella aurita;GFCM;;SAA;No TAC;GSAs 1-16, 19-27;37_1_1,37_1_2,37_1_3,37_2_1,37_2_2;;;;
Mediterranean and Black Sea;Lizardfish;Saurida lessepsianus;GFCM;;SZX;No TAC;GSAs 22-27;37_3_1,37_3_2;;;;
Mediterranean and Black Sea;Brushtooth lizardfish;Saurida undosquamis;GFCM;;LIB;No TAC;GSAs 22-27;37_3_1,37_3_2;;;;
Mediterranean and Black Sea;Turbot;Scophthalmus maximus;GFCM;;TUR;F3742C;GSAs 28-29;37_4_1,37_4_2;Black Sea (Division 37.4.2) - EU waters;;;
Mediterranean and Black Sea;Atlantic chub mackerel;Scomber colias;GFCM;;VMA;;GSAs 1-11, 22-27;37_1_1,37_3_1,37_3_2;;;;
Mediterranean and Black Sea;Mackerel;Scomber scombrus;GFCM;;MAC;No TAC;GSAs 1-16, 19-21;37_1_1,37_1_2,37_1_3,37_2_2;;;;
Mediterranean and Black Sea;All commercial sharks, rays and skates;Selachii, Rajidae;GFCM;;;;GSAs 1-29;37_1_1,37_1_2,37_1_3,37_2_1,37_2_2,37_3_1,37_3_2,37_4_1,37_4_2;;;;
Mediterranean and Black Sea;Cuttlefish;Sepia officinalis;GFCM;;CTC;No TAC;GSAs 1-21;37_1_1,37_1_2,37_1_3,37_2_1,37_2_2;;;;
Mediterranean and Black Sea;Dusky spinefoot;Siganus luridus;GFCM;;IGU;;GSAs 22-27;37_3_1,37_3_2;;;;
Mediterranean and Black Sea;Marbled spinefoot;Siganus rivulatus;GFCM;;SRI;;GSAs 22-27;37_3_1,37_3_2;;;;
Mediterranean and Black Sea;Sole;Solea solea (Solea vulgaris);GFCM;;SOL;No TAC;GSAs 17-18, 22-27;37_2_1,37_3_1,37_3_2;;;;
Mediterranean and Black Sea;Gilthead sea bream;Sparus aurata;GFCM;;SBG;No TAC;GSAs 7, 22-23;37_1_1,37_3_1;;;;
Mediterranean and Black Sea;European barracuda;Sphyraena sphyraena;GFCM;;YRS;;GSAs 12-16, 19-21;37_2_2;;;;
Mediterranean and Black Sea;Picarels;Spicara smaris;GFCM;;SPC;No TAC;GSAs 17-18, 22-27;37_2_1,37_3_1,37_3_2;;;;
Mediterranean and Black Sea;European sprat;Sprattus sprattus;GFCM;;SPR;F3742C;GSAs 28-29;37_4_1,37_4_2;;;;
Mediterranean and Black Sea;Picked dogfish;Squalus acanthias;GFCM;;DGS;No TAC;GSAs 28-29;37_4_1,37_4_2;;;;
Mediterranean and Black Sea;Mantis shrimp;Squilla mantis;GFCM;;MTS;No TAC;GSAs 17-18;37_2_2;;;;
Mediterranean and Black Sea;Mediterranean horse mackerel;Trachurus mediterraneus;GFCM;;HMM;No TAC;GSAs 1-29;37_1_1,37_1_2,37_1_3,37_2_1,37_2_2,37_3_1,37_3_2,37_4_1,37_4_2;;;;
Mediterranean and Black Sea;Blue jack mackerel;Trachurus picturatus;GFCM;;JAA;;GSAs 1-11;37_1_1;;;;
Mediterranean and Black Sea;Atlantic horse mackerel;Trachurus trachurus;GFCM;;HOM;No TAC;GSAs 1-29;37_1_1,37_1_2,37_1_3,37_2_1,37_2_2,37_3_1,37_3_2,37_4_1,37_4_2;;;;
Mediterranean and Black Sea;Poor cod;Trisopterus minutus;GFCM;;POD;No TAC;GSAs 1-29;37_1_1,37_1_2,37_1_3,37_2_1,37_2_2,37_3_1,37_3_2,37_4_1,37_4_2;;;;
Mediterranean and Black Sea;Clam;Veneridae;GFCM;;CLV;No TAC;GSAs 6, 13-21;37_1_1,37_2_2;;;;
Outermost regions;Limpets;Patellidae;;;LPZ;No TAC;Azores EEZ, Canary/Madeira EEZ;27_10,34_1_2;;;;
Outermost regions;Sardine;Sardina pilchardus;;;PIL;No TAC;Azores EEZ, Canary/Madeira EEZ;27_10,34_1_2;;;;
Outermost regions;Sardinella;Sardinella aurita;;;SAA;;Canary/Madeira EEZ;34_1_2;;;;
Outermost regions;Sardinella;Sardinella maderensis;;;SAE;No TAC;Azores EEZ;27_10;;;;
Outermost regions;Parrotfish;Sparisoma cretense;;;PRR;No TAC;Azores EEZ, Canary/Madeira EEZ;27_10,34_1_2;;;;
Outermost regions;Softhead sea catfish;Amphiarius rugispinis;;;AWR;;French Guiana EEZ;31;;;;
Outermost regions;Kumakuma;Brachyplatystoma filamentosum;;;BPF;;French Guiana EEZ;31;;;;
Outermost regions;Crevalle jack;Caranx hippos;;;CVJ;;French Guiana EEZ;31;;;;
Outermost regions;Snooks;Centropomus spp;;;ROB;No TAC;French Guiana EEZ;31;;;;
Outermost regions;Acoupa weakfish;Cynoscion acoupa;;;YNA;No TAC;French Guiana EEZ;31;;;;
Outermost regions;Smalltooth weakfish;Cynoscion steindachneri;;;WKB;No TAC;French Guiana EEZ;31;;;;
Outermost regions;Green weakfish;Cynoscion virescens;;;YNV;No TAC;French Guiana EEZ;31;;;;
Outermost regions;Atlantic goliath grouper;Epinephelus itajara;;;EET;;French Guiana EEZ;31;;;;
Outermost regions;Torroto grunt;Genyatremus luteus;;;GEU;No TAC;French Guiana EEZ;31;;;;
Outermost regions;Tripletail;Lobotes surinamensis;;;LOB;No TAC;French Guiana EEZ;31;;;;
Outermost regions;Houndsharks, smoothhounds nei;Lutjanus purpureus;;;SNC,SNA;No TAC;French Guiana EEZ;31;;;;
Outermost regions;King weakfish;Macrodon ancylodon;;;WKK;;French Guiana EEZ;31;;;;
Outermost regions;Tarpon;Megalops atlanticus;;;TAR;;French Guiana EEZ;31;;;;
Outermost regions;Penaeus shrimp;Penaeus subtilis;;;PEN;FGU.;French Guiana EEZ;31;;;;
Outermost regions;South American silver croaker;Plagioscion squamosissimus;;;LGQ;;French Guiana EEZ;31;;;;
Outermost regions;Gillbacker sea catfish;Sciades parkeri;;;AWP;No TAC;French Guiana EEZ;31;;;;
Outermost regions;Crucifix sea catfish;Sciades proops;;;AXP;No TAC;French Guiana EEZ;31;;;;
Outermost regions;Seerfishes nei;Scomberomorus spp.;;;KGX;No TAC;French Guiana EEZ;31;;;;
Outermost regions;Honeycomb cowfish;Acanthostracion polygonius;;;BXF;No TAC;Guadeloupe and Martinique EEZ;31;;;;
Outermost regions;Scrawled cowfish;Acanthostracion quadricornis;;;BXF;No TAC;Guadeloupe and Martinique EEZ;31;;;;
Outermost regions;Ocean surgeon;Acanthurus bahianus;;;SUR;No TAC;Guadeloupe and Martinique EEZ;31;;;;
Outermost regions;Doctorfish;Acanthurus chirurgus;;;SUR;No TAC;Guadeloupe and Martinique EEZ;31;;;;
Outermost regions;Scribbled leatherjac. Filefish;aluterus scriptus;;;FFX;No TAC;Guadeloupe and Martinique EEZ;31;;;;
Outermost regions;Black margate;Anisotremus surinamensis;;;HNU;No TAC;Guadeloupe and Martinique EEZ;31;;;;
Outermost regions;Batoid fishes nei;Batoidimorpha (Hypotremata);;;BAI;No TAC;Guadeloupe and Martinique EEZ;31;;;;
Outermost regions;Queen triggerfish;Balistes vetula;;;TRI;No TAC;Guadeloupe and Martinique EEZ;31;;;;
Outermost regions;Jolthead porgy;Calamus bajonado;;;CBD;No TAC;Guadeloupe and Martinique EEZ;31;;;;
Outermost regions;American whitespotted filefish;Cantherhines macrocerus;;;FFX;No TAC;Guadeloupe and Martinique EEZ;31;;;;
Outermost regions;Ocean triggerfish;Canthidermis sufflamen;;;TRI;No TAC;Guadeloupe and Martinique EEZ;31;;;;
Outermost regions;Yellow jack;Caranx bartholomaei;;;CGX;No TAC;Guadeloupe and Martinique EEZ;31;;;;
Outermost regions;Horse-eye jack;Caranx latus;;;CGX;No TAC;Guadeloupe and Martinique EEZ;31;;;;
Outermost regions;Bar jack;Caranx ruber;;;CGX;No TAC;Guadeloupe and Martinique EEZ;31;;;;
Outermost regions;Graysby;Cephalopholis cruentata;;;CFL,USB;No TAC;Guadeloupe and Martinique EEZ;31;;;;
Outermost regions;Coney;Cephalopholis fulva;;;CFJ,USB;No TAC;Guadeloupe and Martinique EEZ;31;;;;
Outermost regions;Rock hind;Epinephelus adscensionis;;;GPX;No TAC;Guadeloupe and Martinique EEZ;31;;;;
Outermost regions;Red hind;Epinephelus guttatus;;;GPX;No TAC;Guadeloupe and Martinique EEZ;31;;;;
Outermost regions;Nassau grouper;Epinephelus striatus;;;GPN;No TAC;Guadeloupe and Martinique EEZ;31;;;;
Outermost regions;Queen snapper;Etelis oculatus;;;EEO;No TAC;Guadeloupe and Martinique EEZ;31;;;;
Outermost regions;Caesar grunt;Haemulon carbonarium;;;HLC,GRX;No TAC;Guadeloupe and Martinique EEZ;31;;;;
Outermost regions;French grunt;Haemulon flavolineatum;;;HLV,GRX;No TAC;Guadeloupe and Martinique EEZ;31;;;;
Outermost regions;Sailor's grunt;Haemulon parra;;;HLP,GRX;No TAC;Guadeloupe and Martinique EEZ;31;;;;
Outermost regions;White grunt;Haemulon plumierii;;;HLI,GRX;No TAC;Guadeloupe and Martinique EEZ;31;;;;
Outermost regions;Bluestriped grunt;Haemulon sciurus;;;HHI,GRX;No TAC;Guadeloupe and Martinique EEZ;31;;;;
Outermost regions;Mutton snapper;Lutjanus analis;;;LJN,SNA;No TAC;Guadeloupe and Martinique EEZ;31;;;;
Outermost regions;Schoolmaster snapper;Lutjanus apodus;;;LJP,SNA;No TAC;Guadeloupe and Martinique EEZ;31;;;;
Outermost regions;Dog snapper;Lutjanus jocu;;;LJJ,SNA;No TAC;Guadeloupe and Martinique EEZ;31;;;;
Outermost regions;Silk snapper;Lutjanus vivanus;;;LTJ,SNA;No TAC;Guadeloupe and Martinique EEZ;31;;;;
Outermost regions;Yellow goatfish;Mulloidichthys martinicus;;;YMZ;No TAC;Guadeloupe and Martinique EEZ;31;;;;
Outermost regions;Yellowtail snapper;Ocyurus chrysurus;;;SNY;No TAC;Guadeloupe and Martinique EEZ;31;;;;
Outermost regions;Green spiny lobster;Panulirus argus;;;SLC;No TAC;Guadeloupe and Martinique EEZ;31;;;;
Outermost regions;Spotted spiny lobster;Panulirus guttatus;;;NLG;No TAC;Guadeloupe and Martinique EEZ;31;;;;
Outermost regions;Keeltail needlefish;Platybelone argalus;;;PTA;No TAC;Guadeloupe and Martinique EEZ;31;;;;
Outermost regions;Atlantic bigeye;Priacanthus arenatus;;;PQR;No TAC;Guadeloupe and Martinique EEZ;31;;;;
Outermost regions;Spotted goatfish;Pseudupeneus maculatus;;;UDU,MUX;No TAC;Guadeloupe and Martinique EEZ;31;;;;
Outermost regions;Lion fish;Pterois volitans;;;PZO;No TAC;Guadeloupe and Martinique EEZ;31;;;;
Outermost regions;Various sharks nei;Selachimorpha (Pleurotremata);;;SKH;No TAC;Guadeloupe and Martinique EEZ;31;;;;
Outermost regions;Redband parrotfish;Sparisoma aurofrenatum;;;RMF,PWT;No TAC;Guadeloupe and Martinique EEZ;31;;;;
Outermost regions;Redtail parrotfish;Sparisoma chrysopterum;;;RSY,PWT;No TAC;Guadeloupe and Martinique EEZ;31;;;;
Outermost regions;Redfin parrotfish;Sparisoma rubripinne;;;QZV,PWT;No TAC;Guadeloupe and Martinique EEZ;31;;;;
Outermost regions;Queen conch;Strombus gigas;;;COO,CON;No TAC;Guadeloupe and Martinique EEZ;31;;;;
Outermost regions;Green jobfish;Aprion virescens;;;AVR;No TAC;Mayotte and La Runion EEZ;51;;;;
Outermost regions;Bluefin trevally;Caranx melampygus;;;NXM;No TAC;Mayotte and La Runion EEZ;51;;;;
Outermost regions;Yellow-edge lyretail;Variola louti;;;VRL;No TAC;Mayotte and La Runion EEZ;51;;;;
Outermost regions;Rusty jobfish;Aphareus rutilans;;;ARQ;No TAC;La Runion EEZ;51;;;;
Outermost regions;Golden hind;Cephalopholis aurantia;;;CFZ;No TAC;La Runion EEZ;51;;;;
Outermost regions;Blacktip grouper;Epinephelus fasciatus;;;GPX;No TAC;La Runion EEZ;51;;;;
Outermost regions;Oblique-banded grouper;Epinephelus radiatus;;;GPX;No TAC;La Runion EEZ;51;;;;
Outermost regions;Deep water red snapper;Etelis carbunculus;;;ETA;No TAC;La Runion EEZ;51;;;;
Outermost regions;Deep water longtail red snapper;Etelis coruscans;;;SNA;No TAC;La Runion EEZ;51;;;;
Outermost regions;Brilliant pomfret;Eumegistus illustris;;;EBS;No TAC;La Runion EEZ;51;;;;
Outermost regions;Spotcheek emperor;Lethrinus rubrioperculatus;;;EMP;No TAC;La Runion EEZ;51;;;;
Outermost regions;Common bluestrip snapper;Lutjanus kasmira;;;LVK;No TAC;La Runion EEZ;51;;;;
Outermost regions;Bluestrip snapper;Lutjanus notatus;;;LVK;No TAC;La Runion EEZ;51;;;;
Outermost regions;Ornate jobfish;Pristipomoides argyrogrammicus;;;LRY;No TAC;La Runion EEZ;51;;;;
Outermost regions;Goldbanded jobfish;Pristipomoides multidens;;;SNA;No TAC;La Runion EEZ;51;;;;
Outermost regions;Bigeye scad;Selar crumenophthalmus;;;BIS;No TAC;La Runion EEZ;51;;;;
Outermost regions;Amber jacks;Seriola riviolana;;;CGX;No TAC;La Runion EEZ;51;;;;
Outermost regions;White-edge lyretail;Variola albimarginata;;;VRA;No TAC;La Runion EEZ;51;;;;
Other regions;Thorny skate;Amblyraja radiata;NAFO;;RJR;;3LNOPs;21_3_L,21_3_N,21_3_0,21_3_P_S;;;;
Other regions;Deep water catsharks;Apristurus spp.;NAFO;;API;;SA1-6;21_1,21_2,21_3,21_4,21_5,12_6;;;;
Other regions;Alfonsinos;Beryx spp.;NAFO;;ALF;;6G;21_6_G;;;;
Other regions;Roundnose Grenadier;Coryphaenoides rupestris;NAFO;;RNG;No TAC;SA1-3;21_1,_21_2,21_3;;;;
Other regions;Gulper shark;Centrophorus spp.;NAFO;;CWO;;SA1-6;21_1,21_2,21_3,21_4,21_5,12_6;;;;
Other regions;Portuguese dogfish;Centroscymnus coelolepis;NAFO;;CYO;;SA1-6;21_1,21_2,21_3,21_4,21_5,12_6;;;;
Other regions;Longnose velvet dogfish;Centroscymnus crepidater;NAFO;;CYP;;SA1-6;21_1,21_2,21_3,21_4,21_5,12_6;;;;
Other regions;Black dogfish;Centroscyllium fabricii;NAFO;;CFB;;SA1-6;21_1,21_2,21_3,21_4,21_5,12_6;;;;
Other regions;Frilled shark;Chlamydoselachus anguineus;NAFO;;HXC;;SA1-6;21_1,21_2,21_3,21_4,21_5,12_6;;;;
Other regions;Kitefin shark;Dalatias licha;NAFO;;SCK;;SA1-6;21_1,21_2,21_3,21_4,21_5,12_6;;;;
Other regions;Birdbeak dogfish;Deania calcea;NAFO;;DCA;;SA1-6;21_1,21_2,21_3,21_4,21_5,12_6;;;;
Other regions;Great lanternshark;Etmopterus princeps;NAFO;;ETR;;SA1-6;21_1,21_2,21_3,21_4,21_5,12_6;;;;
Other regions;Velvet belly;Etmopterus spinax;NAFO;;ETX;;SA1-6;21_1,21_2,21_3,21_4,21_5,12_6;;;;
Other regions;Cod;Gadus morhua;NAFO;;COD;N3M.;3M;21_3_M;;;;
Other regions;Cod;Gadus morhua;NAFO;;COD;N3NO.;3NO;21_3_N,21_3_O;;;;
Other regions;Cod;Gadus morhua;NAFO;;COD;no TAC;3Ps;21_3_P_S;;;;
Other regions;Cod;Gadus morhua;NAFO;;COD;N1GL14;SA1;21_1;;;;
Other regions;Mouse catshark;Galeus murinus;NAFO;;GAM;;SA1-6;21_1,21_2,21_3,21_4,21_5,12_6;;;;
Other regions;Witch flounder;Glyptocephalus cynoglossus;NAFO;;WIT;N3NO.;3NO;21_3_N,21_3_O;;;;
Other regions;Witch flounder;Glyptocephalus cynoglossus;NAFO;;WIT;N3L.;2J3KL;21_2_J,21_3_K,21_3_L;;;;
Other regions;Bluntnose sixgill shark;Hexanchus griseus;NAFO;;SBL;;SA1-6;21_1,21_2,21_3,21_4,21_5,12_6;;;;
Other regions;American plaice;Hippoglossoides platessoides;NAFO;;PLA;N3LNO.;3LNO;21_3_L,21_3_N,21_3_O;;;;
Other regions;American plaice;Hippoglossoides platessoides;NAFO;;PLA;N3M.;3M;21_3_M;;;;
Other regions;Shortfin squid;Illex illecebrosus;NAFO;;SQI;N34.;SA3-4;21_3,21_4;;;;
Other regions;Yellowtail flounder;Limanda ferruginea;NAFO;;YEL;N3LNO.;3LNO;21_3_L,21_3_N,21_3_O;;;;
Other regions;Roughhead grenadier;Macrourus berglax;NAFO;;RHG;N1GRN.;SA1-3;21_1,21_2,21_3;;;;
Other regions;Capelin;Mallotus villosus;NAFO;;CAP;N3NO.;3NO;21_3_N,21_3_O;;;;
Other regions;Sailfin roughshark (Sharpback shark);Oxynotus paradoxus;NAFO;;OXN;;SA1-6;21_1,21_2,21_3,21_4,21_5,12_6;;;;
Other regions;Northern shrimp;Pandalus borealis;NAFO;;PRA;N1GRM.;SA1;21_1;;;;
Other regions;Northern shrimp;Pandalus borealis;NAFO;;PRA;N3LNO.;3LNO;21_3_L,21_3_N,21_3_O;;;;
Other regions;Northern shrimp;Pandalus borealis;NAFO;;PRA;*N3M.;3M;21_3_M;;;;
Other regions;Greenland halibut;Reinhardtius hippoglossoides;NAFO;;GHL;N3LMNO;3KLMNO;21_3_K,21_3_L,21_3_M,21_3_N,21_3_O;;;;
Other regions;Greenland halibut;Reinhardtius hippoglossoides;NAFO;;GHL;N1GRN.;SA1;21_1;;;;
Other regions;Salmon;Salmo salar;NAFO;;SAL;No TAC;NAFO S1 + 1CES Sub- area 14, NEAFC, NASCO;21_1,27_14;;;;
Other regions;Knifetooth dogfish;Scymnodon ringenes;NAFO;;SYR;;SA1-6;21_1,21_2,21_3,21_4,21_5,12_6;;;;
Other regions;Beaked redfish;Sebastes mentella;NAFO;;REB;No TAC;SA1;21_1;;;;
Other regions;Redfish;Sebastes spp;NAFO;;RED;N3LN.;3LN;21_3_L,21_3_N;;;;
Other regions;Redfish;Sebastes spp;NAFO;;RED;N3M.;3M;21_3_M;;;;
Other regions;Redfish;Sebastes spp;NAFO;;RED;N3O.;3O;21_3_O;;;;
Other regions;Greenland shark;Somniosus microcephalus;NAFO;;GSK;;SA1-6;21_1,21_2,21_3,21_4,21_5,12_6;;;;
Other regions;White hake;Urophycis tenuis;NAFO;;HKW;N3NO.;3NO;21_3_N,21_3_O;;;;
Other regions;Black scabbardfish;Aphanopus carbo;CECAF;;BSF;C3412-;All areas;34;;;;
Other regions;Intermediate scabbardfish;Aphanopus intermedius;CECAF;;APH;;All areas;34;;;;
Other regions;Deep water catsharks;Apristurus spp.;CECAF;;API;;34.1.1, 34.1.2, 34.2;34_1_1,34_1_2,34_2;;;;
Other regions;Striped red shrimp;Aristeus varidens;CECAF;;ARV;;All areas;34;;;;
Other regions;Grunt;Brachydeuterus spp;CECAF;;HWX;No TAC;All areas;34;;;;
Other regions;Atlantic pomfret;Brama brama;CECAF;;POA;;All areas;34;;;;
Other regions;Jack;Caranx spp;CECAF;;TRE;No TAC;34.3.1, 34.3.3-6;34_3_1,34_3_3,34_3_4,34_3_5,34_3_6;;;;
Other regions;Gulper shark;Centrophorus spp.;CECAF;;CWO;;34.1.1, 34.1.2, 34.2;34_1_1,34_1_2,34_2;;;;
Other regions;Portuguese dogfish;Centroscymnus coelolepis;CECAF;;CYO;;34.1.1, 34.1.2, 34.2;34_1_1,34_1_2,34_2;;;;
Other regions;Longnose velvet dogfish;Centroscymnus crepidater;CECAF;;CYP;;34.1.1, 34.1.2, 34.2;34_1_1,34_1_2,34_2;;;;
Other regions;Black dogfish;Centroscyllium fabricii;CECAF;;CFB;;34.1.1, 34.1.2, 34.2;34_1_1,34_1_2,34_2;;;;
Other regions;Frilled shark;Chlamydoselachus anguineus;CECAF;;HXC;;34.1.1, 34.1.2, 34.2;34_1_1,34_1_2,34_2;;;;
Other regions;Tongue sole;Cynoglossus spp;CECAF;;YOX;No TAC;All areas;34;;;;
Other regions;Kitefin shark;Dalatias licha;CECAF;;SCK;;34.1.1, 34.1.2, 34.2;34_1_1,34_1_2,34_2;;;;
Other regions;Birdbeak dogfish;Deania calcea;CECAF;;DCA;;34.1.1, 34.1.2, 34.2;34_1_1,34_1_2,34_2;;;;
Other regions;Scad;Decapterus spp;CECAF;;SDX;No TAC;34.3.1, 34.3.3-6;34_3_1,34_3_3,34_3_4,34_3_5,34_3_6;;;;
Other regions;Large-eye dentex;Dentex macrophthalmus;CECAF;;DEL;No TAC;All areas;34;;;;
Other regions;Anchovy;Engraulis encrasicolus;CECAF;;ANE;No TAC;All areas;34;;;;
Other regions;White grouper;Epinephelus aeneus;CECAF;;GPW;No TAC;34.1.3, 34.3.1, 34.3.3-6;34_1_3,34_3_1,34_3_3,34_3_4,34_3_5,34_3_6;;;;
Other regions;Bonga shad;Ethmalosa fimbriata;CECAF;;BOA;No TAC;34.3.1, 34.3.3-6;34_3_1,34_3_3,34_3_4,34_3_5,34_3_6;;;;
Other regions;Great lanternshark;Etmopterus princeps;CECAF;;ETR;;34.1.1, 34.1.2, 34.2;34_1_1,34_1_2,34_2;;;;
Other regions;Velvet belly;Etmopterus spinax;CECAF;;ETX;;34.1.1, 34.1.2, 34.2;34_1_1,34_1_2,34_2;;;;
Other regions;Southern pink shrimp;Farfantepenaeus notialis;CECAF;;SOP;No TAC;All areas;34;;;;
Other regions;Lesser African threadfin;Galeoides decadactylus;CECAF;;GAL;No TAC;34.1.3, 34.3.1, 34.3.3-6;34_1_3,34_3_1,34_3_3,34_3_4,34_3_5,34_3_6;;;;
Other regions;Mouse catshark;Galeus murinus;CECAF;;GAM;;34.1.1, 34.1.2, 34.2;34_1_1,34_1_2,34_2;;;;
Other regions;Bluntnose sixgill shark;Hexanchus griseus;CECAF;;SBL;;34.1.1, 34.1.2, 34.2;34_1_1,34_1_2,34_2;;;;
Other regions;Common squid;Loligo vulgaris;CECAF;;SQR;No TAC;All areas;34;;;;
Other regions;Benguela hake;Merluccius polli;CECAF;;HKB;No TAC;All areas;34;;;;
Other regions;Senegalese hake;Merluccius senegalensis;CECAF;;HKM;No TAC;All areas;34;;;;
Other regions;Common octopus;Octopus vulgaris;CECAF;;OCC;No TAC;All areas;34;;;;
Other regions;Sailfin roughshark (Sharpback shark);Oxynotus paradoxus;CECAF;;OXN;;34.1.1, 34.1.2, 34.2;34_1_1,34_1_2,34_2;;;;
Other regions;axillary sea bream;Pagellus acarne;CECAF;;SBA;No TAC;34.1.1;34_1_1;;;;
Other regions;Red pandora;Pagellus bellottii;CECAF;;PAR;No TAC;All areas;34;;;;
Other regions;Blue spotted sea bream;Pagrus caeruleostictus;CECAF;;BSC;No TAC;All areas;34;;;;
Other regions;Deepwater rose shrimp;Parapenaeus longirostris;CECAF;;DPS;No TAC;All areas;34;;;;
Other regions;Grunt;Pomadasys spp;CECAF;;BGX;No TAC;All areas;34;;;;
Other regions;West African croakers;Pseudotolithus spp;CECAF;;CKW;No TAC;34.1.1;34_1_1;;;;
Other regions;Sardine;Sardina pilchardus;CECAF;;PIL;No TAC;34.1.1, 34.1.3;34_1_1,34_1_3;;;;
Other regions;Round sardinella;Sardinella aurita;CECAF;;SAA;No TAC;All areas;34;;;;
Other regions;Short-body sardinella;Sardinella maderensis;CECAF;;SAE;No TAC;All areas;34;;;;
Other regions;Chub mackerel;Scomber colias;CECAF;;VMA;No TAC;All areas;34;;;;
Other regions;Knifetooth dogfish;Scymnodon ringenes;CECAF;;SYR;;34.1.1, 34.1.2, 34.2;34_1_1,34_1_2,34_2;;;;
Other regions;Cuttlefish;Sepia hierredda;CECAF;;CVT;No TAC;All areas;34;;;;
Other regions;Common cuttlefish;Sepia officinalis;CECAF;;CTC;No TAC;All areas;34;;;;
Other regions;Sea bream;Sparus spp;CECAF;;SBX;No TAC;34.1.1;34_1_1;;;;
Other regions;Horse mackerel;Trachurus spp.;CECAF;;JAX;No TAC;All areas;34;;;;
Other regions;Jack mackerel;Trachurus murphyi;SPRFMO;;CJM;SPRFMO;All areas;81.870000000000005;;;;
Other regions;Wahoo;Acanthocybium solandri;ICCAT;;WAH;No TAC;All areas;21,31,27,34,37;;;;
Other regions;Bigeye thresher shark;Alopias superciliosus;ICCAT;;BTH;;All areas;21,31,27,34,37;;;;
Other regions;Common thresher shark;Alopias vulpinus;ICCAT;;ALV;;All areas;21,31,27,34,37;;;;
Other regions;Bullet tuna;Auxis rochei;ICCAT;;BLT;No TAC;All areas;21,31,27,34,37;;;;
Other regions;Frigate tuna;Auxis thazard;ICCAT;;FRZ;No TAC;All areas;21,31,27,34,37;;;;
Other regions;Silky shark;Carcharhinus falciformis;ICCAT;;FAL;;All areas;21,31,27,34,37;;;;
Other regions;Oceanic whitetip shark;Carcharhinus longimanus;ICCAT;;OCS;;All areas;21,31,27,34,37;;;;
Other regions;Requiem sharks;Carcharhinus spp.;ICCAT;;CWZ;;All areas;21,31,27,34,37;;;;
Other regions;Dolphinfish;Coryphaena hippurus;ICCAT;;DOL;No TAC;All areas;21,31,27,34,37;;;;
Other regions;Atlantic black skipjack;Euthynnus alletteratus;ICCAT;;LTA;No TAC;All areas;21,31,27,34,37;;;;
Other regions;Sailfish;Istiophorus albicans;ICCAT;;SAI;AE45W,AW45W;All areas;21,31,27,34,37;;;;
Other regions;Shortfin mako;Isurus oxyrinchus;ICCAT;;SMA;;All areas;21,31,27,34,37;;;;
Other regions;Longfin mako shark;Isurus paucus;ICCAT;;LMA;;All areas;21,31,27,34,37;;;;
Other regions;White marlin;Kajikia albida;ICCAT;;WHM;ATLANT;All areas;21,31,27,34,37;;;;
Other regions;Skipjack tuna;Katsuwonus pelamis;ICCAT;;SKJ;No TAC;All areas;21,31,27,34,37;;;;
Other regions;Porbeagle;Lamna nasus;ICCAT;;POR;;All areas;21,31,27,34,37;;;;
Other regions;Blue marlin;Makaira nigricans (or mazara);ICCAT;;BUM;ATLANT;All areas;21,31,27,34,37;;;;
Other regions;Mobulidae-manta rays;Mobula spp.;ICCAT;;RMV;;All areas;21,31,27,34,37;;;;
Other regions;Plain bonito;Orcynopsis unicolor;ICCAT;;BOP;No TAC;All areas;21,31,27,34,37;;;;
Other regions;Blue shark;Prionace glauca;ICCAT;;BSH;AN05N, AS05N;All areas;21,31,27,34,37;;;;
Other regions;Whale shark;Rhincodon typus;ICCAT;;RHN;;All areas;21,31,27,34,37;;;;
Other regions;Atlantic bonito;Sarda sarda;ICCAT;;BON;No TAC;All areas;21,31,27,34,37;;;;
Other regions;Serra Spanish mackerel;Scomberomorus brasiliensis;ICCAT;;BRS;No TAC;All areas;21,31,27,34,37;;;;
Other regions;King mackerel;Scomberomorus cavalla;ICCAT;;KGM;No TAC;All areas;21,31,27,34,37;;;;
Other regions;Atlantic Spanish mackerel;Scomberomorus maculatus;ICCAT;;SSM;No TAC;All areas;21,31,27,34,37;;;;
Other regions;Cero;Scomberomorus regalis;ICCAT;;CER;No TAC;All areas;21,31,27,34,37;;;;
Other regions;West African Spanish mackerel;Scomberomorus tritor;ICCAT;;MAW;No TAC;All areas;21,31,27,34,37;;;;
Other regions;Scalopped hammerhead shark;Sphyrna lewini;ICCAT;;SPL;;All areas;21,31,27,34,37;;;;
Other regions;Great hammerhead shark;Sphyrna mokarran;ICCAT;;SPK;;All areas;21,31,27,34,37;;;;
Other regions;Smooth hammerhead shark;Sphyrna zygaena;ICCAT;;SPZ;;All areas;21,31,27,34,37;;;;
Other regions;Mediterranean spearfish;Tetrapturus belone;ICCAT;;MSP;;All areas;21,31,27,34,37;;;;
Other regions;Roundscale spearfish;Tetrapturus georgii;ICCAT;;RSP;;All areas;21,31,27,34,37;;;;
Other regions;Longbill spearfish;Tetrapturus pfluegeri;ICCAT;;SPF;;All areas;21,31,27,34,37;;;;
Other regions;Albacore tuna;Thunnus alalunga;ICCAT;;ALB;AS05N,AN05N;All areas;31, 34, 41, 47;;;;
Other regions;Yellowfin tuna;Thunnus albacares;ICCAT;;YFT;ATLANT;All areas;21,27, 37;;;;
Other regions;Blackfin tuna;Thunnus atlanticus;ICCAT;;BLF;No TAC;All areas;21,31,27,34,37;;;;
Other regions;Bigeye tuna;Thunnus obesus;ICCAT;;BET;ATLLL,ATLPS,ATLANT;All areas;21,31,27,34,37;;;;
Other regions;Bluefin tuna;Thunnus thynnus;ICCAT;;BFT;*641,*643,*8301,*8302,'*8303F,AE45WM,AVARCH;All areas;31,27,34,37,47;;;;
Other regions;Swordfish;Xiphias gladius;ICCAT;;SWO;AN05N,AS05N,MED;All areas;21,31,27,34,37;;;;
Other regions;Wahoo;Acanthocybium solandri;IOTC;;WAH;;All areas;51.57;;;;
Other regions;Pelagic thresher shark;Alopias pelagicus;IOTC;;PTH;No TAC;All areas;51.57;;;;
Other regions;Bigeye thresher shark;Alopias superciliosus;IOTC;;BTH;No TAC;All areas;51.57;;;;
Other regions;Bullet tuna;Auxis rochei;IOTC;;BLT;No TAC;All areas;51.57;;;;
Other regions;Frigate tuna;Auxis thazard;IOTC;;FRZ;No TAC;All areas;51.57;;;;
Other regions;Silky shark;Carcharhinus falciformis;IOTC;;FAL;No TAC;All areas;51.57;;;;
Other regions;Oceanic whitetip shark;Carcharhinus longimanus;IOTC;;OCS;No TAC;All areas;51.57;;;;
Other regions;Requiem sharks;Carcharhinus spp.;IOTC;;CWZ;;All areas;51.57;;;;
Other regions;Dolphinfish;Coryphaena hippurus;IOTC;;DOL;No TAC;All areas;51.57;;;;
Other regions;Kawakawa;Euthynnus affinis;IOTC;;KAW;No TAC;All areas;51.57;;;;
Other regions;Black marlin;Istiompax indica;IOTC;;BLM;No TAC;All areas;51.57;;;;
Other regions;Indo-Pacific sailfish;Istiophorus platypterus;IOTC;;SFA;No TAC;All areas;51.57;;;;
Other regions;Shortfin mako;Isurus oxyrinchus;IOTC;;SMA;;All areas;51.57;;;;
Other regions;Longfin mako shark;Isurus paucus;IOTC;;LMA;;All areas;51.57;;;;
Other regions;Skipjack tuna;Katsuwonus pelamis;IOTC;;SKJ;No TAC;All areas;51.57;;;;
Other regions;Porbeagle;Lamna nasus;IOTC;;POR;;All areas;51.57;;;;
Other regions;Blue marlin;Makaira nigricans (or mazara);IOTC;;BUM;No TAC;All areas;51.57;;;;
Other regions;Mobulidae-manta rays;Mobula spp.;IOTC;;RMV;;All areas;51.57;;;;
Other regions;Blue shark;Prionace glauca;IOTC;;BSH;No TAC;All areas;51.57;;;;
Other regions;Whale shark;Rhincodon typus;IOTC;;RHN;;All areas;51.57;;;;
Other regions;Indo-Pacific king mackerel;Scomberomorus guttatus;IOTC;;GUT;No TAC;All areas;51.57;;;;
Other regions;Narrow-barred Spanish mackerel;Scomberomorus commerson;IOTC;;COM;No TAC;All areas;51.57;;;;
Other regions;Longtail tuna;Thunnus tonggol;IOTC;;LOT;No TAC;All areas;51.57;;;;
Other regions;Scalloped hammerhead shark;Sphyrna lewini;IOTC;;SPL;No TAC;All areas;51.57;;;;
Other regions;Great hammerhead shark;Sphyrna mokarran;IOTC;;SPK;;All areas;51.57;;;;
Other regions;Smooth hammerhead shark;Sphyrna zygaena;IOTC;;SPZ;;All areas;51.57;;;;
Other regions;Striped marlin;Tetrapturus audax;IOTC;;MLS;No TAC;All areas;51.57;;;;
Other regions;Shortbill spearfish;Tetrapturus angustirostris;IOTC;;SSP;;All areas;51.57;;;;
Other regions;Albacore tuna;Thunnus alalunga;IOTC;;ALB;No TAC;All areas;51.57;;;;
Other regions;Yellowfin tuna;Thunnus albacares;IOTC;;YFT;IOTC;All areas;51.57;;;;
Other regions;Bigeye tuna;Thunnus obesus;IOTC;;BET;No TAC;All areas;51.57;;;;
Other regions;Swordfish;Xiphias gladius;IOTC;;SWO;No TAC;All areas;51.57;;;;
Other regions;Pelagic thresher;Alopias pelagicus;WCPFC;;PTH;No TAC;All areas;71;;;;
Other regions;big eye thresher;Alopias superciliosus;WCPFC;;BTH;No TAC;All areas;71;;;;
Other regions;Common thresher;Alopias vulpinus;WCPFC;;ALV;No TAC;All areas;71;;;;
Other regions;Silky shark;Carcharhinus falciformis;WCPFC;;FAL;No TAC;All areas;71;;;;
Other regions;Oceanic whitetip shark;Carcharhinus longimanus;WCPFC;;OCS;No TAC;All areas;71;;;;
Other regions;Black marlin;Istiompax indica;WCPFC;;BLM;No TAC;All areas;71;;;;
Other regions;Shortfin mako shark;Isurus oxyrinchus;WCPFC;;SMA;;All areas;71;;;;
Other regions;Longfin mako shark;Isurus paucus;WCPFC;;LMA;;All areas;71;;;;
Other regions;Skipjack tuna;Katsuwonus pelamis;WCPFC;;SKJ;No TAC;All areas;71;;;;
Other regions;Porbeagle;Lamna nasus;WCPFC;;POR;;All areas;71;;;;
Other regions;Blue marlin;Makaira nigricans (or mazara);WCPFC;;BUM;No TAC;All areas;71;;;;
Other regions;Blue shark;Prionace glauca;WCPFC;;BSH;No TAC;All areas;71;;;;
Other regions;Whale shark;Rhincodon typus;WCPFC;;RHN;;All areas;71;;;;
Other regions;Scalopped hammerhead shark;Sphyrna lewini;WCPFC;;SPL;;All areas;71;;;;
Other regions;Great hammerhead shark;Sphyrna mokarran;WCPFC;;SPK;;All areas;71;;;;
Other regions;Smooth hammerhead shark;Sphyrna zygaena;WCPFC;;SPZ;;All areas;71;;;;
Other regions;Striped marlin;Tetrapturus audax;WCPFC;;MLS;No TAC;All areas;71;;;;
Other regions;Albacore tuna;Thunnus alalunga;WCPFC;;ALB;No TAC;All areas;71;;;;
Other regions;Yellowfin tuna;Thunnus albacares;WCPFC;;YFT;No TAC;All areas;71;;;;
Other regions;Bigeye tuna;Thunnus obesus;WCPFC;;BET;F7120S;All areas;71;;;;
Other regions;Pacific bluefin tuna;Thunnus orientalis;WCPFC;;PBF;No TAC;All areas;71;;;;
Other regions;Swordfish;Xiphias gladius;WCPFC;;SWO;F7120S;All areas;71;;;;
Other regions;Mobulidae-manta rays;Mobula spp.;WCPFC;;RMV;;All areas;71;;;;
Other regions;Silky shark;Carcharhinus falciformis;IATTC;;FAL;;All areas;77, 87;;;;
Other regions;Oceanic whitetip shark;Carcharhinus longimanus;IATTC;;OCS;;All areas;77, 87;;;;
Other regions;Black marlin;Istiompax indica;IATTC;;BLM;No TAC;All areas;77, 87;;;;
Other regions;Mako sharks;Isurus spp;IATTC;;MAK;;All areas;77, 87;;;;
Other regions;Skipjack tuna;Katsuwonus pelamis;IATTC;;SKJ;No TAC;All areas;77, 87;;;;
Other regions;Porbeagle;Lamna nasus;IATTC;;POR;;All areas;77, 87;;;;
Other regions;Blue marlin;Makaira nigricans (or mazara);IATTC;;BUM;No TAC;All areas;77, 87;;;;
Other regions;Whale shark;Rhincodon typus;IATTC;;RHN;;All areas;77, 87;;;;
Other regions;Scalopped hammerhead shark;Sphyrna lewini;IATTC;;SPL;;All areas;77, 87;;;;
Other regions;Great hammerhead shark;Sphyrna mokarran;IATTC;;SPK;;All areas;77, 87;;;;
Other regions;Smooth hammerhead shark;Sphyrna zygaena;IATTC;;SPZ;;All areas;77, 87;;;;
Other regions;Striped marlin;Tetrapturus audax;IATTC;;MLS;No TAC;All areas;77, 87;;;;
Other regions;Albacore tuna;Thunnus alalunga;IATTC;;ALB;No TAC;All areas;77, 87;;;;
Other regions;Yellowfin tuna;Thunnus albacares;IATTC;;YFT;No TAC;All areas;77, 87;;;;
Other regions;Bigeye tuna;Thunnus obesus;IATTC;;BET;IATTC;All areas;77, 87;;;;
Other regions;Pacific bluefin tuna;Thunnus orientalis;IATTC;;PBF;No TAC;All areas;77, 87;;;;
Other regions;Swordfish;Xiphias gladius;IATTC;;SWO;No TAC;All areas;77, 87;;;;
Other regions;Mobulidae-manta rays;Mobula spp.;IATTC;;RMV;;All areas;77, 87;;;;
Other regions;Acoupa weakfish;Cynoscion acoupa;WECAFC;;YNA;;Northern Brazil shelf;31;;;;
Other regions;Red hind;Epinephelus guttatus;WECAFC;;EEU;;All areas;31;;;;
Other regions;Southern brown shrimp;Farfantepenaeus subtilis;WECAFC;;PNU;;Northern Brazil shelf;31;;;;
Other regions;Flying fish;Hirundichthys affinis;WECAFC;;FFV;;All areas;31;;;;
Other regions;Queen conch;Lobatus gigas;WECAFC;;COO;;All areas;31;;;;
Other regions;Blackfin snapper;Lutjanus buccanella;WECAFC;;LJU;No TAC;All areas;31;;;;
Other regions;Red snapper;Lutjanus campechanus;WECAFC;;SNR;No TAC;All areas;31;;;;
Other regions;Southern red snapper;Lutjanus purpureus;WECAFC;;SNC;;Northern Brazil shelf;31;;;;
Other regions;Silk snapper;Lutjanus vivanus;WECAFC;;LTJ;;All areas;31;;;;
Other regions;Caribbean spiny lobster;Panulirus argus;WECAFC;;SLC,SNA;;All areas;31;;;;
Other regions;Alfonsinos;Beryx spp;SEAFO;;ALF;*F47NA, SEAFO;All areas;47;;;;
Other regions;Red/Golden crabs;Chaceon spp;SEAFO;;GER;No TAC;All areas;47;;;;
Other regions;Patagonian toothfish;Dissostichus eleginoides;SEAFO;;TOP;F47-D,F47D;All areas;47;;;;
Other regions;Blackbelly rosefishes;Helicolenus spp;SEAFO;;ROK;No TAC;All areas;47;;;;
Other regions;Orange roughy;Hoplostethus atlanticus;SEAFO;;ORY;F47NAM;All areas;47;;;;
Other regions;Pelagic armourhead/ Southern boarfish;Pseudopentaceros richardsoni;SEAFO;;EDR;No TAC;All areas;47;;;;
Other regions;Mackerel;Scomber spp;SEAFO;;MAZ;No TAC;All areas;47;;;;
Other regions;Horse mackerel;Trachurus spp;SEAFO;;JAX;No TAC;All areas;47;;;;
Other regions;Alfonsinos;Beryx spp.;CCAMLR;;ALF;;All areas;48, 58, 88;;;;
Other regions;Icefish;Champsocephalus gunnari;CCAMLR;;ANI;;All areas;48, 58, 88;;;;
Other regions;Toothfish;Dissostichus spp Dissostichus eleginoides and Dissostichus mawsoni);CCAMLR;;TOT;F517*dc,F574WR;All areas;48, 58, 88;;;;
Other regions;Krill;Euphausia superba;CCAMLR;;KRI;No TAC;All areas;48, 58, 88;;;;
Other regions;Orange roughy;Hoplostethus atlanticus;CCAMLR;;ORY;No TAC;All areas;48, 58, 88;;;;
Other regions;Rockcod;Lepidonotothen spp.;CCAMLR;;NOX;;All areas;48, 58, 88;;;;
Other regions;Grenadier;Macrourus spp.;CCAMLR;;GRV;;All areas;48, 58, 88;;;;
Other regions;Skates and rays;Rajiformes;CCAMLR;;SKX;;All areas;48, 58, 88;;;;
Other regions;Deep sea sharks;All species;CCAMLR;;API;;All areas;48, 58, 88;;;;
