"SpeciesAphiaID";"Species";"SpeciesDesc";"Family";"Order";"Class"
125946;"Trachurus";"Horse mackerel. WoRMS 125946";"Carangidae";"Carangiformes";"Actinopteri"
127023;"Scomber scombrus";"Atlantic mackerel";"Scombridae";"Scombriformes";"Actinopteri"
126421;"Sardina pilchardus";"European pilchard(=Sardine)";"Clupeidae";"Clupeiformes";"Actinopteri"
126422;"Sardinella aurita";"Spanish sardine";"Clupeidae";"Clupeiformes";"Actinopteri"
127022;"Scomber japonicus";"Chub mackerel";"Scombridae";"Scombriformes";"Actinopteri"
126823;"Trachurus trecae";"Cunene horse mackerel";"Carangidae";"Carangiformes";"Actinopteri"
273962;"Dentex dentex";"Common dentex";"Sparidae";"Eupercaria incertae sedis";"Actinopteri"
126426;"Engraulis encrasicolus";"European anchovy";"Engraulidae";"Clupeiformes";"Actinopteri"
127018;"Katsuwonus pelamis";"Skipjack tuna";"Scombridae";"Scombriformes";"Actinopteri"
125546;"Mugilidae";"Mullets";"Mugilidae";"Mugiliformes";"Actinopteri"
126945;"Parapristipoma octolineatum";"Parapristipoma octolineatum";"Haemulidae";"Eupercaria incertae sedis";"Actinopteri"
127021;"Sarda sarda";"Atlantic bonito";"Scombridae";"Scombriformes";"Actinopteri"
125564;"Sparidae";"porgies. WoRMS AphiaID 125564";"Sparidae";"Eupercaria incertae sedis";"Actinopteri"
125617;"Zeidae";"St. Peter fish (Zeidae)";"Zeidae";"Zeiformes";"Actinopteri"
126484;"Merluccius merluccius";"European hake";"Merlucciidae";"Gadiformes";"Actinopteri"
125721;"Sardinella";"Sardinella sp.";"Clupeidae";"Clupeiformes";"Actinopteri"
126064;"Scomberomorus";"Scomberomorus sp.";"Scombridae";"Scombriformes";"Actinopteri"
125571;"Trichiuridae";"Cutlassfishes (Trichiuridae)";"Trichiuridae";"Scombriformes";"Actinopteri"
273303;"Trachurus murphyi";"Pacific horse Mackerel";"Carangidae";"Carangiformes";"Actinopteri"
126175;"Sebastes";"Redfish. WoRMS 126175";"Sebastidae";"Perciformes";"Actinopteri"
126783;"Brama brama";"Atlantic pomfret";"Bramidae";"Scombriformes";"Actinopteri"
125700;"Beryx";"Alfonsinos. WoRMS 125700";"Berycidae";"Beryciformes";"Actinopteri"
126810;"Lichia amia";"Leerfish";"Carangidae";"Carangiformes";"Actinopteri"
151482;"Pomatomus saltatrix";"Bluefish";"Pomatomidae";"Scombriformes";"Actinopteri"
159483;"Chloroscombrus chrysurus";"Atlantic bumper";"Carangidae";"Carangiformes";"Actinopteri"
126075;"Dentex";"Dentex";"Sparidae";"Eupercaria incertae sedis";"Actinopteri"
217654;"Galeichthys feliceps";"White barbel";"Ariidae";"Siluriformes";"Actinopteri"
126822;"Trachurus trachurus";"Atlantic horse mackerel";"Carangidae";"Carangiformes";"Actinopteri"
10194;"Actinopterygii";"Bony fishes";NA;NA;NA
126485;"Merluccius senegalensis";"Merluccius senegalensis";"Merlucciidae";"Gadiformes";"Actinopteri"
273148;"Brama japonica";"Pacific pomfret";"Bramidae";"Scombriformes";"Actinopteri"
126436;"Gadus morhua";"Atlantic cod";"Gadidae";"Gadiformes";"Actinopteri"
107254;"Nephrops norvegicus";"Norway lobster";"Nephropidae";"Decapoda";"Malacostraca"
127143;"Pleuronectes platessa";"European plaice";"Pleuronectidae";"Pleuronectiformes";"Actinopteri"
127149;"Scophthalmus maximus";"Turbot. WoRMS 127149";"Scophthalmidae";"Pleuronectiformes";"Actinopteri"
127160;"Solea solea";"Common sole";"Soleidae";"Pleuronectiformes";"Actinopteri"
107276;"Cancer pagurus";"Edible crab";"Cancridae";"Decapoda";"Malacostraca"
127262;"Chelidonichthys lucerna";"Tub gurnard";"Triglidae";"Perciformes";"Actinopteri"
126975;"Dicentrarchus labrax";"European seabass";"Moronidae";"Eupercaria incertae sedis";"Actinopteri"
127138;"Hippoglossus hippoglossus";"Atlantic halibut";"Pleuronectidae";"Pleuronectiformes";"Actinopteri"
127139;"Limanda limanda";"Common dab";"Pleuronectidae";"Pleuronectiformes";"Actinopteri"
125802;"Lophius";"Anglerfish. WoRMS 125802";"Lophiidae";"Lophiiformes";"Actinopteri"
126437;"Melanogrammus aeglefinus";"Haddock";"Gadidae";"Gadiformes";"Actinopteri"
126438;"Merlangius merlangus";"Whiting";"Gadidae";"Gadiformes";"Actinopteri"
127140;"Microstomus kitt";"Lemon sole";"Pleuronectidae";"Pleuronectiformes";"Actinopteri"
126461;"Molva molva";"Ling";"Lotidae";"Gadiformes";"Actinopteri"
105883;"Raja clavata";"Thornback ray";"Rajidae";"Rajiformes";"Elasmobranchii"
105887;"Raja montagui";"Spotted ray";"Rajidae";"Rajiformes";"Elasmobranchii"
127150;"Scophthalmus rhombus";"Brill";"Scophthalmidae";"Pleuronectiformes";"Actinopteri"
271509;"Bathyraja brachyurops";"Blonde ray. WoRMS 271509";"Arhynchobatidae";"Rajiformes";"Elasmobranchii"
138878;"Buccinum undatum";"Whelk";"Buccinidae";"Neogastropoda";"Gastropoda"
127259;"Chelidonichthys cuculus";"Red gurnard. WoRMS 127259";"Triglidae";"Perciformes";"Actinopteri"
150637;"Eutrigla gurnardus";"Grey gurnard";"Triglidae";"Perciformes";"Actinopteri"
138139;"Loligo";"Common squids. WoRMS 138139";"Loliginidae";"Myopsida";"Cephalopoda"
105732;"Mustelus";"Smooth hound sharks. WoRMS 105732";"Triakidae";"Carcharhiniformes";"Elasmobranchii"
140712;"Pecten maximus";"Great scallop";"Pectinidae";"Pectinida";"Bivalvia"
11014;"Perciformes";"Perciformes";NA;"Perciformes";"Actinopteri"
127141;"Platichthys flesus";"European flounder";"Pleuronectidae";"Pleuronectiformes";"Actinopteri"
105766;"Raja";"Skates";"Rajidae";"Rajiformes";"Elasmobranchii"
367297;"Raja brachyura";"Blonde ray";"Rajidae";"Rajiformes";"Elasmobranchii"
105814;"Scyliorhinus canicula";"Small-spotted catshark";"Scyliorhinidae";"Carcharhiniformes";"Elasmobranchii"
105782;"Squalus";"Spordogs (Squalus sp.)";"Squalidae";"Squaliformes";"Elasmobranchii"
105923;"Squalus acanthias";"Spurdog";"Squalidae";"Squaliformes";"Elasmobranchii"
126445;"Trisopterus luscus";"Pouting(=Bib)";"Gadidae";"Gadiformes";"Actinopteri"
107552;"Crangon crangon";"Common shrimp";"Crangonidae";"Decapoda";"Malacostraca"
126440;"Pollachius pollachius";"Pollack";"Gadidae";"Gadiformes";"Actinopteri"
141444;"Sepia officinalis";"European Common Cuttlefish";"Sepiidae";"Sepiida";"Cephalopoda"
126425;"Sprattus sprattus";"European sprat";"Clupeidae";"Clupeiformes";"Actinopteri"
140605;"Octopus vulgaris";"Common octopus";"Octopodidae";"Octopoda";"Cephalopoda"
126285;"Conger conger";"European conger";"Congridae";"Anguilliformes";"Actinopteri"
126122;"Lepidorhombus";"Megrims. WoRMS 126122";"Scophthalmidae";"Pleuronectiformes";"Actinopteri"
127146;"Lepidorhombus whiffiagonis";"Megrim";"Scophthalmidae";"Pleuronectiformes";"Actinopteri"
105876;"Leucoraja naevus";"Cuckoo ray";"Rajidae";"Rajiformes";"Elasmobranchii"
126986;"Mullus surmuletus";"Striped red mullet";"Mullidae";"Mulliformes";"Actinopteri"
107253;"Homarus gammarus";"European lobster";"Nephropidae";"Decapoda";"Malacostraca"
11782;"Octopodidae";"Octopuses";"Octopodidae";"Octopoda";"Cephalopoda"
126417;"Clupea harengus";"Atlantic herring";"Clupeidae";"Clupeiformes";"Actinopteri"
126441;"Pollachius virens";"Saithe(=Pollock)";"Gadidae";"Gadiformes";"Actinopteri"
126758;"Anarhichas lupus";"Wolf-fish";"Anarhichadidae";"Perciformes";"Actinopteri"
368408;"Selachii";"Selachii sp.";NA;NA;"Elasmobranchii"
105869;"Dipturus batis";"Common skate";"Rajidae";"Rajiformes";"Elasmobranchii"
105799;"Galeocerdo cuvier";"Tiger shark";"Carcharhinidae";"Carcharhiniformes";"Elasmobranchii"
127059;"Pagellus bogaraveo";"Blackspot(=red) seabream";"Sparidae";"Eupercaria incertae sedis";"Actinopteri"
127427;"Zeus faber";"John dory";"Zeidae";"Zeiformes";"Actinopteri"
107649;"Pandalus borealis";"Northern prawn";"Pandalidae";"Decapoda";"Malacostraca"
127144;"Reinhardtius hippoglossoides";"Greenland halibut";"Pleuronectidae";"Pleuronectiformes";"Actinopteri"
126281;"Anguilla anguilla";"European eel";"Anguillidae";"Anguilliformes";"Actinopteri"
127186;"Salmo salar";"Atlantic salmon";"Salmonidae";"Salmoniformes";"Actinopteri"
127187;"Salmo trutta";"Brown trout";"Salmonidae";"Salmoniformes";"Actinopteri"
127214;"Cyclopterus lumpus";"Lumpfish(=Lumpsucker)";"Cyclopteridae";"Perciformes";"Actinopteri"
154210;"Esox lucius";"Northern pike";"Esocidae";"Esociformes";"Actinopteri"
154324;"Leuciscus idus";"Orfe(=Ide)";"Cyprinidae";"Cypriniformes";"Actinopteri"
151353;"Perca fluviatilis";"European perch";"Percidae";"Perciformes";"Actinopteri"
151308;"Sander lucioperca";"Pike-perch";"Percidae";"Perciformes";"Actinopteri"
140480;"Mytilus edulis";"Blue mussel";"Mytilidae";"Mytilida";"Bivalvia"
127136;"Glyptocephalus cynoglossus";"Witch flounder";"Pleuronectidae";"Pleuronectiformes";"Actinopteri"
154281;"Abramis brama";"Freshwater bream";"Cyprinidae";"Cypriniformes";"Actinopteri"
154297;"Carassius carassius";"Crucian carp";"Cyprinidae";"Cypriniformes";"Actinopteri"
127180;"Coregonus lavaretus";"European whitefish";"Salmonidae";"Salmoniformes";"Actinopteri"
154333;"Rutilus rutilus";"Roach";"Cyprinidae";"Cypriniformes";"Actinopteri"
127123;"Zoarces viviparus";"Eelpout";"Zoarcidae";"Perciformes";"Actinopteri"
126983;"Mugil cephalus";"Flathead grey mullet";"Mugilidae";"Mugiliformes";"Actinopteri"
154388;"Lota lota";"Burbot";"Lotidae";"Gadiformes";"Actinopteri"
154343;"Tinca tinca";"Tench";"Cyprinidae";"Cypriniformes";"Actinopteri"
154582;"Cyprinus carpio";"European carp";"Cyprinidae";"Cypriniformes";"Actinopteri"
126375;"Belone belone";"Garfish";"Belonidae";"Beloniformes";"Actinopteri"
126444;"Trisopterus esmarkii";"Norway pout";"Gadidae";"Gadiformes";"Actinopteri"
126439;"Micromesistius poutassou";"Blue whiting";"Gadidae";"Gadiformes";"Actinopteri"
11707;"Cephalopoda";"Octopus and squids";NA;NA;"Cephalopoda"
126472;"Macrourus berglax";"Roughhead grenadier. WoRMS Aphia 126472";"Macrouridae";"Gadiformes";"Actinopteri"
127254;"Sebastes mentella";"Deep sea Redfish";"Sebastidae";"Perciformes";"Actinopteri"
125912;"Anarhichas";"Wolffish";"Anarhichadidae";"Perciformes";"Actinopteri"
106673;"Brachyura";"Short-tailed crabs";NA;"Decapoda";"Malacostraca"
126555;"Lophius piscatorius";"Anglerfish";"Lophiidae";"Lophiiformes";"Actinopteri"
126447;"Brosme brosme";"Tusk(=Cusk)";"Lotidae";"Gadiformes";"Actinopteri"
126459;"Molva dypterygia";"Blue ling";"Lotidae";"Gadiformes";"Actinopteri"
127082;"Trachinus draco";"Greater weever";"Trachinidae";"Perciformes";"Actinopteri"
125885;"Argentina";"Argentines";"Argentinidae";"Argentiniformes";"Actinopteri"
158960;"Coryphaenoides rupestris";"Roundnose grenadier";"Macrouridae";"Gadiformes";"Actinopteri"
105820;"Galeorhinus galeus";"Tope shark";"Triakidae";"Carcharhiniformes";"Elasmobranchii"
107205;"Lithodes maja";"Stone king crab";"Lithodidae";"Decapoda";"Malacostraca"
151324;"Sebastes norvegicus";"Golden redfish. WoRMS 151324";"Sebastidae";"Perciformes";"Actinopteri"
105824;"Chimaera monstrosa";"Rabbit fish";"Chimaeridae";"Chimaeriformes";"Holocephali"
127137;"Hippoglossoides platessoides";"Amer. plaice(=Long rough dab)";"Pleuronectidae";"Pleuronectiformes";"Actinopteri"
107616;"Palaemon serratus";"Common prawn";"Palaemonidae";"Decapoda";"Malacostraca"
126415;"Alosa fallax";"Twaite shad";"Clupeidae";"Clupeiformes";"Actinopteri"
124287;"Echinus esculentus";"European edible sea urchin";"Echinidae";"Camarodonta";"Echinoidea"
126736;"Osmerus eperlanus";"European smelt";"Osmeridae";"Osmeriformes";"Actinopteri"
101;"Gastropoda";"Gastropods";NA;NA;"Gastropoda"
213;"Pectinidae";"Pectinidae";"Pectinidae";"Pectinida";"Bivalvia"
125575;"Zoarcidae";"Eelpouts";"Zoarcidae";"Perciformes";"Actinopteri"
127419;"Capros aper";"Boarfish";"Caproidae";"Acanthuriformes";"Actinopteri"
125909;"Ammodytes";"Ammodytes";"Ammodytidae";"Perciformes";"Actinopteri"
105841;"Lamna nasus";"Porbeagle";"Lamnidae";"Lamniformes";"Elasmobranchii"
127185;"Oncorhynchus mykiss";"Rainbow trout";"Salmonidae";"Salmoniformes";"Actinopteri"
140658;"Ostrea edulis";"European flat oyster";"Ostreidae";"Ostreida";"Bivalvia"
125613;"Caproidae";"Boarfishes";"Caproidae";"Acanthuriformes";"Actinopteri"
125493;"Lophiidae";"Anglerfish. Monkfish";"Lophiidae";"Lophiiformes";"Actinopteri"
11676;"Pisces";"Fish. WoRMS 11676";NA;NA;NA
11734;"Loliginidae";"Loliginidae family";"Loliginidae";"Myopsida";"Cephalopoda"
107052;"Pasiphaea";"Glass shrimps. WoRMS 107052";"Pasiphaeidae";"Decapoda";"Malacostraca"
126977;"Chelon labrosus";"Thicklip grey mullet";"Mugilidae";"Mugiliformes";"Actinopteri"
126453;"Gaidropsarus ensis";"Arctic threebeard rockling";"Lotidae";"Gadiformes";"Actinopteri"
153087;"Illex illecebrosus";"Northern shortfin squid";"Ommastrephidae";"Oegopsida";"Cephalopoda"
276891;"Centroberyx affinis";"Redfish (trophical)";"Berycidae";"Beryciformes";"Actinopteri"
125541;"Labridae";"Wrasses";"Labridae";"Eupercaria incertae sedis";"Actinopteri"
126501;"Phycis blennoides";"Greater forkbeard";"Phycidae";"Gadiformes";"Actinopteri"
138267;"Eledone";"Eledone. WoRMS 138267";"Eledonidae";"Octopoda";"Cephalopoda"
154274;"Blicca bjoerkna";"White bream";"Cyprinidae";"Cypriniformes";"Actinopteri"
234033;"Carassius gibelio";"Prussian carp";"Cyprinidae";"Cypriniformes";"Actinopteri"
405451;"Gymnocephalus cernua";"Ruffe";"Percidae";"Perciformes";"Actinopteri"
283150;"Vimba vimba";"Vimba bream";"Cyprinidae";"Cypriniformes";"Actinopteri"
101172;"Lampetra fluviatilis";"River lamprey";"Petromyzontidae";"Petromyzontiformes";"Petromyzonti"
107613;"Palaemon adspersus";"Baltic prawn";"Palaemonidae";"Decapoda";"Malacostraca"
154165;"Scardinius erythrophthalmus";"Rudd";"Cyprinidae";"Cypriniformes";"Actinopteri"
126916;"Neogobius melanostomus";"Round goby";"Gobiidae";"Gobiiformes";"Actinopteri"
127178;"Coregonus albula";"Vendace";"Salmonidae";"Salmoniformes";"Actinopteri"
127026;"Thunnus alalunga";"Albacore";"Scombridae";"Scombriformes";"Actinopteri"
127066;"Spondyliosoma cantharus";"Black seabream";"Sparidae";"Eupercaria incertae sedis";"Actinopteri"
10216;"Rajiformes";"Rajiformes";NA;"Rajiformes";"Elasmobranchii"
105801;"Prionace glauca";"Blue shark";"Carcharhinidae";"Carcharhiniformes";"Elasmobranchii"
105843;"Carcharias taurus";"Sand shark. WoRMS Aphia 105843";"Odontaspididae";"Lamniformes";"Elasmobranchii"
125598;"Triglidae";"Searobins. WoRMS 125598";"Triglidae";"Perciformes";"Actinopteri"
126792;"Callionymus lyra";"Dragonet";"Callionymidae";"Callionymiformes";"Actinopteri"
107398;"Necora puber";"Necora puber";"Polybiidae";"Decapoda";"Malacostraca"
140624;"Todarodes sagittatus";"European Flying Squid";"Ommastrephidae";"Oegopsida";"Cephalopoda"
105;"Bivalvia";"Molluscs";NA;NA;"Bivalvia"
107381;"Carcinus maenas";"Green crab";"Carcinidae";"Decapoda";"Malacostraca"
107350;"Maja squinado";"European spider crab";"Majidae";"Decapoda";"Malacostraca"
106788;"Palaemonidae";"Palaemonidae";"Palaemonidae";"Decapoda";"Malacostraca"
127156;"Pegusa lascaris";"French sole";"Soleidae";"Pleuronectiformes";"Actinopteri"
105711;"Rajidae";"rays and skates. WoRMS 105711";"Rajidae";"Rajiformes";"Elasmobranchii"
233;"Solenidae";"Razor shells (Solenidae)";"Solenidae";"Adapedonta";"Bivalvia"
105716;"Squalidae";"Dogfish sharks";"Squalidae";"Squaliformes";"Elasmobranchii"
140687;"Aequipecten opercularis";"Queen scallop";"Pectinidae";"Pectinida";"Bivalvia"
105865;"Amblyraja radiata";"Thorny skate";"Rajidae";"Rajiformes";"Elasmobranchii"
138998;"Cerastoderma edule";"Common edible cockle";"Cardiidae";"Cardiida";"Bivalvia"
107059;"Palinurus";"Spiny lobsters (Palinurus sp.)";"Palinuridae";"Decapoda";"Malacostraca"
138159;"Spisula";"Spisula sp";"Mactridae";"Venerida";"Bivalvia"
105822;"Mustelus mustelus";"Smooth-hound";"Triakidae";"Carcharhiniformes";"Elasmobranchii"
106794;"Palinuridae";"Spiny lobsters (Paliniridae)";"Palinuridae";"Decapoda";"Malacostraca"
107044;"Pandalus";"Pandalus shrimps";"Pandalidae";"Decapoda";"Malacostraca"
410354;"Doryteuthis (Amerigo) pealeii";"";"Loliginidae";"Myopsida";"Cephalopoda"
127251;"Helicolenus dactylopterus";"Blackbelly rosefish";"Sebastidae";"Perciformes";"Actinopteri"
153131;"Alloteuthis subulata";"Alloteuthis subulata";"Loliginidae";"Myopsida";"Cephalopoda"
151157;"Micropogonias";"finebarbel croakers. WoRMS AphiaID 151157";"Sciaenidae";"Eupercaria incertae sedis";"Actinopteri"
140430;"Mya arenaria";"Sand gaper";"Myidae";"Myida";"Bivalvia"
11723;"Sepiidae";"Cuttlefish. WoRMS AphiaID 11723";"Sepiidae";"Sepiida";"Cephalopoda"
105872;"Dipturus oxyrinchus";"Long-nosed burton skate";"Rajidae";"Rajiformes";"Elasmobranchii"
105693;"Scyliorhinidae";"Cat sharks (Scyliorhinidae)";"Scyliorhinidae";"Carcharhiniformes";"Elasmobranchii"
127094;"Xiphias gladius";"Swordfish";"Xiphiidae";"Carangiformes";"Actinopteri"
140271;"Loligo vulgaris";"Common Squid";"Loliginidae";"Myopsida";"Cephalopoda"
125624;"Conger";"Congrid eels";"Congridae";"Anguilliformes";"Actinopteri"
107703;"Palinurus elephas";"Common spiny lobster";"Palinuridae";"Decapoda";"Malacostraca"
398319;"Zearaja nasuta";"New Zealand rough skate";"Rajidae";"Rajiformes";"Elasmobranchii"
127029;"Thunnus thynnus";"Atlantic bluefin tuna";"Scombridae";"Scombriformes";"Actinopteri"
140656;"Crassostrea gigas";"Pacific giant oyster";"Ostreidae";"Ostreida";"Bivalvia"
138135;"Littorina";"Periwinkle sp.";"Littorinidae";"Littorinimorpha";"Gastropoda"
138050;"Haliotis";"Haliotis sp.";"Haliotidae";"Lepetellida";"Gastropoda"
138298;"Ostrea";"Oysters (Ostrea sp.)";"Ostreidae";"Ostreida";"Bivalvia"
105894;"Rajella fyllae";"Round ray";"Rajidae";"Rajiformes";"Elasmobranchii"
159342;"Scomberomorus maculatus";"Spanish mackerel";"Scombridae";"Scombriformes";"Actinopteri"
126446;"Trisopterus minutus";"Poor cod";"Gadidae";"Gadiformes";"Actinopteri"
140262;"Littorina littorea";"Common periwinkle";"Littorinidae";"Littorinimorpha";"Gastropoda"
127015;"Auxis rochei";"Bullet tuna";"Scombridae";"Scombriformes";"Actinopteri"
127017;"Euthynnus alletteratus";"Little tunny";"Scombridae";"Scombriformes";"Actinopteri"
126423;"Sardinella maderensis";"Madeiran sardinella";"Clupeidae";"Clupeiformes";"Actinopteri"
126819;"Trachinotus ovatus";"Pompano";"Carangidae";"Carangiformes";"Actinopteri"
126801;"Campogramma glaycos";"Vadigo";"Carangidae";"Carangiformes";"Actinopteri"
127203;"Myoxocephalus scorpius";"Bullhead";"Cottidae";"Perciformes";"Actinopteri"
126927;"Pomatoschistus microps";"Common goby";"Gobiidae";"Gobiiformes";"Actinopteri"
126756;"Hyperoplus lanceolatus";"Great sandeel";"Ammodytidae";"Perciformes";"Actinopteri"
107451;"Eriocheir sinensis";"Chinese mitten crab";"Varunidae";"Decapoda";"Malacostraca"
126716;"Argentina sphyraena";"Argentine";"Argentinidae";"Argentiniformes";"Actinopteri"
156996;"Spisula solidissima";"Atlantic surfclam";"Mactridae";"Venerida";"Bivalvia"
712905;"Istiompax indica";"Giant black marlin";"Istiophoridae";"Carangiformes";"Actinopteri"
126846;"Coryphaena hippurus";"Coryphaena hippurus";"Coryphaenidae";"Carangiformes";"Actinopteri"
154290;"Aspius aspius";"Asp";"Cyprinidae";"Cypriniformes";"Actinopteri"
282185;"Pelecus cultratus";"Sichel";"Cyprinidae";"Cypriniformes";"Actinopteri"
154677;"Silurus glanis";"Sheatfish";"Siluridae";"Siluriformes";"Actinopteri"
125537;"Gobiidae";"true gobies";"Gobiidae";"Gobiiformes";"Actinopteri"
126752;"Ammodytes tobianus";"Small sandeel";"Ammodytidae";"Perciformes";"Actinopteri"
127085;"Aphanopus carbo";"Black scabbardfish";"Trichiuridae";"Scombriformes";"Actinopteri"
154721;"Balistes capriscus";"gray triggerfish. AphiaID 154721";"Balistidae";"Tetraodontiformes";"Actinopteri"
126394;"Beryx decadactylus";"Alfonsino";"Berycidae";"Beryciformes";"Actinopteri"
126395;"Beryx splendens";"Splendid alfonsino";"Berycidae";"Beryciformes";"Actinopteri"
126958;"Bodianus scrofa";"Bodianus scrofa";"Labridae";"Eupercaria incertae sedis";"Actinopteri"
127047;"Boops boops";"Bogue";"Sparidae";"Eupercaria incertae sedis";"Actinopteri"
127129;"Bothus podas";"Bothus podas";"Bothidae";"Pleuronectiformes";"Actinopteri"
125936;"Caranx";"Trevallies";"Carangidae";"Carangiformes";"Actinopteri"
126962;"Centrolabrus trutta";"Centrolabrus trutta";"Labridae";"Eupercaria incertae sedis";"Actinopteri"
105900;"Centrophorus lusitanicus";"Centrophorus lusitanicus";"Centrophoridae";"Squaliformes";"Elasmobranchii"
105910;"Dalatias licha";"Kitefin shark";"Dalatiidae";"Squaliformes";"Elasmobranchii"
127053;"Diplodus sargus";"White seabream. WoRMS 127053";"Sparidae";"Eupercaria incertae sedis";"Actinopteri"
126858;"Epigonus telescopus";"Black cardinal fish";"Epigonidae";"Acropomatiformes";"Actinopteri"
127036;"Epinephelus marginatus";"Epinephelus marginatus";"Serranidae";"Perciformes";"Actinopteri"
105832;"Heptranchias perlo";"Sharpnose sevengill shark. WoRMS 105832";"Hexanchidae";"Hexanchiformes";"Elasmobranchii"
126402;"Hoplostethus atlanticus";"Orange roughy";"Trachichthyidae";"Trachichthyiformes";"Actinopteri"
105839;"Isurus oxyrinchus";"Shortfin mako";"Lamnidae";"Lamniformes";"Elasmobranchii"
126965;"Labrus bergylta";"Ballan wrasse";"Labridae";"Eupercaria incertae sedis";"Actinopteri"
127088;"Lepidopus caudatus";"Silver scarbbardfish";"Trichiuridae";"Scombriformes";"Actinopteri"
126497;"Mora moro";"Common mora";"Moridae";"Gadiformes";"Actinopteri"
126303;"Muraena helena";"Mediterranean moray";"Muraenidae";"Anguilliformes";"Actinopteri"
125431;"Muraenidae";"Muraenidae";"Muraenidae";"Anguilliformes";"Actinopteri"
138196;"Murex";"Murex. WoRMS 138196";"Muricidae";"Neogastropoda";"Gastropoda"
127038;"Mycteroperca fusca";"Island grouper. WoRMS 127038";"Serranidae";"Perciformes";"Actinopteri"
127057;"Pagellus acarne";"Spanish bream";"Sparidae";"Eupercaria incertae sedis";"Actinopteri"
127063;"Pagrus pagrus";"Red porgy";"Sparidae";"Eupercaria incertae sedis";"Actinopteri"
126502;"Phycis phycis";"Lesser forkbeard";"Phycidae";"Gadiformes";"Actinopteri"
126998;"Polyprion americanus";"Wreckfish";"Polyprionidae";"Acropomatiformes";"Actinopteri"
127240;"Pontinus kuhlii";"Pontinus kuhlii";"Scorpaenidae";"Perciformes";"Actinopteri"
231749;"Ruditapes decussatus";"Ruditapes decussatus";"Veneridae";"Venerida";"Bivalvia"
126867;"Ruvettus pretiosus";"Oilfish";"Gempylidae";"Scombriformes";"Actinopteri"
127064;"Sarpa salpa";"Sarpa salpa";"Sparidae";"Eupercaria incertae sedis";"Actinopteri"
126834;"Schedophilus ovalis";"Imperial blackfish. WoRMS 126834";"Centrolophidae";"Scombriformes";"Actinopteri"
151174;"Scomber colias";"Atlantic chub mackerel";"Scombridae";"Scombriformes";"Actinopteri"
127248;"Scorpaena scrofa";"Red scorpionfish";"Scorpaenidae";"Perciformes";"Actinopteri"
107708;"Scyllarides latus";"Mediterranean slipper lobster. WoRMS 107708";"Scyllaridae";"Decapoda";"Malacostraca"
218436;"Seriola lalandi";"Seriola lalandi";"Carangidae";"Carangiformes";"Actinopteri"
127040;"Serranus atricauda";"Blacktail comber";"Serranidae";"Perciformes";"Actinopteri"
127041;"Serranus cabrilla";"Comber";"Serranidae";"Perciformes";"Actinopteri"
231441;"Sparisoma cretense";"Parrotfish. WoRMS 231441";"Scaridae";"Eupercaria incertae sedis";"Actinopteri"
127069;"Sphyraena viridensis";"Sphyraena viridensis";"Sphyraenidae";"Carangaria incertae sedis";"Actinopteri"
105819;"Sphyrna zygaena";"Smooth hammerhead";"Sphyrnidae";"Carcharhiniformes";"Elasmobranchii"
127028;"Thunnus obesus";"Bigeye tuna";"Scombridae";"Scombriformes";"Actinopteri"
126821;"Trachurus picturatus";"Blue jack mackerel";"Carangidae";"Carangiformes";"Actinopteri"
127426;"Zenopsis conchifer";"Zenopsis conchifer";"Zeidae";"Zeiformes";"Actinopteri"
127027;"Thunnus albacares";"Yellowfin tuna";"Scombridae";"Scombriformes";"Actinopteri"
105836;"Alopias vulpinus";"Thintail thresher";"Alopiidae";"Lamniformes";"Elasmobranchii"
141101;"Charonia lampas";"Pink lady. WoRMS 141101";"Charoniidae";"Littorinimorpha";"Gastropoda"
126374;"Halobatrachus didactylus";"Halobatrachus didactylus";"Batrachoididae";"Batrachoidiformes";"Actinopteri"
127060;"Pagellus erythrinus";"Common pandora";"Sparidae";"Eupercaria incertae sedis";"Actinopteri"
126806;"Caranx rhonchus";"Caranx rhonchus";"Carangidae";"Carangiformes";"Actinopteri"
105899;"Centrophorus granulosus";"Gulper shark";"Centrophoridae";"Squaliformes";"Elasmobranchii"
105901;"Centrophorus squamosus";"Leafscale gulper shark";"Centrophoridae";"Squaliformes";"Elasmobranchii"
127054;"Diplodus vulgaris";"two banded sea bream";"Sparidae";"Eupercaria incertae sedis";"Actinopteri"
105856;"Gymnura altavela";"Gymnura altavela";"Gymnuridae";"Myliobatiformes";"Elasmobranchii"
127007;"Argyrosomus regius";"Meagre";"Sciaenidae";"Eupercaria incertae sedis";"Actinopteri"
141907;"Chamelea gallina";"Striped venus";"Veneridae";"Venerida";"Bivalvia"
127049;"Diplodus annularis";"Diplodus annularis";"Sparidae";"Eupercaria incertae sedis";"Actinopteri"
127051;"Diplodus cervinus";"Diplodus cervinus. WoRMS 127051";"Sparidae";"Eupercaria incertae sedis";"Actinopteri"
127052;"Diplodus puntazzo";"Diplodus puntazzo";"Sparidae";"Eupercaria incertae sedis";"Actinopteri"
126455;"Gaidropsarus guttatus";"Gaidropsarus guttatus";"Lotidae";"Gadiformes";"Actinopteri"
127055;"Lithognathus mormyrus";"Lithognathus mormyrus";"Sparidae";"Eupercaria incertae sedis";"Actinopteri"
105914;"Oxynotus centrina";"Angular roughshark";"Oxynotidae";"Squaliformes";"Elasmobranchii"
127058;"Pagellus bellottii";"Pagellus bellottii";"Sparidae";"Eupercaria incertae sedis";"Actinopteri"
127061;"Pagrus auriga";"Pagrus auriga";"Sparidae";"Eupercaria incertae sedis";"Actinopteri"
140389;"Bolinus brandaris";"Bolinus brandaris";"Muricidae";"Neogastropoda";"Gastropoda"
159313;"Cynoscion regalis";"Cynoscion regalis";"Sciaenidae";"Eupercaria incertae sedis";"Actinopteri"
127154;"Dicologlossa cuneata";"Wedge sole";"Soleidae";"Pleuronectiformes";"Actinopteri"
105812;"Galeus melastomus";"Blackmouth catshark";"Pentanchidae";"Carcharhiniformes";"Elasmobranchii"
126946;"Plectorhinchus mediterraneus";"Plectorhinchus mediterraneus";"Haemulidae";"Eupercaria incertae sedis";"Actinopteri"
273507;"Pomadasys jubelini";"Pomadasys jubelini";"Haemulidae";"Eupercaria incertae sedis";"Actinopteri"
126503;"Urophycis chuss";"Red hake";"Phycidae";"Gadiformes";"Actinopteri"
126504;"Urophycis tenuis";"White hake. WoRMS 126504";"Phycidae";"Gadiformes";"Actinopteri"
127031;"Anthias anthias";"Anthias anthias";"Serranidae";"Perciformes";"Actinopteri"
105903;"Deania calcea";"Birdbeak dogfish";"Centrophoridae";"Squaliformes";"Elasmobranchii"
273958;"Dentex angolensis";"Dentex angolensis";"Sparidae";"Eupercaria incertae sedis";"Actinopteri"
125607;"Balistidae";"Balistidae";"Balistidae";"Tetraodontiformes";"Actinopteri"
126413;"Alosa alosa";"Allis shad";"Clupeidae";"Clupeiformes";"Actinopteri"
105907;"Centroscymnus coelolepis";"Portuguese dogfish";"Somniosidae";"Squaliformes";"Elasmobranchii"
105918;"Scymnodon ringens";"Knifetooth dogfish";"Somniosidae";"Squaliformes";"Elasmobranchii"
127076;"Stromateus fiatola";"harvestfish. AphiaID 127076";"Stromateidae";"Perciformes";"Actinopteri"
141906;"Callista chione";"brown venus";"Veneridae";"Venerida";"Bivalvia"
126961;"Centrolabrus exoletus";"Rock cook";"Labridae";"Eupercaria incertae sedis";"Actinopteri"
126554;"Lophius budegassa";"Black-bellied angler";"Lophiidae";"Lophiiformes";"Actinopteri"
105821;"Mustelus asterias";"Starry smooth-hound";"Triakidae";"Carcharhiniformes";"Elasmobranchii"
105860;"Myliobatis aquila";"Common eagle ray";"Myliobatidae";"Myliobatiformes";"Elasmobranchii"
127019;"Orcynopsis unicolor";"Plain bonito";"Scombridae";"Scombriformes";"Actinopteri"
140736;"Pharus legumen";"Pharus legumen";"Pharidae";"Adapedonta";"Bivalvia"
140301;"Spisula solida";"Solid surf clam";"Mactridae";"Venerida";"Bivalvia"
126759;"Anarhichas minor";"Spotted wolffish";"Anarhichadidae";"Perciformes";"Actinopteri"
127145;"Lepidorhombus boscii";"Four-spot megrim";"Scophthalmidae";"Pleuronectiformes";"Actinopteri"
127264;"Lepidotrigla cavillone";"Lepidotrigla cavillone";"Triglidae";"Perciformes";"Actinopteri"
105815;"Scyliorhinus stellaris";"Nursehound";"Scyliorhinidae";"Carcharhiniformes";"Elasmobranchii"
126820;"Trachurus mediterraneus";"Mediterranean horse mackerel";"Carangidae";"Carangiformes";"Actinopteri"
127266;"Trigla lyra";"Piper gurnard";"Triglidae";"Perciformes";"Actinopteri"
282503;"Pteroscion peli";"Pteroscion peli";"Sciaenidae";"Eupercaria incertae sedis";"Actinopteri"
274304;"Microchirus variegatus";"Thickback Sole";"Soleidae";"Pleuronectiformes";"Actinopteri"
105922;"Echinorhinus brucus";"Bramble shark";"Echinorhinidae";"Echinorhiniformes";"Elasmobranchii"
107109;"Parapenaeus longirostris";"Parapenaeus longirostris";"Penaeidae";"Decapoda";"Malacostraca"
105873;"Leucoraja circularis";"Sandy ray";"Rajidae";"Rajiformes";"Elasmobranchii"
126404;"Hoplostethus mediterraneus";"Silver roughy. WoRMS 126404";"Trachichthyidae";"Trachichthyiformes";"Actinopteri"
105833;"Hexanchus griseus";"Bluntnose sixgill shark";"Hexanchidae";"Hexanchiformes";"Elasmobranchii"
101174;"Petromyzon marinus";"Sea lamprey";"Petromyzontidae";"Petromyzontiformes";"Petromyzonti"
273965;"Dentex macrophthalmus";"Large-eye dentex";"Sparidae";"Eupercaria incertae sedis";"Actinopteri"
126802;"Caranx crysos";"Blue runner. WoRMS 126802";"Carangidae";"Carangiformes";"Actinopteri"
127378;"Macroramphosus scolopax";"longspine snipefish. AphiaID 127378";"Centriscidae";"Syngnathiformes";"Actinopteri"
126065;"Thunnus";"Thunnus sp.";"Scombridae";"Scombriformes";"Actinopteri"
126987;"Pseudupeneus prayensis";"Pseudupeneus prayensis";"Mullidae";"Mulliformes";"Actinopteri"
127012;"Umbrina cirrosa";"Shi drum";"Sciaenidae";"Eupercaria incertae sedis";"Actinopteri"
139004;"Laevicardium crassum";"Norwegian egg cockle";"Cardiidae";"Cardiida";"Bivalvia"
126816;"Seriola dumerili";"Greater amberjack";"Carangidae";"Carangiformes";"Actinopteri"
125595;"Scorpaenidae";"Scorpion fish";"Scorpaenidae";"Perciformes";"Actinopteri"
141911;"Dosinia exoleta";"Mature dosinia";"Veneridae";"Venerida";"Bivalvia"
140025;"Glycymeris glycymeris";"Common European bittersweet";"Glycymerididae";"Arcida";"Bivalvia"
181382;"Ommastrephes bartramii";"Ommastrephes bartramii";"Ommastrephidae";"Oegopsida";"Cephalopoda"
127062;"Pagrus caeruleostictus";"Pagrus caeruleostictus";"Sparidae";"Eupercaria incertae sedis";"Actinopteri"
105905;"Deania profundorum";"arrowhead dogfish. WoRMS AphiaID 105905";"Centrophoridae";"Squaliformes";"Elasmobranchii"
712906;"Kajikia albida";"Atlantic white marlin";"Istiophoridae";"Carangiformes";"Actinopteri"
126950;"Makaira nigricans";"Blue marlin";"Istiophoridae";"Carangiformes";"Actinopteri"
127032;"Epinephelus aeneus";"Epinephelus aeneus";"Serranidae";"Perciformes";"Actinopteri"
126976;"Dicentrarchus punctatus";"Spotted seabass";"Moronidae";"Eupercaria incertae sedis";"Actinopteri"
127089;"Trichiurus lepturus";"Largehead hairtail";"Trichiuridae";"Scombriformes";"Actinopteri"
126949;"Istiophorus albicans";"Istiophorus albicans";"Istiophoridae";"Carangiformes";"Actinopteri"
125715;"Alosa";"shads. AphiaID 125715";"Clupeidae";"Clupeiformes";"Actinopteri"
125476;"Gasterosteidae";"Sticklebacks";"Gasterosteidae";"Perciformes";"Actinopteri"
126505;"Gasterosteus aculeatus";"Three-spined stickleback";"Gasterosteidae";"Perciformes";"Actinopteri"
254529;"Myoxocephalus quadricornis";"Fourhorn sculpin";"Cottidae";"Perciformes";"Actinopteri"
106733;"Galatheidae";"Squat lobsters";"Galatheidae";"Decapoda";"Malacostraca"
105919;"Somniosus microcephalus";"Greenland shark";"Somniosidae";"Squaliformes";"Elasmobranchii"
126053;"Pseudotolithus";"Pseudotolithus sp.";"Sciaenidae";"Eupercaria incertae sedis";"Actinopteri"
218450;"Mene maculata";"Moonfish";"Menidae";"Carangaria incertae sedis";"Actinopteri"
126084;"Sphyraena";"Barracudas";"Sphyraenidae";"Carangaria incertae sedis";"Actinopteri"
1066;"Crustacea";"Crustacea";NA;NA;NA
126279;"Acipenser sturio";"Sturgeon";"Acipenseridae";"Acipenseriformes";"Actinopteri"
125516;"Ammodytidae";"Sand eel sp.";"Ammodytidae";"Perciformes";"Actinopteri"
106847;"Paralithodes";"";"Lithodidae";"Decapoda";"Malacostraca"
325342;"Decapodiformes";"Decapodiformes";NA;NA;"Cephalopoda"
105871;"Dipturus nidarosiensis";"Norwegian skate";"Rajidae";"Rajiformes";"Elasmobranchii"
151523;"Sparus aurata";"Gilt head bream";"Sparidae";"Eupercaria incertae sedis";"Actinopteri"
105885;"Raja microocellata";"Small-eyed ray";"Rajidae";"Rajiformes";"Elasmobranchii"
234700;"Dissostichus eleginoides";"Patagonian toothfish";"Nototheniidae";"Perciformes";"Actinopteri"
141919;"Mercenaria mercenaria";"Northern quahog";"Veneridae";"Venerida";"Bivalvia"
243;"Veneridae";"Venus clams (Veneridae)";"Veneridae";"Venerida";"Bivalvia"
125743;"Gaidropsarus";"Three-bearded rocklings";"Lotidae";"Gadiformes";"Actinopteri"
105874;"Leucoraja fullonica";"Shagreen skate";"Rajidae";"Rajiformes";"Elasmobranchii"
282468;"Pseudophycis bachus";"Red codling";"Moridae";"Gadiformes";"Actinopteri"
126715;"Argentina silus";"Greater argentine";"Argentinidae";"Argentiniformes";"Actinopteri"
154659;"Ariidae";"Sea catfishes";"Ariidae";"Siluriformes";"Actinopteri"
105863;"Amblyraja hyperborea";"Arctic skate";"Rajidae";"Rajiformes";"Elasmobranchii"
138515;"Solen";"Solen sp.";"Solenidae";"Adapedonta";"Bivalvia"
105896;"Rostroraja alba";"Bottlenosed skate";"Rajidae";"Rajiformes";"Elasmobranchii"
107369;"Chaceon affinis";"Red crab";"Geryonidae";"Decapoda";"Malacostraca"
279987;"Brachypterois serrulata";"Sawtooth Scorpionfish";"Scorpaenidae";"Perciformes";"Actinopteri"
126057;"Auxis";"Frigate mackerels";"Scombridae";"Scombriformes";"Actinopteri"
125538;"Haemulidae";"Grunts (family)";"Haemulidae";"Eupercaria incertae sedis";"Actinopteri"
158879;"Limanda ferruginea";"Rusty flounder. WoRMS 158879";"Pleuronectidae";"Pleuronectiformes";"Actinopteri"
574538;"Doryteuthis gahi";"Patagonian squid. WoRMS AphiaID 574538";"Loliginidae";"Myopsida";"Cephalopoda"
217800;"Genypterus capensis";"Kingklip";"Ophidiidae";"Ophidiiformes";"Actinopteri"
342064;"Illex argentinus";"Argentine shortfin squid";"Ommastrephidae";"Oegopsida";"Cephalopoda"
272455;"Merluccius hubbsi";"Argentine hake";"Merlucciidae";"Gadiformes";"Actinopteri"
272450;"Macruronus novaezelandiae";"New Zealand whiptail";"Merlucciidae";"Gadiformes";"Actinopteri"
154285;"Alburnus alburnus";"bleak";"Cyprinidae";"Cypriniformes";"Actinopteri"
154599;"Leuciscus leuciscus";"Common Dace";"Cyprinidae";"Cypriniformes";"Actinopteri"
125539;"Istiophoridae";"Marlins";"Istiophoridae";"Carangiformes";"Actinopteri"
267118;"Scombrinae Rafinesque";"Tunas";"Scombridae";"Scombriformes";"Actinopteri"
125739;"Trisopterus";"Trisopterus. WoRMS 125739";"Gadidae";"Gadiformes";"Actinopteri"
138278;"Illex";"Squid (Illex sp.). AphiaID 138278";"Ommastrephidae";"Oegopsida";"Cephalopoda"
126132;"Solea";"Solea";"Soleidae";"Pleuronectiformes";"Actinopteri"
126029;"Dicentrarchus";"Seabasses";"Moronidae";"Eupercaria incertae sedis";"Actinopteri"
141936;"Venus verrucosa";"Venus verrucosa";"Veneridae";"Venerida";"Bivalvia"
236719;"Mimachlamys varia";"Variegated scallop";"Pectinidae";"Pectinida";"Bivalvia"
745846;"Polititapes rhomboides";"Venerupis rhomboides";"Veneridae";"Venerida";"Bivalvia"
126735;"Mallotus villosus";"Capelin";"Osmeridae";"Osmeriformes";"Actinopteri"
125581;"Soleidae";"WoRMS 125581";"Soleidae";"Pleuronectiformes";"Actinopteri"
159067;"Brotula barbata";"Brotula barbata";"Ophidiidae";"Ophidiiformes";"Actinopteri"
211;"Mytilidae";"Saltwater mussels (Mytilidae)";"Mytilidae";"Mytilida";"Bivalvia"
140733;"Ensis ensis";"Jackknife";"Pharidae";"Adapedonta";"Bivalvia"
106822;"Penaeus";"Penaeus";"Penaeidae";"Decapoda";"Malacostraca"
105695;"Triakidae";"Houndsharks (Triakidae)";"Triakidae";"Carcharhiniformes";"Elasmobranchii"
125559;"Scombridae";"Mackerels (Scombridae)";"Scombridae";"Scombriformes";"Actinopteri"
140735;"Ensis siliqua";"Sword razor shell";"Pharidae";"Adapedonta";"Bivalvia"
367756;"Venerupis philippinarum";"Japanese littleneck";"Veneridae";"Venerida";"Bivalvia"
10313;"Gadiformes";"Gadiforms";NA;"Gadiformes";"Actinopteri"
10331;"Pleuronectiformes";"Flatfishes (Pleuronectiformes)";NA;"Pleuronectiformes";"Actinopteri"
127405;"Mola mola";"Ocean sunfish";"Molidae";"Tetraodontiformes";"Actinopteri"
158885;"Pseudopleuronectes americanus";"Lemon sole";"Pleuronectidae";"Pleuronectiformes";"Actinopteri"
123083;"Holothuroidea";"Sea cucumbers. WoRMS 123083";NA;NA;"Holothuroidea"
246184;"Penaeus notialis";"Southern pink shrimp. WoRMS 246184";"Penaeidae";"Decapoda";"Malacostraca"
126450;"Enchelyopus cimbrius";"Fourbeard rockling";"Lotidae";"Gadiformes";"Actinopteri"
154271;"Abramis";"Bream";"Cyprinidae";"Cypriniformes";"Actinopteri"
126827;"Centracanthus cirrus";"Centracanthus cirrus";"Sparidae";"Eupercaria incertae sedis";"Actinopteri"
11760;"Ommastrephidae";"Squids (Ommastrephidae)";"Ommastrephidae";"Oegopsida";"Cephalopoda"
106669;"Dendrobranchiata";"Dendrobranchiata";NA;"Decapoda";"Malacostraca"
126803;"Caranx hippos";"Caranx hippos";"Carangidae";"Carangiformes";"Actinopteri"
107083;"Aristeus antennatus";"Aristeus antennatus";"Aristeidae";"Decapoda";"Malacostraca"
272030;"Atherina presbyter";"Sand smelt";"Atherinidae";"Atheriniformes";"Actinopteri"
107046;"Plesionika";"Plesionika";"Pandalidae";"Decapoda";"Malacostraca"
126522;"Lampris guttatus";"Opah";"Lampridae";"Lampriformes";"Actinopteri"
273966;"Dentex maroccanus";"Dentex maroccanus";"Sparidae";"Eupercaria incertae sedis";"Actinopteri"
107399;"Polybius henslowii";"Polybius henslowii";"Polybiidae";"Decapoda";"Malacostraca"
126392;"Scomberesox saurus";"Atlantic saury";"Scomberesocidae";"Beloniformes";"Actinopteri"
127056;"Oblada melanura";"Oblada melanura";"Sparidae";"Eupercaria incertae sedis";"Actinopteri"
105816;"Sphyrna lewini";"Scalloped hammerhead";"Sphyrnidae";"Carcharhiniformes";"Elasmobranchii"
126964;"Ctenolabrus rupestris";"Goldsinny-wrasse";"Labridae";"Eupercaria incertae sedis";"Actinopteri"
107651;"Pandalus montagui";"Aesop shrimp";"Pandalidae";"Decapoda";"Malacostraca"
126527;"Trachipterus arcticus";"Dealfish";"Trachipteridae";"Lampriformes";"Actinopteri"
278702;"Genypterus blacodes";"WoRMS 278702. Pink cusk-eel";"Ophidiidae";"Ophidiiformes";"Actinopteri"
272449;"Macruronus magellanicus";"WoRMS 272449. Patagonian grenadier";"Merlucciidae";"Gadiformes";"Actinopteri"
151404;"Nototheniidae";"WoRMS 151404. Antarctic rockcods. noties nei";"Nototheniidae";"Perciformes";"Actinopteri"
282654;"Salilota australis";"WoRMS 282654. Tadpole codling";"Moridae";"Gadiformes";"Actinopteri"
321911;"Tetronarce nobiliana";"Electric ray";"Torpedinidae";"Torpediniformes";"Elasmobranchii"
401555;"Alectis alexandrina";"Alexandria pompano";"Carangidae";"Carangiformes";"Actinopteri"
125547;"Mullidae";"Goatfish";"Mullidae";"Mulliformes";"Actinopteri"
125576;"Bothidae";"Lefteye flounders";"Bothidae";"Pleuronectiformes";"Actinopteri"
125775;"Gasterosteus";"Gasterosteus sp.";"Gasterosteidae";"Perciformes";"Actinopteri"
127151;"Zeugopterus punctatus";"Topknot";"Scophthalmidae";"Pleuronectiformes";"Actinopteri"
105913;"Etmopterus spinax";"Velvet belly";"Etmopteridae";"Squaliformes";"Elasmobranchii"
125945;"Trachinotus";"Pompano";"Carangidae";"Carangiformes";"Actinopteri"
280634;"Eleginops maclovinus";"Patagonian blenny";"Eleginopsidae";"Perciformes";"Actinopteri"
154316;"Gobio gobio";"Gudgeon";"Cyprinidae";"Cypriniformes";"Actinopteri"
127204;"Taurulus bubalis";"Longspined bullhead";"Cottidae";"Perciformes";"Actinopteri"
126034;"Mullus";"Mullus. WoRMS 126034";"Mullidae";"Mulliformes";"Actinopteri"
273960;"Dentex canariensis";"Canary dentex. WoRMS 273960";"Sparidae";"Eupercaria incertae sedis";"Actinopteri"
126985;"Mullus barbatus";"Red mullet. WoRMS 126985";"Mullidae";"Mulliformes";"Actinopteri"
156817;"Argopecten irradians";"Bay Scallop";"Pectinidae";"Pectinida";"Bivalvia"
105851;"Dasyatis pastinaca";"Common stingray";"Dasyatidae";"Myliobatiformes";"Elasmobranchii"
127247;"Scorpaena porcus";"Black scorpionfish";"Scorpaenidae";"Perciformes";"Actinopteri"
125464;"Clupeidae";"WoRMS Aphia 125464. herrings";"Clupeidae";"Clupeiformes";"Actinopteri"
105837;"Cetorhinus maximus";"Basking shark";"Cetorhinidae";"Lamniformes";"Elasmobranchii"
107707;"Panulirus regius";"Panulirus regius";"Palinuridae";"Decapoda";"Malacostraca"
126980;"Liza ramada";"Thinlip grey mullet";"Mugilidae";"Mugiliformes";"Actinopteri"
126978;"Liza aurata";"Golden grey mullet";"Mugilidae";"Mugiliformes";"Actinopteri"
123390;"Strongylocentrotus";"Strongylocentrotus";"Strongylocentrotidae";"Camarodonta";"Echinoidea"
105870;"Dipturus linteus";"Sailray";"Rajidae";"Rajiformes";"Elasmobranchii"
273571;"Symphodus melops";"Corkwing wrasse";"Labridae";"Eupercaria incertae sedis";"Actinopteri"
234781;"Micromesistius australis";"Micromesistius australis";"Gadidae";"Gadiformes";"Actinopteri"
126943;"Brachydeuterus auritus";"Brachydeuterus auritus";"Haemulidae";"Eupercaria incertae sedis";"Actinopteri"
123776;"Asterias rubens";"Red starfish";"Asteriidae";"Forcipulatida";"Asteroidea"
126435;"Gadiculus argenteus";"Silvery pout";"Gadidae";"Gadiformes";"Actinopteri"
101170;"Myxine glutinosa";"Hagfish";"Myxinidae";"Myxiniformes";"Myxini"
126486;"Antimora rostrata";"Blue antimora";"Moridae";"Gadiformes";"Actinopteri"
105906;"Centroscyllium fabricii";"Black dogfish";"Etmopteridae";"Squaliformes";"Elasmobranchii"
105891;"Raja undulata";"Undulate ray";"Rajidae";"Rajiformes";"Elasmobranchii"
158962;"Merluccius bilinearis";"Merluccius bilinearis";"Merlucciidae";"Gadiformes";"Actinopteri"
140600;"Eledone cirrhosa";"Horned octopus";"Eledonidae";"Octopoda";"Cephalopoda"
278529;"Lophiodes kempi";"Lophiodes kempi";"Lophiidae";"Lophiiformes";"Actinopteri"
125773;"Phycis";"Phycis sp.";"Phycidae";"Gadiformes";"Actinopteri"
126129;"Microchirus";"Microchirus Bonaparte 1833. WoRMS 126129";"Soleidae";"Pleuronectiformes";"Actinopteri"
126460;"Molva macrophthalma";"Molva macrophthalma. WoRMS 126460";"Lotidae";"Gadiformes";"Actinopteri"
105729;"Scyliorhinus";"Scyliorhinus sp.";"Scyliorhinidae";"Carcharhiniformes";"Elasmobranchii"
127263;"Chelidonichthys obscurus";"Chelidonichthys obscurus";"Triglidae";"Perciformes";"Actinopteri"
138138;"Alloteuthis";"Little squid";"Loliginidae";"Myopsida";"Cephalopoda"
126100;"Uranoscopus";"Uranoscopus sp.";"Uranoscopidae";"Perciformes";"Actinopteri"
126863;"Lepidocybium flavobrunneum";"Lepidocybium flavobrunneum";"Gempylidae";"Scombriformes";"Actinopteri"
158326;"Aristaeomorpha foliacea";"Aristaeomorpha foliacea";"Aristeidae";"Decapoda";"Malacostraca"
126171;"Scorpaena";"scorpionfishes. AphiaID 126171";"Scorpaenidae";"Perciformes";"Actinopteri"
126835;"Cepola macrophthalma";"red band-fish. AphiaID 126835";"Cepolidae";"Eupercaria incertae sedis";"Actinopteri"
107709;"Scyllarus arctus";"small European locust lobster. WoRMS 107709";"Scyllaridae";"Decapoda";"Malacostraca"
159184;"Lophius americanus";"Lophius americanus";"Lophiidae";"Lophiiformes";"Actinopteri"
138590;"Gibbula";"Gibbula sp.";"Trochidae";"Trochida";"Gastropoda"
126076;"Diplodus";"Diplodus. WoRMS 126076";"Sparidae";"Eupercaria incertae sedis";"Actinopteri"
272457;"Merluccius polli";"Merluccius polli";"Merlucciidae";"Gadiformes";"Actinopteri"
214557;"Triaenodon obesus";"Triaenodon obesus";"Carcharhinidae";"Carcharhiniformes";"Elasmobranchii"
240796;"Aristaeopsis edwardsiana";"Aristaeopsis edwardsiana";"Aristeidae";"Decapoda";"Malacostraca"
127014;"Acanthocybium solandri";"Acanthocybium solandri";"Scombridae";"Scombriformes";"Actinopteri"
234116;"Aristeus varidens";"Aristeus varidens";"Aristeidae";"Decapoda";"Malacostraca"
151179;"Morone saxatilis";"Striped bass";"Moronidae";"Eupercaria incertae sedis";"Actinopteri"
105915;"Oxynotus paradoxus";"Sailfin roughshark";"Oxynotidae";"Squaliformes";"Elasmobranchii"
712917;"Brachirus niger";"WoRMS AphiaID 712917";"Soleidae";"Pleuronectiformes";"Actinopteri"
107676;"Pasiphaea multidentata";"Pink Glass Shrimp";"Pasiphaeidae";"Decapoda";"Malacostraca"
272258;"Clupeonella engrauliformis";"anchovy sprat. WoRMS AphiaID 272258";"Clupeidae";"Clupeiformes";"Actinopteri"
105904;"Deania hystricosa";"rough longnose dogfish. WoRMS AphiaID 105904";"Centrophoridae";"Squaliformes";"Elasmobranchii"
126682;"Alepocephalus bairdii";"Baird's smooth-head";"Alepocephalidae";"Alepocephaliformes";"Actinopteri"
105908;"Centroscymnus crepidater";"Longnose velvet dogfish";"Somniosidae";"Squaliformes";"Elasmobranchii"
10211;"Squaliformes";"WoRMS 10211";NA;"Squaliformes";"Elasmobranchii"
126080;"Pagrus";"Pagrus sp.";"Sparidae";"Eupercaria incertae sedis";"Actinopteri"
125949;"Spicara";"Spicara sp.";"Sparidae";"Eupercaria incertae sedis";"Actinopteri"
126070;"Serranus";"Serranus sp.";"Serranidae";"Perciformes";"Actinopteri"
105789;"Carcharhinus falciformis";"Carcharhinus falciformis";"Carcharhinidae";"Carcharhiniformes";"Elasmobranchii"
107264;"Paromola cuvieri";"Paromola cuvieri";"Homolidae";"Decapoda";"Malacostraca"
158928;"Microgadus tomcod";"Microgadus tomcod";"Gadidae";"Gadiformes";"Actinopteri"
254569;"Oncorhynchus nerka";"Oncorhynchus nerka";"Salmonidae";"Salmoniformes";"Actinopteri"
126032;"Mugil";"Mugil sp.";"Mugilidae";"Mugiliformes";"Actinopteri"
126052;"Argyrosomus";"Argyrosomus sp.";"Sciaenidae";"Eupercaria incertae sedis";"Actinopteri"
127126;"Arnoglossus laterna";"Scaldfish";"Bothidae";"Pleuronectiformes";"Actinopteri"
274196;"Cynoglossus canariensis";"Cynoglossus canariensis";"Cynoglossidae";"Pleuronectiformes";"Actinopteri"
105886;"Raja miraletus";"Raja miraletus";"Rajidae";"Rajiformes";"Elasmobranchii"
105835;"Alopias superciliosus";"Alopias superciliosus";"Alopiidae";"Lamniformes";"Elasmobranchii"
105769;"Rhinobatos";"Rhinobatos sp.";"Rhinobatidae";"Rhinopristiformes";"Elasmobranchii"
105783;"Squatina";"Squatina sp.";"Squatinidae";"Squatiniformes";"Elasmobranchii"
158669;"Alosa pseudoharengus";"Alosa pseudoharengus";"Clupeidae";"Clupeiformes";"Actinopteri"
126068;"Epinephelus";"Epinephelus sp.";"Serranidae";"Perciformes";"Actinopteri"
159791;"Lutjanus";"Lutjanus sp.";"Lutjanidae";"Eupercaria incertae sedis";"Actinopteri"
107704;"Palinurus mauritanicus";"Pink spiny lobster. WoRMS AphiaID107704";"Palinuridae";"Decapoda";"Malacostraca"
126011;"Pomadasys";"Pomadasys sp.";"Haemulidae";"Eupercaria incertae sedis";"Actinopteri"
141546;"Solen marginatus";"Solen marginatus";"Solenidae";"Adapedonta";"Bivalvia"
105730;"Sphyrna";"Sphyrna sp.";"Sphyrnidae";"Carcharhiniformes";"Elasmobranchii"
181364;"Venerupis corrugata";"Venerupis pullastra";"Veneridae";"Venerida";"Bivalvia"
125762;"Merluccius";"Merluccius sp.";"Merlucciidae";"Gadiformes";"Actinopteri"
126947;"Pomadasys incisus";"Pomadasys incisus";"Haemulidae";"Eupercaria incertae sedis";"Actinopteri"
105751;"Dasyatis";"Dasyatis sp.";"Dasyatidae";"Myliobatiformes";"Elasmobranchii"
126957;"Acantholabrus palloni";"Scale-rayed wrasse";"Labridae";"Eupercaria incertae sedis";"Actinopteri"
105850;"Dasyatis centroura";"Dasyatis centroura";"Dasyatidae";"Myliobatiformes";"Elasmobranchii"
106930;"Portunus";"Portunus sp.";"Portunidae";"Decapoda";"Malacostraca"
107107;"Metapenaeus monoceros";"Metapenaeus monoceros";"Penaeidae";"Decapoda";"Malacostraca"
51;"Mollusca";"Mollusca";NA;NA;NA
217746;"Merluccius capensis";"Merluccius capensis";"Merlucciidae";"Gadiformes";"Actinopteri"
574541;"Doryteuthis pealeii";"Longfin inshore squid";"Loliginidae";"Myopsida";"Cephalopoda"
159811;"Stenotomus chrysops";"Stenotomus chrysops";"Sparidae";"Eupercaria incertae sedis";"Actinopteri"
138352;"Pinna";"Pinna sp.";"Pinnidae";"Ostreida";"Bivalvia"
107379;"Callinectes sapidus";"Callinectes sapidus";"Portunidae";"Decapoda";"Malacostraca"
105797;"Carcharhinus plumbeus";"Carcharhinus plumbeus";"Carcharhinidae";"Carcharhiniformes";"Elasmobranchii"
126811;"Naucrates ductor";"Pilotfish";"Carangidae";"Carangiformes";"Actinopteri"
105840;"Isurus paucus";"longfin mako. WoRMS AphiaID 105840";"Lamnidae";"Lamniformes";"Elasmobranchii"
126433;"Boreogadus saida";"Polar cod";"Gadidae";"Gadiformes";"Actinopteri"
127016;"Auxis thazard";"Frigate tuna";"Scombridae";"Scombriformes";"Actinopteri"
126372;"Synodus saurus";"Synodus saurus";"Synodontidae";"Aulopiformes";"Actinopteri"
106763;"Portunidae";"Portunidae";"Portunidae";"Decapoda";"Malacostraca"
127196;"Cottus gobio";"European bullhead";"Cottidae";"Perciformes";"Actinopteri"
158566;"Conger oceanicus";"WoRMS ID 158566. conger eel.";"Congridae";"Anguilliformes";"Actinopteri"
110690;"Meganyctiphanes norvegica";"Northern krill. WoRMS 110690";"Euphausiidae";"Euphausiacea";"Malacostraca"
105807;"Apristurus laurussonii";"Iceland catshark. AphiaID 105807";"Pentanchidae";"Carcharhiniformes";"Elasmobranchii"
126831;"Centrolophus niger";"Rudderfish";"Centrolophidae";"Scombriformes";"Actinopteri"
127256;"Trachyscorpia cristulata";"Atlantic thornyhead";"Sebastidae";"Perciformes";"Actinopteri"
282855;"Squalius cephalus";"Chub";"Cyprinidae";"Cypriniformes";"Actinopteri"
106782;"Crangonidae";"WoRMS 106782";"Crangonidae";"Decapoda";"Malacostraca"
229;"Cardiidae";"Cockles. WoRMS Aphia 229";"Cardiidae";"Cardiida";"Bivalvia"
125551;"Polynemidae";"Polynemidae";"Polynemidae";"Carangaria incertae sedis";"Actinopteri"
105927;"Squatina oculata";"Squatina oculata";"Squatinidae";"Squatiniformes";"Elasmobranchii"
127008;"Pseudotolithus senegalensis";"Pseudotolithus senegalensis";"Sciaenidae";"Eupercaria incertae sedis";"Actinopteri"
273823;"Thunnus orientalis";"Thunnus orientalis";"Scombridae";"Scombriformes";"Actinopteri"
272452;"Merluccius australis";"Merluccius australis";"Merlucciidae";"Gadiformes";"Actinopteri"
141577;"Arcopagia crassa";"Arcopagia crassa";"Tellinidae";"Cardiida";"Bivalvia"
105793;"Carcharhinus limbatus";"Carcharhinus limbatus";"Carcharhinidae";"Carcharhiniformes";"Elasmobranchii"
158667;"Alosa aestivalis";"Blueback shad. WoRMS 158667";"Clupeidae";"Clupeiformes";"Actinopteri"
151748;"Scombroidei";"Tuna-like fishes. WoRMS Aphia 151748";NA;"Perciformes";"Actinopteri"
219697;"Thyrsites atun";"snoek. WoRMS AphiaID 219697";"Gempylidae";"Scombriformes";"Actinopteri"
273146;"Brama australis";"Brama australis. WoRMS Aphia 273146";"Bramidae";"Scombriformes";"Actinopteri"
273675;"Cubiceps caeruleus";"Cubiceps caeruleus. WoRMS Aphia 273675";"Nomeidae";"Scombriformes";"Actinopteri"
107007;"Crangon";"Crangon shrimps. WoRMS AphiaID 107007";"Crangonidae";"Decapoda";"Malacostraca"
126757;"Anarhichas denticulatus";"Northern wolffish";"Anarhichadidae";"Perciformes";"Actinopteri"
125505;"Ophidiidae";"";"Ophidiidae";"Ophidiiformes";"Actinopteri"
126094;"Trachinus";"Weevers. WoRMS 126094";"Trachinidae";"Perciformes";"Actinopteri"
246388;"Penaeus kerathurus";"Caramote prawn. WoRMS 246388";"Penaeidae";"Decapoda";"Malacostraca"
136137;"Squilla mantis";"WoRMS 136137";"Squillidae";"Stomatopoda";"Malacostraca"
126112;"Cynoglossus";"Tonguesoles. WoRMS 126112";"Cynoglossidae";"Pleuronectiformes";"Actinopteri"
11725;"Sepiolidae";"Sepiolidae";"Sepiolidae";"Sepiida";"Cephalopoda"
125526;"Centrolophidae";"";"Centrolophidae";"Scombriformes";"Actinopteri"
106917;"Chaceon";"";"Geryonidae";"Decapoda";"Malacostraca"
126401;"Gephyroberyx darwinii";"Darwin's slimehead";"Trachichthyidae";"Trachichthyiformes";"Actinopteri"
272601;"Lophius vaillanti";"Shortspine African angler";"Lophiidae";"Lophiiformes";"Actinopteri"
127417;"Sphoeroides pachygaster";"Smooth pufferfish. WoRMS 127417";"Tetraodontidae";"Tetraodontiformes";"Actinopteri"
234117;"Chaceon maritae";"";"Geryonidae";"Decapoda";"Malacostraca"
158988;"Phycis chesteri";"Longfin hake";"Phycidae";"Gadiformes";"Actinopteri"
273964;"Dentex gibbosus";"Pink dentex. WoRMS 273964";"Sparidae";"Eupercaria incertae sedis";"Actinopteri"
126079;"Pagellus";"";"Sparidae";"Eupercaria incertae sedis";"Actinopteri"
106727;"Penaeidae";"Penaeid shrimps. WoRMS 106727";"Penaeidae";"Decapoda";"Malacostraca"
127011;"Umbrina canariensis";"Canary drum (=Baardman)";"Sciaenidae";"Eupercaria incertae sedis";"Actinopteri"
10329;"Scorpaeniformes";"WoRMS 10329";NA;"Scorpaeniformes";NA
127130;"Citharus linguatula";"Spotted flounder. WoRMS 127130";"Citharidae";"Pleuronectiformes";"Actinopteri"
126997;"Galeoides decadactylus";"Lesser African threadfin";"Polynemidae";"Carangaria incertae sedis";"Actinopteri"
127128;"Arnoglossus thori";"Thor's scaldfish";"Bothidae";"Pleuronectiformes";"Actinopteri"
127131;"Cynoglossus browni";"Nigerian tonguesole";"Cynoglossidae";"Pleuronectiformes";"Actinopteri"
280725;"Ethmalosa fimbriata";"Bonga shad. WoRMS 280725";"Clupeidae";"Clupeiformes";"Actinopteri"
276824;"Psettodes bennettii";"Spiny turbot";"Psettodidae";"Pleuronectiformes";"Actinopteri"
105712;"Rhinobatidae";"";"Rhinobatidae";"Rhinopristiformes";"Elasmobranchii"
126241;"Sphoeroides";"WoRMS 126241";"Tetraodontidae";"Tetraodontiformes";"Actinopteri"
125565;"Sphyraenidae";"";"Sphyraenidae";"Carangaria incertae sedis";"Actinopteri"
151453;"Lutjanidae";"";"Lutjanidae";"Eupercaria incertae sedis";"Actinopteri"
11713;"Sepiida";"Little cuttlefishes. WoRMS 11713";NA;"Sepiida";"Cephalopoda"
234751;"Patagonotothen brevicauda";"";"Nototheniidae";"Perciformes";"Actinopteri"
105775;"Etmopterus";"Lanternsharks. WoRMS 105775";"Etmopteridae";"Squaliformes";"Elasmobranchii"
125589;"Cottidae";"Bullheads/sculpins. WoRMS AphiaID 125589";"Cottidae";"Perciformes";"Actinopteri"
159340;"Scomberomorus cavalla";"";"Scombridae";"Scombriformes";"Actinopteri"
205077;"Macropodia";"Spider crabs";"Inachidae";"Decapoda";"Malacostraca"
150630;"Echiichthys vipera";"Lesser weever. WoRMS 150630";"Trachinidae";"Perciformes";"Actinopteri"
127000;"Chromis chromis";"Damselfish";"Pomacentridae";"Ovalentaria incertae sedis";"Actinopteri"
126963;"Coris julis";"Mediterranean rainbow wrasse";"Labridae";"Eupercaria incertae sedis";"Actinopteri"
126301;"Gymnothorax unicolor";"Brown moray";"Muraenidae";"Anguilliformes";"Actinopteri"
303486;"Kyphosus sectatrix";"Bermuda sea chub";"Kyphosidae";"Centrarchiformes";"Actinopteri"
151501;"Labrus mixtus";"Red wrasse";"Labridae";"Eupercaria incertae sedis";"Actinopteri"
140270;"Loligo forbesii";"Inshore squid";"Loliginidae";"Myopsida";"Cephalopoda"
299565;"Muraena augusti";"Muraena augusti";"Muraenidae";"Anguilliformes";"Actinopteri"
127163;"Polymixia nobilis";"Polymixia nobilis";"Polymixiidae";"Polymixiiformes";"Actinopteri"
126812;"Pseudocaranx dentex";"Pseudocaranx dentex. WoRMS 126812";"Carangidae";"Carangiformes";"Actinopteri"
126818;"Seriola rivoliana";"Longfin yellowtail";"Carangidae";"Carangiformes";"Actinopteri"
126970;"Thalassoma pavo";"WoRMS 126970";"Labridae";"Eupercaria incertae sedis";"Actinopteri"
126298;"Enchelycore anatina";"Fangtooth moray";"Muraenidae";"Anguilliformes";"Actinopteri"
107275;"Cancer bellianus";"WoRMS 107275";"Cancridae";"Decapoda";"Malacostraca"
159833;"Aphanopus intermedius";"Aphanopus intermedius. WoRMS 159833";"Trichiuridae";"Scombriformes";"Actinopteri"
140684;"Patella ulyssiponensis";"Rough limpet. WoRMS 140684";"Patellidae";NA;"Gastropoda"
107656;"Plesionika edwardsii";"Striped soldier shrimp";"Pandalidae";"Decapoda";"Malacostraca"
126999;"Abudefduf luridus";"Canary damsel";"Pomacentridae";"Ovalentaria incertae sedis";"Actinopteri"
154375;"Thymallus thymallus";"Grayling";"Salmonidae";"Salmoniformes";"Actinopteri"
138268;"Octopus";"Octopuses";"Octopodidae";"Octopoda";"Cephalopoda"
127190;"Agonus cataphractus";"Hooknose";"Agonidae";"Perciformes";"Actinopteri"
126675;"Ophidion barbatum";"Snake blenny";"Ophidiidae";"Ophidiiformes";"Actinopteri"
125570;"Trachinidae";"";"Trachinidae";"Perciformes";"Actinopteri"
106790;"Pasiphaeidae";"Glass shrimps (family). WoRMS 106790";"Pasiphaeidae";"Decapoda";"Malacostraca"
181580;"Corbicula fluminea";"Asian clam";"Cyrenidae";"Venerida";"Bivalvia"
105740;"Alopias";"Alopias";"Alopiidae";"Lamniformes";"Elasmobranchii"
218565;"Pomadasys olivaceus";"";"Haemulidae";"Eupercaria incertae sedis";"Actinopteri"
126063;"Scomber";"WoRMS 126063";"Scombridae";"Scombriformes";"Actinopteri"
274298;"Dicologlossa hexophthalma";"";"Soleidae";"Pleuronectiformes";"Actinopteri"
126855;"Erythrocles monodi";"";"Emmelichthyidae";"Eupercaria incertae sedis";"Actinopteri"
141459;"Sepiola rondeletii";"Dwarf bobtail squid. WoRMS 141459";"Sepiolidae";"Sepiida";"Cephalopoda"
127068;"Sphyraena sphyraena";"";"Sphyraenidae";"Carangaria incertae sedis";"Actinopteri"
274314;"Synaptura cadenati";"";"Soleidae";"Pleuronectiformes";"Actinopteri"
10295;"Anguilliformes";"";NA;"Anguilliformes";"Actinopteri"
125612;"Tetraodontidae";"toadfishes. AphiaID 125612";"Tetraodontidae";"Tetraodontiformes";"Actinopteri"
127039;"Mycteroperca rubra";"Mottled grouper";"Serranidae";"Perciformes";"Actinopteri"
125519;"Blenniidae";"Blennies. WoRMS Aphia 125519";"Blenniidae";"Blenniiformes";"Actinopteri"
275405;"Elops lacerta";"";"Elopidae";"Elopiformes";"Actinopteri"
271638;"Etmopterus polli";"";"Etmopteridae";"Squaliformes";"Elasmobranchii"
3;"Plantae";"Plants. WoRMS 3";NA;NA;NA
273510;"Pomadasys perotaei";"";"Haemulidae";"Eupercaria incertae sedis";"Actinopteri"
276823;"Psettodes belcheri";"Psettodes belcheri";"Psettodidae";"Pleuronectiformes";"Actinopteri"
277898;"Drepane africana";"";"Drepaneidae";"Acanthuriformes";"Actinopteri"
127159;"Solea senegalensis";"Senegal sole. WoRMS 127159";"Soleidae";"Pleuronectiformes";"Actinopteri"
106921;"Callinectes";"Callinectes. WoRMS 106921";"Portunidae";"Decapoda";"Malacostraca"
276423;"Eucinostomus melanopterus";"";"Gerreidae";"Eupercaria incertae sedis";"Actinopteri"
274302;"Microchirus ocellatus";"Azevia";"Soleidae";"Pleuronectiformes";"Actinopteri"
127006;"Rachycentron canadum";"";"Rachycentridae";"Carangiformes";"Actinopteri"
107268;"Calappa granulata";"WoRMS 107268";"Calappidae";"Decapoda";"Malacostraca"
106807;"Aristeus";"";"Aristeidae";"Decapoda";"Malacostraca"
126180;"Trigla";"WoRMS 126180";"Triglidae";"Perciformes";"Actinopteri"
826639;"Torpedo";"Torpedo rays. WoRMS 105784";"Torpedinidae";"Torpediniformes";"Elasmobranchii"
127261;"Chelidonichthys lastoviza";"Streaked gurnard";"Triglidae";"Perciformes";"Actinopteri"
105813;"Galeus murinus";"Mouse catshark. AphiaID 105813";"Pentanchidae";"Carcharhiniformes";"Elasmobranchii"
107615;"Palaemon longirostris";"Delta prawn";"Palaemonidae";"Decapoda";"Malacostraca"
105881;"Raja asterias";"Mediterranean starry ray. WoRMS 105881";"Rajidae";"Rajiformes";"Elasmobranchii"
123082;"Echinoidea";"sea urchins (nei)";NA;NA;"Echinoidea"
140059;"Haliotis tuberculata";"Tuberculate abalone. WoRMS 140059";"Haliotidae";"Lepetellida";"Gastropoda"
141445;"Sepia orbignyana";"pink cuttlefish. WoRMS AphiaID 141445";"Sepiidae";"Sepiida";"Cephalopoda"
231750;"Ruditapes philippinarum";"Japanese carpet shell. WoRMS 231750";"Veneridae";"Venerida";"Bivalvia"
712907;"Kajikia audax";"Striped marlin";"Istiophoridae";"Carangiformes";"Actinopteri"
138297;"Crassostrea";"Cupped oysters. WoRMS 138297";"Ostreidae";"Ostreida";"Bivalvia"
105928;"Squatina squatina";"Angelshark";"Squatinidae";"Squatiniformes";"Elasmobranchii"
145990;"Ulva rigida";"Sea lettuce. WoRMS 145990";"Ulvaceae";"Ulvales";"Ulvophyceae"
106177;"Pollicipes pollicipes";"Gooseneck barnacle. WoRMS 106177";"Pollicipedidae";"Pollicipedomorpha";"Thecostraca"
125744;"Molva";"WoRMS 125744";"Lotidae";"Gadiformes";"Actinopteri"
105727;"Apristurus";"ghost cat sharks. AphiaID 105727";"Pentanchidae";"Carcharhiniformes";"Elasmobranchii"
126830;"Spicara smaris";"Picarel";"Sparidae";"Eupercaria incertae sedis";"Actinopteri"
141443;"Sepia elegans";"Elegant cuttlefish. AphiaID 141443";"Sepiidae";"Sepiida";"Cephalopoda"
127153;"Buglossidium luteum";"Solenette";"Soleidae";"Pleuronectiformes";"Actinopteri"
144199;"Laminaria";"Sea kelp";"Laminariaceae";"Laminariales";"Phaeophyceae"
125988;"Gobius";"gobies. AphiaID125988";"Gobiidae";"Gobiiformes";"Actinopteri"
125752;"Macrourus";"AphiaID 125752";"Macrouridae";"Gadiformes";"Actinopteri"
127093;"Uranoscopus scaber";"Star-gazer. WoRMS 127093";"Uranoscopidae";"Perciformes";"Actinopteri"
210371;"Penaeus japonicus";"Kuruma prawn. WoRMS 210371";"Penaeidae";"Decapoda";"Malacostraca"
159343;"Thunnus atlanticus";"Blackfin tuna";"Scombridae";"Scombriformes";"Actinopteri"
125474;"Moridae";"Morid cod";"Moridae";"Gadiformes";"Actinopteri"
126152;"Myoxocephalus";"great sculpins. AphiaID 126152";"Cottidae";"Perciformes";"Actinopteri"
126141;"Salmo";"WoRMS 126141";"Salmonidae";"Salmoniformes";"Actinopteri"
219707;"Allothunnus fallai";"";"Scombridae";"Scombriformes";"Actinopteri"
106898;"Chionoecetes";"Snow crabs";"Oregoniidae";"Decapoda";"Malacostraca"
137906;"Donax";"Donax clams. WoRMS 137906";"Donacidae";"Cardiida";"Bivalvia"
272298;"Eleginus nawaga";"Wachna cod. WoRMS 272298";"Gadidae";"Gadiformes";"Actinopteri"
124316;"Paracentrotus lividus";"Stony sea urchin. WoRMS 124316";"Parechinidae";"Camarodonta";"Echinoidea"
246150;"Polititapes aureus";"Golden carpet shell. WoRMS 246150";"Veneridae";"Venerida";"Bivalvia"
140601;"Eledone moschata";"Musky octopus. WoRMS 140601";"Eledonidae";"Octopoda";"Cephalopoda"
159228;"Menidia menidia";"Atlantic silverside. WoRMS 159228";"Atherinopsidae";"Atheriniformes";"Actinopteri"
141424;"Scrobicularia plana";"Peppery furrow. WoRMS 141424";"Semelidae";"Cardiida";"Bivalvia"
125452;"Exocoetidae";"Flyingfishes. WoRMS 125452";"Exocoetidae";"Beloniformes";"Actinopteri"
106918;"Geryon";"Geryons. WoRMS 106918";"Geryonidae";"Decapoda";"Malacostraca"
105830;"Rhinochimaera atlantica";"Straightnose rabbitfish";"Rhinochimaeridae";"Chimaeriformes";"Holocephali"
126109;"Arnoglossus";"WoRMS 129109";"Bothidae";"Pleuronectiformes";"Actinopteri"
127255;"Sebastes viviparus";"Norway redfish";"Sebastidae";"Perciformes";"Actinopteri"
107678;"Pasiphaea tarda";"Glass shrimp";"Pasiphaeidae";"Decapoda";"Malacostraca"
135306;"Aurelia aurita";"";"Ulmaridae";"Semaeostomeae";"Scyphozoa"
141454;"Sepiola atlantica";"Atlantic bobtail squid";"Sepiolidae";"Sepiida";"Cephalopoda"
126814;"Selene dorsalis";"";"Carangidae";"Carangiformes";"Actinopteri"
127025;"Scomberomorus tritor";"West African mackerel";"Scombridae";"Scombriformes";"Actinopteri"
273307;"Spicara alta";"WoRMA 273307";"Sparidae";"Eupercaria incertae sedis";"Actinopteri"
712438;"Carlarius heudelotii";"";"Ariidae";"Siluriformes";"Actinopteri"
281158;"Ilisha africana";"West African ilisha";"Pristigasteridae";"Clupeiformes";"Actinopteri"
107373;"Geryon longipes";"WoRMS 107373";"Geryonidae";"Decapoda";"Malacostraca"
125438;"Atherinidae";"Atherinidae";"Atherinidae";"Atheriniformes";"Actinopteri"
138963;"Crepidula fornicata";"American slipper-limpet";"Calyptraeidae";"Littorinimorpha";"Gastropoda"
105924;"Squalus blainville";"Longnose spurdog. WoRMS 105924";"Squalidae";"Squaliformes";"Elasmobranchii"
131626;"Spongiidae";"WoRMS 131626";"Spongiidae";"Dictyoceratida";"Demospongiae"
105702;"Lamnidae";"Lamnidae";"Lamnidae";"Lamniformes";"Elasmobranchii"
126954;"Tetrapturus pfluegeri";"Longbill spearfish";"Istiophoridae";"Carangiformes";"Actinopteri"
293723;"Salmo trutta fario";"Freshwater brown trout";"Salmonidae";"Salmoniformes";"Actinopteri"
126233;"Mola";"";"Molidae";"Tetraodontiformes";"Actinopteri"
126299;"Gymnothorax maderensis";"Gymnothorax maderensis";"Muraenidae";"Anguilliformes";"Actinopteri"
158926;"Gadus ogac";"Gadus ogac";"Gadidae";"Gadiformes";"Actinopteri"
127050;"Diplodus bellottii";"WoRMS 127050";"Sparidae";"Eupercaria incertae sedis";"Actinopteri"
105743;"Isurus";"Mako shark. WoRMS AphiaID 105743";"Lamnidae";"Lamniformes";"Elasmobranchii"
271684;"Torpedo marmorata";"Marbled electric ray";"Torpedinidae";"Torpediniformes";"Elasmobranchii"
105710;"Myliobatidae";"Manta rays WoRMS 105710";"Myliobatidae";"Myliobatiformes";"Elasmobranchii"
1292;"Anthozoa";"Sea anemones. WoRMS 1292";NA;NA;"Anthozoa"
106789;"Pandalidae";"";"Pandalidae";"Decapoda";"Malacostraca"
138660;"Cymbium";"WoRMS 138660";"Volutidae";"Neogastropoda";"Gastropoda"
273513;"Pomadasys rogerii";"WoRMS 273513";"Haemulidae";"Eupercaria incertae sedis";"Actinopteri"
274226;"Cynoglossus senegalensis";"";"Cynoglossidae";"Pleuronectiformes";"Actinopteri"
10193;"Elasmobranchii";"Elasmobranchii";NA;NA;"Elasmobranchii"
105826;"Hydrolagus mirabilis";"Large-eyed rabbitfish";"Chimaeridae";"Chimaeriformes";"Holocephali"
105825;"Hydrolagus affinis";"deepwater chimaera. WoRMS AphiaID 105825";"Chimaeridae";"Chimaeriformes";"Holocephali"
219734;"Tetrapturus angustirostris";"Shortbill spearfish";"Istiophoridae";"Carangiformes";"Actinopteri"
107387;"Liocarcinus depurator";"blue-leg swimcrab. WoRMS ApiaID 107387";"Polybiidae";"Decapoda";"Malacostraca"
273021;"Apogon imberbis";"Cardinal fish";"Apogonidae";"Kurtiformes";"Actinopteri"
140623;"Sthenoteuthis pteropus";"";"Ommastrephidae";"Oegopsida";"Cephalopoda"
105823;"Mustelus punctulatus";"Blackspotted smooth-hound";"Triakidae";"Carcharhiniformes";"Elasmobranchii"
1019159;"Rajella lintea";"";"Rajidae";"Rajiformes";"Elasmobranchii"
126442;"Raniceps raninus";"Tadpole fish";"Gadidae";"Gadiformes";"Actinopteri"
106737;"Lithodidae";"";"Lithodidae";"Decapoda";"Malacostraca"
127413;"Ephippion guttifer";"WoRMS 127413";"Tetraodontidae";"Tetraodontiformes";"Actinopteri"
106738;"Paguridae";"Right-handed hermit crabs";"Paguridae";"Decapoda";"Malacostraca"
126684;"Alepocephalus rostratus";"Risso's smooth-head";"Alepocephalidae";"Alepocephaliformes";"Actinopteri"
127001;"Chromis limbata";"Azores chromis";"Pomacentridae";"Ovalentaria incertae sedis";"Actinopteri"
106224;"Megabalanus azoricus";"Megabalanus azoricus";"Balanidae";"Balanomorpha";"Thecostraca"
107197;"Dardanus arrosor";"WoRMS 107197";"Calcinidae";"Decapoda";"Malacostraca"
126866;"Promethichthys prometheus";"Roudi escolar";"Gempylidae";"Scombriformes";"Actinopteri"
422188;"Grapsus grapsus";"Lightfoot crab";"Grapsidae";"Decapoda";"Malacostraca"
138312;"Patella";"Limpets nei";"Patellidae";NA;"Gastropoda"
140678;"Patella candei";"Limpets nei";"Patellidae";NA;"Gastropoda"
138477;"Sepia";"";"Sepiidae";"Sepiida";"Cephalopoda"
123160;"Echinidae";"WoRMS 123160";"Echinidae";"Camarodonta";"Echinoidea"
125508;"Argentinidae";"";"Argentinidae";"Argentiniformes";"Actinopteri"
275247;"Stephanolepis cirrhifer";"";"Monacanthidae";"Tetraodontiformes";"Actinopteri"
293754;"Trachyscorpia cristulata echinata";"WoRMS 293754";"Sebastidae";"Perciformes";"Actinopteri"
159646;"Selar crumenophthalmus";"Bigeye scad. WoRMS 159646";"Carangidae";"Carangiformes";"Actinopteri"
127219;"Liparis liparis";"Striped seasnail";"Liparidae";"Perciformes";"Actinopteri"
127188;"Salvelinus alpinus";"Arctic char";"Salmonidae";"Salmoniformes";"Actinopteri"
105728;"Galeus";"";"Pentanchidae";"Carcharhiniformes";"Elasmobranchii"
107315;"Chionoecetes opilio";"Snow crab";"Oregoniidae";"Decapoda";"Malacostraca"
126580;"Benthosema glaciale";"Glacier lanternfish";"Myctophidae";"Myctophiformes";"Actinopteri"
126095;"Aphanopus";"";"Trichiuridae";"Scombriformes";"Actinopteri"
126865;"Nesiarchus nasutus";"Black gemfish";"Gempylidae";"Scombriformes";"Actinopteri"
125944;"Seriola";"Amberjacks nei";"Carangidae";"Carangiformes";"Actinopteri"
126788;"Taractichthys longipinnis";"Big-scale pomfret";"Bramidae";"Scombriformes";"Actinopteri"
126373;"Synodus synodus";"Redbarred lizardfish";"Synodontidae";"Aulopiformes";"Actinopteri"
105771;"Deania";"";"Centrophoridae";"Squaliformes";"Elasmobranchii"
105773;"Centroscymnus";"";"Somniosidae";"Squaliformes";"Elasmobranchii"
689175;"Phorcus atratus";"Caramujo-da-Madeira";"Trochidae";"Trochida";"Gastropoda"
465540;"Procambarus clarkii";"Red swamp crawfish. WoRMS 465540";"Cambaridae";"Decapoda";"Malacostraca"
125416;"Corallium rubrum";"";"Coralliidae";"Alcyonacea";"Anthozoa"
158812;"Istiophorus platypterus";"Indo-Pacific sailfish";"Istiophoridae";"Carangiformes";"Actinopteri"
126508;"Spinachia spinachia";"Sea stickleback";"Gasterosteidae";"Perciformes";"Actinopteri"
105811;"Galeus atlanticus";"Atlantic sawtail catshark";"Pentanchidae";"Carcharhiniformes";"Elasmobranchii"
871951;"Aetomylaeus bovinus";"Bull ray";"Myliobatidae";"Myliobatiformes";"Elasmobranchii"
271691;"Torpedo torpedo";"Common torpedo";"Torpedinidae";"Torpediniformes";"Elasmobranchii"
299235;"Squalus uyato";"Little gulper shark";"Squalidae";"Squaliformes";"Elasmobranchii"
151177;"Morone americana";"White perch";"Moronidae";"Eupercaria incertae sedis";"Actinopteri"
138158;"Mactra";"Fenugreeks. WoRMS 138158";"Mactridae";"Venerida";"Bivalvia"
135220;"Scyphozoa";"Jellyfish";NA;NA;"Scyphozoa"
