region;sppName;latinName;RFMO;RFMO_Stock_ID;FIDES_stockID;area;areaBis;TAC area description;Comments;;;;;
Baltic Sea;European Eel;Anguilla anguilla;ICES;;No TAC;22-32;27_3_C_22,27_3_B_23,27_3_D_24,27_3_D_25,27_3_D_26,27_3_D_27,27_3_D_28,27_3_D_29,27_3_D_30,27_3_D_31,27_3_D_32;;;;;;;
Baltic Sea;Herring;Clupea harengus;ICES;;HER3BC+24;22-24;27_3_C_22,27_3_B_23,27_3_D_24;;;;;;;
Baltic Sea;Herring;Clupea harengus;ICES;;HER3D-R30;25-29,32;27_3_D_25,27_3_D_26,27_3_D_27,27_3_D_28_2,27_3_D_29,27_3_D_32;;;;;;;
Baltic Sea;Herring;Clupea harengus;ICES;;HER3D30.;30;27_3_D_30;;;;;;;
Baltic Sea;Herring;Clupea harengus;ICES;;HER3D31.;31;27_3_D_31;;;;;;;
Baltic Sea;Herring;Clupea harengus;ICES;;HER03D.RG;Gulf of Riga;27_3_D_28_1;;;;;;;
Baltic Sea;Vendace;Coregonus albula;ICES;;No TAC;22-32;27_3_C_22,27_3_B_23,27_3_D_24,27_3_D_25,27_3_D_26,27_3_D_27,27_3_D_28,27_3_D_29,27_3_D_30,27_3_D_31,27_3_D_32;;;;;;;
Baltic Sea;Common Whitefish/houting;Coregonus lavaretus;ICES;;No TAC;IIId;27_3_D;;;;;;;
Baltic Sea;Cod;Gadus morhua;ICES;;COD3BC+24;22-24;27_3_C_22, 27_3_B_23,27_3_D_24;IIIb)c)d) (1) - Sub Divisions 22 to 24;;;;;;
Baltic Sea;Cod;Gadus morhua;ICES;;COD3DX32.;25-32;27_3_D_25,27_3_D_26,27_3_D_27,27_3_D_28,27_3_D_29,27_3_D_30, 27_3_D_31,27_3_D_32;IIId) (1) - Sub Divisions 25-32;;;;;;
Baltic Sea;Dab;Limanda limanda;ICES;;No TAC;22-32;27_3_C_22,27_3_B_23,27_3_D_24, 27_3_D_25,27_3_D_26,27_3_D_27,27_3_D_28,27_3_D_29,27_3_D_30,27_3_D_31,27_3_D_32;;;;;;;
Baltic Sea;Perch;Perca fluviatilis;ICES;;No TAC;IIId;27_3_D;;;;;;;
Baltic Sea;Flounder;Platichthys flesus;ICES;;No TAC;22-32;27_3_C_22,27_3_B_23,27_3_D_24,27_3_D_25,27_3_D_26,27_3_D_27,27_3_D_28,27_3_D_29,27_3_D_30,27_3_D_31,27_3_D_32;;;;;;;
Baltic Sea;Plaice;Pleuronectes platessa;ICES;;PLE3BCD-C;22-32;27_3_C_22,27_3_B_23,27_3_D_24,27_3_D_25,27_3_D_26,27_3_D_27,27_3_D_28,27_3_D_29,27_3_D_30,27_3_D_31,27_3_D_32;IIIb)c)d)  Excluding MU3;;;;;;
Baltic Sea;Turbot;Psetta maxima;ICES;;No TAC;22-32;27_3_C_22,27_3_B_23,27_3_D_24,27_3_D_25,27_3_D_26,27_3_D_27,27_3_D_28,27_3_D_29,27_3_D_30,27_3_D_31,27_3_D_32;;;;;;;
Baltic Sea;Salmon;Salmo salar;ICES;;SAL3BCD-F;22-31;27_3_C_22,27_3_B_23,27_3_D_24,27_3_D_25,27_3_D_26,27_3_D_27,27_3_D_28,27_3_D_29,27_3_D_30,27_3_D_31;;;;;;;
Baltic Sea;Salmon;Salmo salar;ICES;;SAL3D32.;32;27_3_D_32;;;;;;;
Baltic Sea;Sea trout;Salmo trutta;ICES;;No TAC;22-32;27_3_C_22,27_3_B_23,27_3_D_24,27_3_D_25,27_3_D_26,27_3_D_27,27_3_D_28,27_3_D_29,27_3_D_30,27_3_D_31,27_3_D_32;;;;;;;
Baltic Sea;Pike-perch;Sander lucioperca;ICES;;No TAC;IIId;27_3_D;;;;;;;
Baltic Sea;Brill;Scophthalmus rhombus;ICES;;No TAC;22-32;27_3_C_22,27_3_B_23,27_3_D_24,27_3_D_25,27_3_D_26,27_3_D_27,27_3_D_28,27_3_D_29,27_3_D_30,27_3_D_31,27_3_D_32;;;;;;;
Baltic Sea;Sole;Solea solea;ICES;;No TAC;22;27_3_C_22;;;;;;;
Baltic Sea;Sprat;Sprattus sprattus;ICES;;SPR3B23.,SPR3BCD-C,SPR3C22.,SPR3D24.,SPR3D25.,SPR3D26.,SPR3D27.,SPR3D28.,SPR3D29.,SPR3D30.,SPR3D31.,SPR3D32.;22-32;27_3_C_22,27_3_B_23,27_3_D_24,27_3_D_25,27_3_D_26,27_3_D_27,27_3_D_28,27_3_D_29,27_3_D_30,27_3_D_31,27_3_D_32;;To be checked;;;;;
North Sea and Eastern Arctic;Thresher;Alopias vulpinus;ICES;;No TAC;all areas;27_4,27_7_D;;;;;;;
North Sea and Eastern Arctic;Starry ray;Amblyraja radiata;ICES;;No TAC;IV;27_4;;;;;;;
North Sea and Eastern Arctic;Sand eel;Ammodytidae;ICES;;SAN2A3A4.;IIIa;27_3_A;IIIa,   EC waters of IIa and IV;;;;;;
North Sea and Eastern Arctic;Sand eel;Ammodytidae;ICES;;SAN2A3A4.;IV;27_4;IIIa,   EC waters of IIa and IV;;;;;;
North Sea and Eastern Arctic;Catfish;Anarhichas spp;ICES;;No TAC;IV;27_4;;;;;;;
North Sea and Eastern Arctic;European Eel;Anguilla anguilla;ICES;;No TAC;I-II;27_1,27_2;;;;;;;
North Sea and Eastern Arctic;European Eel;Anguilla anguilla;ICES;;No TAC;IIIa;27_3_A;;;;;;;
North Sea and Eastern Arctic;European Eel;Anguilla anguilla;ICES;;No TAC;IV, VIId;27_4,27_7_D;;;;;;;
North Sea and Eastern Arctic;Argentine;Argentina spp;ICES;;ARU34-C;IV;27_4;;;;;;;
North Sea and Eastern Arctic;Red gurnard;Aspitrigla cuculus;ICES;;No TAC;IIIa;27_3_A;;;;;;;
North Sea and Eastern Arctic;Tusk;Brosme brosme;ICES;;USK1214EI;I-II;27_1,27_2;EC and International Waters of I-II and XIV;;;;;;
North Sea and Eastern Arctic;Tusk;Brosme brosme;ICES;;USK04-C.;IV;27_4;EU waters of IV;;;;;;
North Sea and Eastern Arctic;Atlanto-Scandian herring;Clupea harengus;ICES;;HER1/2-;I-II;27_1,27_2;;;;;;;
North Sea and Eastern Arctic;Herring;Clupea harengus;ICES;;HER03A.,HER03A-BC;22-24,IIIa;27_3_A,27_3_C_22,27_3_D_24;;;;;;;
North Sea and Eastern Arctic;Herring;Clupea harengus;ICES;;HER2A47DX;IV, VIId;27_4,27_7_D;;;;;;;
North Sea and Eastern Arctic;Roundnose grenadier;Coryphaenoides rupestris;ICES;;RNG03-;IIIa;27_3_A;EU and international waters of III;;;;;;
North Sea and Eastern Arctic;Common Shrimp;Crangon crangon;ICES;;No TAC;IV, VIId;27_4,27_7_D;;;;;;;
North Sea and Eastern Arctic;Tortonese's stingray;Dasyatis tortonesei;ICES;;No TAC;all areas;27_4,27_7_D;;;;;;;
North Sea and Eastern Arctic;Sea bass;Dicentrarchus labrax;ICES;;No TAC;IV, VIId;27_4,27_7_D;;;;;;;
North Sea and Eastern Arctic;Grey gurnard;Eutrigla gurnardus;ICES;;No TAC;IIIa;27_3_A;;;;;;;
North Sea and Eastern Arctic;Grey gurnard;Eutrigla gurnardus;ICES;;No TAC;IV;27_4;;;;;;;
North Sea and Eastern Arctic;Grey gurnard;Eutrigla gurnardus;ICES;;No TAC;IV;27_4;;;;;;;
North Sea and Eastern Arctic;Cod;Gadus morhua;ICES;;COD1/2B.;I-II;27_1,27_2;I-IIb);;;;;;
North Sea and Eastern Arctic;Cod;Gadus morhua;ICES;;COD03AN.;IIIaN;27_3_A-4_AB_NK;Skagerrak (Division IIIa);;;;;;
North Sea and Eastern Arctic;Cod;Gadus morhua;ICES;;COD03AS.;IIIaS;27_3_A;Kattegat (Division IIIa);;;;;;
North Sea and Eastern Arctic;Cod;Gadus morhua;ICES;;COD2A3AX4,COD07D.;IV, VIId;27_4,27_7_D;IV,   EC waters of Iia,   that part of IIIa not covered by the Skagerrak and the Kattegat, ICES division VIId - Eastern Channel;;;;;;
North Sea and Eastern Arctic;Tope shark;Galeorhinus galeus;ICES;;No TAC;all areas;27_4,27_7_D;;;;;;;
North Sea and Eastern Arctic;Witch flounder;Glyptocephalus cynoglossus;ICES;;No TAC;IIIa;27_3_A;;;;;;;
North Sea and Eastern Arctic;Witch flounder;Glyptocephalus cynoglossus;ICES;;WIT2AC4-C;IV;27_4;EC waters of IIa) and IV;;;;;;
North Sea and Eastern Arctic;Blue-mouth rockfish;Helicolenus dactylopterus;ICES;;No TAC;IV;27_4;;;;;;;
North Sea and Eastern Arctic;Smalleyed rabbitfish;Hydrolagus affinis;ICES;;No TAC;IV, VIId;27_4,27_7_D;;;;;;;
North Sea and Eastern Arctic;Four-spot megrim;Lepidorhombus boscii;ICES;;LEZ2AC4-C;IV, VIId;27_4,27_7_D;EC waters of IIa) and IV;;;;;;
North Sea and Eastern Arctic;Megrim;Lepidorhombus whiffiagonis;ICES;;LEZ2AC4-C;IV, VIId;27_4,27_7_D;EC waters of IIa) and IV;;;;;;
North Sea and Eastern Arctic;Dab;Limanda limanda;ICES;;No TAC;IIIa;27_3_A;;;;;;;
North Sea and Eastern Arctic;Dab;Limanda limanda;ICES;;DAB2AC4-C;IV, VIId;27_4,27_7_D;EC waters of IIa) and IV;;;;;;
North Sea and Eastern Arctic;Black-bellied angler;Lophius budegassa;ICES;;ANF2AC4-C;IV, VIId;27_4,27_7_D;;;;;;;
North Sea and Eastern Arctic;Anglerfish;Lophius piscatorius;ICES;;ANF2AC4-C;IV;27_4;;;;;;;
North Sea and Eastern Arctic;Roughhead grenadier;Macrourus berglax;ICES;;RHG124-;IV;27_4;EU and international waters of I-II and IV;;;;;;
North Sea and Eastern Arctic;Capelin;Mallotus villosus;ICES;;CAP02B.;I-II;27_1,27_2;ICES division IIb - Spitzbergen and Bear Island;;;;;;
North Sea and Eastern Arctic;Haddock;Melanogrammus aeglefinus;ICES;;HAD1N2AB.;I-II;27_1,27_2;I-II (Norwegian waters);;;;;;
North Sea and Eastern Arctic;Haddock;Melanogrammus aeglefinus;ICES;;HAD3A/BCD;IIIa;27_3_A;IIIa) and EU waters of IIIbcd;;;;;;
North Sea and Eastern Arctic;Haddock;Melanogrammus aeglefinus;ICES;;HAD2AC4.;IV;27_4;IV,   EC waters of Iia,   that part of IIIa not covered by the Skagerrak and the Kattegat, ICES division VIId - Eastern Channel, ICES division VIId - Eastern Channel   that part of IIIa not covered by the Skagerrak and the Kattegat;;;;;;
North Sea and Eastern Arctic;Whiting;Merlangius merlangus;ICES;;WHG03A.;IIIa;27_3_A;;;;;;;
North Sea and Eastern Arctic;Whiting;Merlangius merlangus;ICES;;WHG2AC4.;IV, VIId;27_4,27_7_D;;;;;;;
North Sea and Eastern Arctic;Hake;Merluccius merluccius;ICES;;HKE3A/BCD;IIIa;27_3_A;IIIa) and EU waters of IIIbcd;;;;;;
North Sea and Eastern Arctic;Hake;Merluccius merluccius;ICES;;HKE2AC4-C;IV VII;27_4,27_7_D;EC waters of IIa) and IV;;;;;;
North Sea and Eastern Arctic;Blue whiting;Micromesistius poutassou;ICES;;WHB1X14;I-II;27_1,27_2;;;;;;;
North Sea and Eastern Arctic;Blue whiting;Micromesistius poutassou;ICES;;WHB1X14;IIIa;27_3_A;;;;;;;
North Sea and Eastern Arctic;Blue whiting;Micromesistius poutassou;ICES;;WHB1X14;IV, VIId;27_4,27_7_D;;;;;;;
North Sea and Eastern Arctic;Lemon sole;Microstomus kitt;ICES;;LEM2AC4-C;IV, VIId;27_4,27_7_D;EC waters of IIa) and IV;;;;;;
North Sea and Eastern Arctic;Blue ling;Molva dypterygia;ICES;;BLI24-;IV;27_4;EU and international waters of II and IV;;;;;;
North Sea and Eastern Arctic;Ling;Molva molva;ICES;;LIN04-C.;IV;27_4;EU waters of IV;;;;;;
North Sea and Eastern Arctic;Red mullet;Mullus barbatus;ICES;;No TAC;IV, VIId;27_4,27_7_D;;;;;;;
North Sea and Eastern Arctic;Striped red mullet;Mullus surmuletus;ICES;;No TAC;IV, VIId;27_4,27_7_D;;;;;;;
North Sea and Eastern Arctic;Starry smooth-hound;Mustelus asterias;ICES;;No TAC;all areas;27_4,27_7_D;;;;;;;
North Sea and Eastern Arctic;Norway lobster;Nephrops norvegicus;ICES;;NEP3A/BCD;Functional unit 3-4;27_3_A;IIIa) and EU waters of IIIbcd;;;;;;
North Sea and Eastern Arctic;Norway lobster;Nephrops norvegicus;ICES;;NEP2AC4-C;functional units 7;nep-7;EC waters of IIa) and IV;;;;;;
North Sea and Eastern Arctic;Norway lobster;Nephrops norvegicus;ICES;;NEP2AC4-C;functional units 10;nep-10;EC waters of IIa) and IV;;;;;;
North Sea and Eastern Arctic;Norway lobster;Nephrops norvegicus;ICES;;NEP2AC4-C;functional units 32 (TAC IIa, IV);27_4_A;EC waters of IIa) and IV;;;;;;
North Sea and Eastern Arctic;Norway lobster;Nephrops norvegicus;ICES;;NEP2AC4-C;functional units 6;nep-6;EC waters of IIa) and IV;;;;;;
North Sea and Eastern Arctic;Norway lobster;Nephrops norvegicus;ICES;;NEP2AC4-C;functional units 8;nep-8;EC waters of IIa) and IV;;;;;;
North Sea and Eastern Arctic;Norway lobster;Nephrops norvegicus;ICES;;NEP2AC4-C;functional units 9;nep-9;EC waters of IIa) and IV;;;;;;
North Sea and Eastern Arctic;Norway lobster;Nephrops norvegicus;ICES;;NEP2AC4-C;functional units 33 (TAC IIa, VI);27_4_B;EC waters of IIa) and IV;;;;;;
North Sea and Eastern Arctic;Norway lobster;Nephrops norvegicus;ICES;;NEP2AC4-C;functional units 34;nep-34;EC waters of IIa) and IV;;;;;;
North Sea and Eastern Arctic;Northern shrimp;Pandalus borealis;ICES;;PRA2AC4-C;I-II;27_1,27_2;EC waters of IIa) and IV;;;;;;
North Sea and Eastern Arctic;Northern shrimp;Pandalus borealis;ICES;;PRA03A.;IIIa;27_3_A;IIIa);;;;;;
North Sea and Eastern Arctic;Northern shrimp;Pandalus borealis;ICES;;PRA2AC4-C;IVa;27_4_A;EC waters of IIa) and IV;;;;;;
North Sea and Eastern Arctic;Northern shrimp;Pandalus borealis;ICES;;PRA2AC4-C;IV;27_4;EC waters of IIa) and IV;;;;;;
North Sea and Eastern Arctic;Common scallop;Pecten maximus;ICES;;No TAC;VIId;27_7_D;;;;;;;
North Sea and Eastern Arctic;Greater Forkbeard;Phycis blennoides;ICES;;GFB1234-;IV;27_4;EU and international waters of I-II,  III and IV;;;;;;
North Sea and Eastern Arctic;Forkbeard;Phycis phycis;ICES;;No TAC;IV;27_4;;;;;;;
North Sea and Eastern Arctic;Flounder;Platichthys flesus;ICES;;FLE2AC4-C;IV;27_4;EC waters of IIa) and IV;;;;;;
North Sea and Eastern Arctic;Plaice;Pleuronectes platessa;ICES;;PLE03AN.,PLE03AS.;IIIa;27_3_A;Skagerrak (Division IIIa), Kattegat (Division IIIa);;;;;;
North Sea and Eastern Arctic;Plaice;Pleuronectes platessa;ICES;;PLE2A3AX4;IV;27_4;IV,  EC waters of Iia,   that part of IIIa not covered by the Skagerrak and the Kattegat;;; ;;;
North Sea and Eastern Arctic;Plaice;Pleuronectes platessa;ICES;;PLE7DE.;VIId;27_7_D;VIIde;;;;;;
North Sea and Eastern Arctic;Saithe;Pollachius virens;ICES;;POK1/2INT;I-II;27_1,27_2;I-II (International waters);;;;;;
North Sea and Eastern Arctic;Saithe;Pollachius virens;ICES;;2A34.;IIIa;27_3_A;EU waters of IV and in IIIa;;;;;;
North Sea and Eastern Arctic;Saithe;Pollachius virens;ICES;;2A34.;IV;27_4;EU waters of IV and in IIIa;;;;;;
North Sea and Eastern Arctic;Turbot;Psetta maxima;ICES;;No TAC;IIIa;27_3_A;;;;;;;
North Sea and Eastern Arctic;Turbot;Psetta maxima;ICES;;TUR2AC4-C;IV, VIId;27_4,27_7_D;EC waters of IIa) and IV;;;;;;
North Sea and Eastern Arctic;White skate;Raja alba;ICES;;No TAC;IV, VIId;27_4,27_7_D;;Rostroraja alba;;;;;
North Sea and Eastern Arctic;Mediterranean starry ray;Raja asterias;ICES;;No TAC;IV, VIId;27_4,27_7_D;;;;;;;
North Sea and Eastern Arctic;Blonde ray;Raja brachyura;ICES;;No TAC;IV, VIId;27_4,27_7_D;;;;;;;
North Sea and Eastern Arctic;Sandy ray;Raja circularis;ICES;;No TAC;all areas;27_4,27_7_D;;Leucoraja circularis;;;;;
North Sea and Eastern Arctic;Thornback ray;Raja clavata;ICES;;No TAC;IV, VIId;27_4,27_7_D;;;;;;;
North Sea and Eastern Arctic;Shagreen ray;Raja fullonica;ICES;;No TAC;all areas;27_4,27_7_D;;Leucoraja fullonica;;;;;
North Sea and Eastern Arctic;Arctic skate;Raja hyperborea;ICES;;No TAC;IV, VIId;27_4,27_7_D;;Amblyraja hyperborea;;;;;
North Sea and Eastern Arctic;Small-eyed ray;Raja microocellata;ICES;;RJE*07D.,RJE07D.;all areas;27_4,27_7_D;;;;;;;
North Sea and Eastern Arctic;Spotted ray;Raja montagui;ICES;;No TAC;IV, VIId;27_4,27_7_D;;;;;;;
North Sea and Eastern Arctic;Cuckoo ray;Raja naevus;ICES;;No TAC;IV, VIId;27_4,27_7_D;;Leucoraja naevus;;;;;
North Sea and Eastern Arctic;Undulate ray;Raja undulata;ICES;;RJU*07D.,RJU07D.;VIId;27_7_D;;;;;;;
North Sea and Eastern Arctic;Greenland halibut;Reinhardtius hippoglossoides;ICES;;GHL1/2INT;I-II;27_1,27_2;I-II (International waters);;;;;;
North Sea and Eastern Arctic;Greenland halibut;Reinhardtius hippoglossoides;ICES;;GHL2A-C46;IV;27_4;EU waters of IIa and IV,   EU and international waters of Vb and VI;;;;;;
North Sea and Eastern Arctic;Salmon;Salmo salar;ICES;;No TAC;I-II;27_1,27_2;;;;;;;
North Sea and Eastern Arctic;Salmon;Salmo salar;ICES;;No TAC;IIIa;27_3_A;;;;;;;
North Sea and Eastern Arctic;Salmon;Salmo salar;ICES;;No TAC;IV, VIId;27_4,27_7_D;;;;;;;
North Sea and Eastern Arctic;Mackerel;Scomber scombrus;ICES;;MAC2A34.;II;27_2;IIa;;;;;;
North Sea and Eastern Arctic;Mackerel;Scomber scombrus;ICES;;MAC2A34.;IIIa;27_3_A;IIIa;;;;;;
North Sea and Eastern Arctic;Mackerel;Scomber scombrus;ICES;;MAC2A34.;IV, VIId;27_4,27_7_D;IVa) (1), IVb) (1),IVc) (1);;;;;;
North Sea and Eastern Arctic;Brill;Scophthalmus rhombus;ICES;;No TAC;IIIa;27_3_A;;;;;;;
North Sea and Eastern Arctic;Brill;Scophthalmus rhombus;ICES;;BLL2AC4-C;IV, VIId;27_4,27_7_D;EC waters of IIa) and IV;;;;;;
North Sea and Eastern Arctic;Small-spotted catshark;Scyliorhinus canicula;ICES;;No TAC;IV, VIId;27_4,27_7_D;;;;;;;
North Sea and Eastern Arctic;Nursehound;Scyliorhinus stellaris;ICES;;No TAC;IV, VIId;27_4,27_7_D;;;;;;;
North Sea and Eastern Arctic;Golden Redfish;Sebastes marinus;ICES;;REGXXX;I-II;27_1,27_2;NEAFC Stock - catches not from the stock that is subject to NEAFC management mesures;;;;;;
North Sea and Eastern Arctic;Deep sea Redfish;Sebastes mentella;ICES;;REBXNS;I-II;27_1,27_2;NEAFC Stock - Pelagic redfish Sub Areas I-II;;;;;;
North Sea and Eastern Arctic;Redfish;Sebastes mentella;ICES;;No TAC;IV;27_4;;;;;;;
North Sea and Eastern Arctic;Sole;Solea solea;ICES;;SOL3A/BCD;IIIa;27_3_A;;;;;;;
North Sea and Eastern Arctic;Sole;Solea solea;ICES;;SOL24-C.;IV;27_4;;;;;;;
North Sea and Eastern Arctic;Sole;Solea solea;ICES;;SOL07D.;VIId;27_7_D;;;;;;;
North Sea and Eastern Arctic;Sprat;Sprattus sprattus;ICES;;SPR03A.;IIIa;27_3_A;IIIa);;;;;;
North Sea and Eastern Arctic;Sprat;Sprattus sprattus;ICES;;SPR2AC4-C;IV;27_4;EC waters of IIa) and IV;;;;;;
North Sea and Eastern Arctic;Sprat;Sprattus sprattus;ICES;;SPR7DE.;VIId;27_7_D;VIId)e);;;;;;
North Sea and Eastern Arctic;Picked dogfish;Squalus acanthias;ICES;;DGS15X14;all areas;27_4,27_7_D;;;;;;;
North Sea and Eastern Arctic;Electric ray;Torpedo nobiliana;ICES;;No TAC;IV, VIId;27_4,27_7_D;;;;;;;
North Sea and Eastern Arctic;Horse mackerel;Trachurus trachurus;ICES;;JAX2A-14;IIa;27_2_A;NEAFC Stock - catches not from the stock that is subject to NEAFC management mesures;;;;;;
North Sea and Eastern Arctic;Horse mackerel;Trachurus trachurus;ICES;;JAX4BC7D;IV, VIId;27_4,27_7_D;NEAFC Stock - catches not from the stock that is subject to NEAFC management mesures;;;;;;
North Sea and Eastern Arctic;Tub gurnard;Trigla lucerna;ICES;;No TAC;IV;27_4;;;;;;;
North Sea and Eastern Arctic;Norway pout;Trisopterus esmarki;ICES;;NOP2A3A4.;IIIa;27_3_A;IIIa,   EU waters of IIa and IV, IIIa,  EC waters of IIa and IV;;;;;;
North Sea and Eastern Arctic;Norway pout;Trisopterus esmarki;ICES;;NOP2A3A4.;IV;27_4;IIIa,   EU waters of IIa and IV, IIIa,  EC waters of IIa and IV;;;;;; 
North Sea and Eastern Arctic;John Dory;Zeus faber;ICES;;No TAC;IV, VIId;27_4,27_7_D;;;;;;;
North Atlantic;Queen scallop;Aequipecten opercularis;ICES;;No TAC;VII;27_7;;;;;;;
North Atlantic;Smoothhead;Alepocephalus bairdii;ICES;;No TAC;VI,XII;27_6,27_12;;;;;;;
North Atlantic;Sand eel;Ammodytidae;ICES;;No TAC;VIa;27_6_A;??;;;;;;
North Atlantic;European Eel;Anguilla anguilla;ICES;;No TAC;all areas;27_5,27_6,27_7_A,27_7_B,27_7_C,27_7_E,27_7_F,27_7_G,27_7_H,27_7_J,27_7_K,27_8,27_9,27_10,27_12,27_14;;;;;;;
North Atlantic;Scabbardfish;Aphanopus spp;ICES;;BSF56712-,BSF8910-;all areas;27_5,27_6,27_7_A,27_7_B,27_7_C,27_7_E,27_7_F,27_7_G,27_7_H,27_7_J,27_7_K,27_8,27_9,27_10,27_12,27_14;Not sure of the species code;;;;;;
North Atlantic;Argentine;Argentina spp;ICES;;ARU567.;all areas;27_5,27_6,27_7_A,27_7_B,27_7_C,27_7_E,27_7_F27_7_G;,27_7_H,27_7_J,27_7_K,27_8,27_9,27_10,27_12,27_14;;;;;;
North Atlantic;Meagre;Argyrosomus regius;ICES;;No TAC;all areas;27_5,27_6,27_7_A,27_7_B,27_7_C,27_7_E,27_7_F,27_7_G,27_7_H,27_7_J,27_7_K,27_8,27_9,27_10,27_12,27_14;;;;;;;
North Atlantic;Red gurnard;Aspitrigla cuculus;ICES;;No TAC;all areas;27_5,27_6,27_7_A,27_7_B,27_7_C,27_7_E,27_7_F,27_7_G,27_7_H,27_7_J,27_7_K,27_8,27_9,27_10,27_12,27_14;;;;;;;
North Atlantic;Richardson's ray;Bathyraja richardsoni;ICES;;No TAC;All areas;27_5,27_6,27_7_A,27_7_B,27_7_C,27_7_E,27_7_F,27_7_G,27_7_H,27_7_J,27_7_K,27_8,27_9,27_10,27_12,27_14;;;;;;;
North Atlantic;Spinetail ray;Bathyraja spinicauda;ICES;;No TAC;all areas;27_5,27_6,27_7_A,27_7_B,27_7_C,27_7_E,27_7_F,27_7_G,27_7_H,27_7_J,27_7_K,27_8,27_9,27_10,27_12,27_14;;;;;;;
North Atlantic;Alfonsinos;Beryx spp;ICES;;ALF3X14-;all areas excluding X and IXa;27_5,27_6,27_7_A,27_7_B,27_7_C,27_7_E,27_7_F,27_7_G,27_7_H,27_7_J,27_7_K,27_8,27_9_B,27_12,27_14;;;;;;;
North Atlantic;Alfonsinos;Beryx spp;ICES;;ALF3X14-;IXa and X;27_9_A,27_10;;;;;;;
North Atlantic;Edible crab;Cancer pagurus;ICES;;No TAC;all areas;27_5,27_6,27_7_A,27_7_B,27_7_C,27_7_E,27_7_F,27_7_G,27_7_H,27_7_J,27_7_K,27_8,27_9,27_10,27_12,27_14;;;;;;;
North Atlantic;Boarfish;Capros aper;ICES;;BOR678-;V, VI, VII;27_5,27_6,27_7;EU and international waters of VI, VII and VIII;;;;;;
North Atlantic;Leafscale gulper shark;Centrophorus squamosus;ICES;;No TAC;All areas;27_5,27_6,27_7_A,27_7_B,27_7_C,27_7_E,27_7_F,27_7_G,27_7_H,27_7_J,27_7_K,27_8,27_9,27_10,27_12,27_14;;;;;;;
North Atlantic;Portuguese dogfish;Centroscymnus coelolepis;ICES;;No TAC;All areas;27_5,27_6,27_7_A,27_7_B,27_7_C,27_7_E,27_7_F,27_7_G,27_7_H,27_7_J,27_7_K,27_8,27_9,27_10,27_12,27_14;;;;;;;
North Atlantic;Rabbit fish;Chimaera monstrosa;ICES;;No TAC;all areas;27_5,27_6,27_7_A,27_7_B,27_7_C,27_7_E,27_7_F,27_7_G,27_7_H,27_7_J,27_7_K,27_8,27_9,27_10,27_12,27_14;;;;;;;
North Atlantic;Opal chimaera;Chimaera opalescens;ICES;;No TAC;all areas;27_5,27_6,27_7_A,27_7_B,27_7_C,27_7_E,27_7_F,27_7_G,27_7_H,27_7_J,27_7_K,27_8,27_9,27_10,27_12,27_14;;;;;;;
North Atlantic;Herring;Clupea harengus;ICES;;HER06ACL.;VIa;27_6_A;;;;;;;
North Atlantic;Herring;Clupea harengus;ICES;;HER6AS7BC;VIaS,VIIbc;27_6_A,27_7_B,27_7_C;;;;;;;
North Atlantic;Herring;Clupea harengus;ICES;;HER07A/MM;VIIa;27_7_A;;;;;;;
North Atlantic;Herring;Clupea harengus;ICES;;HER7G-K.;VIIj;27_7_J;;;;;;;
North Atlantic;Conger;Conger conger;ICES;;COEXDS;all areas excluding X;27_5,27_6,27_7_A,27_7_B,27_7_C,27_7_E,27_7_F,27_7_G,27_7_H,27_7_J,27_7_K,27_8,27_9,27_12,27_14;NEAFC Stock - Deep Sea Fisheries;;;;;;
North Atlantic;Conger;Conger conger;ICES;;COEXDS;X;27_10;NEAFC Stock - Deep Sea Fisheries;;;;;;
North Atlantic;Roundnose grenadier;Coryphaenoides rupestris;ICES;;RNG514GRN,RNG5B67-,RNG8X14-;all areas;27_5,27_6,27_7_A,27_7_B,27_7_C,27_7_E,27_7_F,27_7_G,27_7_H,27_7_J,27_7_K,27_8,27_9,27_10,27_12,27_14;to be confirmed;;;;;;
North Atlantic;Kitefin shark;Dalatias licha;ICES;;SCKXDS;All areas;27_5,27_6,27_7_A,27_7_B,27_7_C,27_7_E,27_7_F,27_7_G,27_7_H,27_7_J,27_7_K,27_8,27_9,27_10,27_12,27_14;NEAFC Stock - Deep Sea Fisheries;;;;;;
North Atlantic;Kitefin shark;Dalatias licha;ICES;;No TAC;All areas;27_5,27_6,27_7_A,27_7_B,27_7_C,27_7_E,27_7_F,27_7_G,27_7_H,27_7_J,27_7_K,27_8,27_9,27_10,27_12,27_14;;;;;;;
North Atlantic;Roughtail stingray;Dasyatis centroura;ICES;;No TAC;All areas;27_5,27_6,27_7_A,27_7_B,27_7_C,27_7_E,27_7_F,27_7_G,27_7_H,27_7_J,27_7_K,27_8,27_9,27_10,27_12,27_14;;;;;;;
North Atlantic;Common stingray;Dasyatis pastinaca;ICES;;SRX67AKXD,SRX07D.,SRX89-C.;VII, VIII;27_7,27_8;SRX = all rays;;;;;;
North Atlantic;Common stingray;Dasyatis pastinaca;ICES;;No TAC;VII, VIII;27_7_E,27_7_F,27_7_G,27_7_H,27_7_J,27_7_K,27_8;;;;;;;
North Atlantic;Tortonese's stingray;Dasyatis tortonesei;ICES;;No TAC;VII, VIII;27_7_E,27_7_F,27_7_G,27_7_H,27_7_J,27_7_K,27_8;;;;;;;
North Atlantic;Pelagic stingray;Dasyatis violacea;ICES;;No TAC;All areas;27_5,27_6,27_7_A,27_7_B,27_7_C,27_7_E,27_7_F,27_7_G,27_7_H,27_7_J,27_7_K,27_8,27_9,27_10,27_12,27_14;;Pteroplatytrygon violacea;;;;;
North Atlantic;Birdbeak dogfish;Deania calcea;ICES;;DCAXDS;V, VI, VII, IX, X, XII;27_5,27_6,27_7_A,27_7_B,27_7_C,27_7_E,27_7_F,27_7_G,27_7_H,27_7_J,27_7_K,27_8,27_9,27_10,27_12;;;;;;;
North Atlantic;Birdbeak dogfish;Deania calcea;ICES;;No TAC;V, VI, VII, IX, X, XII;27_5,27_6,27_7_A,27_7_B,27_7_C,27_7_E,27_7_F,27_7_G,27_7_H,27_7_J,27_7_K,27_9,27_10,27_12;;;;;;;
North Atlantic;Sea bass;Dicentrarchus labrax;ICES;;No TAC;all areas excluding IX;27_5,27_6,27_7_A,27_7_B,27_7_C,27_7_E,27_7_F,27_7_G,27_7_H,27_7_J,27_7_K,27_8,27_10,27_12,27_14;;;;;;;
North Atlantic;Sea bass;Dicentrarchus labrax;ICES;;No TAC;IX;27_9;;;;;;;
North Atlantic;Wedge sole;Dicologlossa cuneata;ICES;;No TAC;VIIIc, IX;27_8_C,27_9;;;;;;;
North Atlantic;Flapper skate;Dipturus intermedius;ICES;;No TAC;IIa, V, VI, VII, VIII, IXa;27_2_A,27_5,27_6,27_7,27_8,27_9_A;;;;;;;
North Atlantic;Anchovy;Engraulis encrasicolus;ICES;;ANE9/3411;IXa (only Cadiz);27_9_A;;;;;;;
North Atlantic;Anchovy;Engraulis encrasicolus;ICES;;ANE08.;VIII;27_8;;;;;;;
North Atlantic;Velvet belly;Etmopterus spinax;ICES;;No TAC;VI, VII, VIII;27_6,27_7_A,27_7_B,27_7_C,27_7_E,27_7_F,27_7_G,27_7_H,27_7_J,27_7_K,27_8;;;;;;;
North Atlantic;Velvet belly;Etmopterus spinax;ICES;;No TAC;VI, VII, VIII;27_6,27_7_A,27_7_B,27_7_C,27_7_E,27_7_F,27_7_G,27_7_H,27_7_J,27_8,27_7_K;;;;;;;
North Atlantic;Grey gurnard;Eutrigla gurnardus;ICES;;No TAC;VIIde;27_7_D,27_7_E;;;;;;;
North Atlantic;Cod;Gadus morhua;ICES;;No TAC;Va;27_5_A;;;;;;;
North Atlantic;Cod;Gadus morhua;ICES;;COD05B-F.;Vb;27_5_B;Faroe zone: Vb);;;;;;
North Atlantic;Cod;Gadus morhua;ICES;;COD5BE6A;VIa;27_6_A;Via,   EU and international waters of Vb east of 12W;;;;;;
North Atlantic;Cod;Gadus morhua;ICES;;COD5W6-14;Vib;27_6_B;Vib,   EU and international waters of Vb west of 12 W and of XII and XIV;;;;;;
North Atlantic;Cod;Gadus morhua;ICES;;COD07A.;VIIa;27_7_A;ICES division VIIa - Irish Sea;;;;;;
North Atlantic;Cod;Gadus morhua;ICES;;COD7XAD34;VIIe-k;27_7_E,27_7_F,27_7_G,27_7_H,27_7_J,27_7_K;VII b-c, e-k, VIII, IX and X, EC waters of CECAF 34.1.1;;;;;;
North Atlantic;Tope shark;Galeorhinus galeus;ICES;;No TAC;all areas;27_5,27_6,27_7_A,27_7_B,27_7_C,27_7_E,27_7_F,27_7_G,27_7_H,27_7_J,27_7_K,27_8,27_9,27_10,27_12,27_14;;;;;;;
North Atlantic;Blackmouth catshark;Galeus melastomus;ICES;;No TAC;VI, VII;27_6,27_7_A,27_7_B,27_7_C,27_7_E,27_7_F,27_7_G,27_7_H,27_7_J,27_7_K ;;;;;;;
North Atlantic;Witch ;Glyptocephalus cynoglossus;ICES;;No TAC;VI, VII;27_6,27_7_A,27_7_B,27_7_E,27_7_F,27_7_G,27_7_H,27_7_J,27_7_K;;;;;;;
North Atlantic;Pacific longnose chimaera;Harriotta raleighana;ICES;;No TAC;all areas;27_5,27_6,27_7_A,27_7_B,27_7_C,27_7_E,27_7_F,27_7_G,27_7_H,27_7_J,27_7_K,27_8,27_9,27_10,27_12,27_14;;;;;;;
North Atlantic;Bluemouth rockfish;Helicolenus dactylopterus;ICES;;No TAC;all areas;27_5,27_6,27_7_A,27_7_B,27_7_C,27_7_E,27_7_F,27_7_G,27_7_H,27_7_J,27_7_K,27_8,27_9,27_10,27_12,27_14;;;;;;;
North Atlantic;Bluntnose sixgill shark;Hexanchus griseus;ICES;;No TAC;all areas;27_5,27_6,27_7_A,27_7_B,27_7_C,27_7_E,27_7_F,27_7_G,27_7_H,27_7_J,27_7_K,27_8,27_9,27_10,27_12,27_14;;;;;;;
North Atlantic;Atlantic halibut;Hippoglossus hippoglossus;ICES;;HAL514GRN;V, XIV;27_5,27_14;;;;;;;
North Atlantic;Lobster;Homarus gammarus;ICES;;No TAC;all areas;27_5,27_6,27_7_A,27_7_B,27_7_C,27_7_E,27_7_F,27_7_G,27_7_H,27_7_J,27_7_K,27_8,27_9,27_10,27_12,27_14;;;;;;;
North Atlantic;Orange roughy;Hoplostethus atlanticus;ICES;;No TAC;all areas;27_5,27_6,27_7_A,27_7_B,27_7_C,27_7_E,27_7_F,27_7_G,27_7_H,27_7_J,27_7_K,27_8,27_9,27_10,27_12,27_14;;;;;;;
North Atlantic;Smalleyed rabbitfish;Hydrolagus affinis;ICES;;No TAC;All areas;27_5,27_6,27_7_A,27_7_B,27_7_C,27_7_E,27_7_F,27_7_G,27_7_H,27_7_J,27_7_K,27_8,27_9,27_10,27_12,27_14;;;;;;;
North Atlantic;Large-eyed rabbitfish;Hydrolagus mirabilis;ICES;;No TAC;all areas;27_5,27_6,27_7_A,27_7_B,27_7_C,27_7_E,27_7_F,27_7_G,27_7_H,27_7_J,27_7_K,27_8,27_9,27_10,27_12,27_14;;;;;;;
North Atlantic;Ghost shark;Hydrolagus pallidus;ICES;;No TAC;All areas;27_5,27_6,27_7_A,27_7_B,27_7_C,27_7_E,27_7_F,27_7_G,27_7_H,27_7_J,27_7_K,27_8,27_9,27_10,27_12,27_14;;;;;;;
North Atlantic;Shortfin mako;Isurus oxyrinchus;ICES;;No TAC;all areas (North of 50°N);27_5,27_6,27_7_A,27_7_B,27_7_C,27_7_E,27_7_F,27_7_G,27_7_H,27_7_J,27_7_K,27_8,27_9,27_10,27_12,27_14;;;;;;;
North Atlantic;Porbeagle;Lamna nasus;ICES;;No TAC;all areas (subareas 1-14);27;;;;;;;
North Atlantic;Silver scabbardfish;Lepidopus caudatus;ICES;;SFSXDS;IXa;27_9_A;NEAFC Stock - Deep Sea Fisheries;;;;;;
North Atlantic;Four-spot megrim;Lepidorhombus boscii;ICES;;LEZ8C3411;VIIIc, IXa;27_8_C,27_9_A;VIIIc), IX, X,  COPACE 34.1.1 (1),   international waters of XII and XIV ;;;;;;
North Atlantic;Megrim;Lepidorhombus whiffiagonis;ICES;;LEZ56-14;VI;27_6;VI,  EU and international waters of Vb;;;;;;
North Atlantic;Megrim;Lepidorhombus whiffiagonis;ICES;;LEZ07.,LEZ8ABDE.;VII, VIIIabd;27_7_A,27_7_B,27_7_C,27_7_E,27_7_F,27_7_G,27_7_H,27_7_J,27_7_K,27_8_A,27_8_B;;;;;;;
North Atlantic;Megrim;Lepidorhombus whiffiagonis;ICES;;LEZ8C3411;VIIIc, IXa;27_8_C,27_9_A;;;;;;;
North Atlantic;Dab;Limanda limanda;ICES;;No TAC;VIIe;27_7_E;;;;;;;
North Atlantic;Dab;Limanda limanda;ICES;;No TAC;VIIa,f-h;27_7_A,27_7_F,27_7_G,27_7_H;;;;;;;
North Atlantic;Common squid;Loligo vulgaris;ICES;;No TAC;all areas excluding VIIIc, IXa;27_5,27_6,27_7_A,27_7_B,27_7_C,27_7_E,27_7_F,27_7_G,27_7_H,27_7_J,27_7_K,27_8_A,27_8_B,27_8_D,27_8_E,27_9_ B,27_10,27_12,27_14;;;;;;;
North Atlantic;Common squid;Loligo vulgaris;ICES;;No TAC;VIIIc, IXa;27_8_C,27_9_A;;;;;;;
North Atlantic;Black-bellied angler;Lophius budegassa;ICES;;ANF2AC4-C,ANF56-14;IV, VI;27_4,27_6;;;;;;;
North Atlantic;Black-bellied angler;Lophius budegassa;ICES;;ANF07.,ANF8ABDE;VIIb-k, VIIIabd;27_7_B,27_7_C,27_7_E,27_7_F,27_7_G,27_7_H,27_7_J,27_7_K,27_8_A,27_8_B,27_8_D;;;;;;;
North Atlantic;Black-bellied angler;Lophius budegassa;ICES;;ANF8C3411;VIIIc, IXa;27_8_C,27_9_A;;;;;;;
North Atlantic;Anglerfish;Lophius piscatorius;ICES;;ANF2AC4-C,ANF56-14;IV, VI;27_4,27_6;;;;;;;
North Atlantic;Anglerfish;Lophius piscatorius;ICES;;ANF07.,ANF8ABDE;VIIb-k, VIIIabd;27_7_B,27_7_C,27_7_E,27_7_F,27_7_G,27_7_H,27_7_J,27_7_K,27_8_A,27_8_B,27_8_D;;;;;;;
North Atlantic;Anglerfish;Lophius piscatorius;ICES;;ANF8C3411;VIIIc, IXa;27_8_C,27_9_A;;;;;;;
North Atlantic;Spider crab;Maja squinado;ICES;;No TAC;V, VI, VII;27_5,27_6,27_7;;;;;;;
North Atlantic;Capelin;Mallotus villosus;ICES;;CAP514GRN;XIV;27_14;Greenland zone: V & XIV;;;;;;
North Atlantic;Haddock;Melanogrammus aeglefinus;ICES;;No TAC;Va;27_5_A;;;;;;;
North Atlantic;Haddock;Melanogrammus aeglefinus;ICES;;HAD05B-F.;Vb;27_5_B;Faroe zone: Vb);;;;;;
North Atlantic;Haddock;Melanogrammus aeglefinus;ICES;;HAD5BC6A.;VIa;27_6_A;Vb) (1),  VIa). ;;;;;;
North Atlantic;Haddock;Melanogrammus aeglefinus;ICES;;HAD6B1214;Vib;27_6_B;Ec and international waters of Vib),  XII and XIV;;;;;;
North Atlantic;Haddock;Melanogrammus aeglefinus;ICES;;HAD07A.;VIIa;27_7_A;ICES division VIIa - Irish Sea;;;;;;
North Atlantic;Haddock;Melanogrammus aeglefinus;ICES;;HAD7X7A34;VIIb-k;27_7_B,27_7_C,27_7_E,27_7_F,27_7_G,27_7_H,27_7_J,27_7_K;VIIbcdefghjk, VII, IX, X, EC waters of CECAF 34.1.1;;;;;;
North Atlantic;Whiting;Merlangius merlangus;ICES;;WHG08.;VIII;27_8;;;;;;;
North Atlantic;Whiting;Merlangius merlangus;ICES;;WHG9/3411;IX, X;27_9,27_10;;;;;;;
North Atlantic;Whiting;Merlangius merlangus;ICES;;WHG56-14;Vb;27_5_B;;;;;;;
North Atlantic;Whiting;Merlangius merlangus;ICES;;WHG56-14;VIa;27_6_A;;;;;;;
North Atlantic;Whiting;Merlangius merlangus;ICES;;WHG56-14;Vib;27_6_B;;;;;;;
North Atlantic;Whiting;Merlangius merlangus;ICES;;WHG07A.;VIIa;27_7_A;;;;;;;
North Atlantic;Whiting;Merlangius merlangus;ICES;;WHG7X7A-C;VIIe-k;27_7_E,27_7_F,27_7_G,27_7_H,27_7_J,27_7_K;;;;;;;
North Atlantic;Hake;Merluccius merluccius;ICES;;HKE8ABDE,HKE571214;IIIa, IV, VI, VII, VIIIab;27_3_A,27_4,27_6,27_7_A,27_7_B,27_7_C,27_7_E,27_7_F,27_7_G,27_7_H,27_7_J,27_7_K,27_8_A,27_8_B;VIIIabde, Vb (1), Vi, VII, XII, XIV;;;;;;
North Atlantic;Hake;Merluccius merluccius;ICES;;HKE8C3411;VIIIc, IXa;27_8_C,27_9_A;VIIIc), IX, X, COPACE 34.1.1 (1), internatina waters of XII and XIV;;;;;;
North Atlantic;Wedge sole;Microchirus variegatus;ICES;;No TAC;all areas;27_5,27_6,27_7_A,27_7_B,27_7_C,27_7_E,27_7_F,27_7_G,27_7_H,27_7_J,27_7_K,27_8,27_9,27_10,27_12,27_14;;;;;;;
North Atlantic;Blue whiting;Micromesistius poutassou;ICES;;WHB1X14;I-IX, XII, XIV;27_1,27_2,27_3,27_4,27_5,27_6,27_7,27_8,27_9,27_12,27_14;ICES I-II, III, IV, V, VII, VIIIabde, XII and XIV (EC and international waters);;;;;;
North Atlantic;Lemon sole;Microstomus kitt;ICES;;No TAC;all areas;27_5,27_6,27_7_A,27_7_B,27_7_C,27_7_E,27_7_F,27_7_G,27_7_H,27_7_J,27_7_K,27_8,27_9,27_10,27_12,27_14;;;;;;;
North Atlantic;Blue ling;Molva dypterygia;ICES;;BLI5B67-;all areas excluding X;27_5,27_6,27_7_A,27_7_B,27_7_C,27_7_E,27_7_F,27_7_G,27_7_H,27_7_J,27_7_K,27_8,27_9,27_12,27_14;EU waters of Iia, IV, Vb, VI and VII;;;;;;
North Atlantic;Spanish ling;Molva macrophthalma;ICES;;No TAC;X;27_10;;;;;;;
North Atlantic;Ling;Molva molva;ICES;;LIN6X14.;all areas;27_5,27_6,27_7_A,27_7_B,27_7_C,27_7_E,27_7_F,27_7_G,27_7_H,27_7_J,27_7_K,27_8,27_9,27_10,27_12,27_14;VI, VII, VIII, IX, X, XII, XIV (1)(2);;;;;;
North Atlantic;Striped red mullet;Mullus surmuletus;ICES;;No TAC;all areas;27_5,27_6,27_7_A,27_7_B,27_7_C,27_7_E,27_7_F,27_7_G,27_7_H,27_7_J,27_7_K,27_8,27_9,27_10,27_12,27_14;;;;;;;
North Atlantic;Starry smooth-hound;Mustelus asterias;ICES;;No TAC;VI, VII, VIII, IX;27_6,27_7_A,27_7_B,27_7_C,27_7_E,27_7_F,27_7_G,27_7_H,27_7_J,27_8,27_9,27_7_K;;;;;;;
North Atlantic;Smooth-hound;Mustelus mustelus;ICES;;No TAC;VI, VII, VIII, IX;27_6,27_7_A,27_7_B,27_7_C,27_7_E,27_7_F,27_7_G,27_7_H,27_7_J,27_8,27_9,27_7_K;;;;;;;
North Atlantic;Blackspotted smooth-hound;Mustelus punctulatus;ICES;;No TAC;VI, VII, VIII, IX;27_6,27_7_A,27_7_B,27_7_C,27_7_E,27_7_F,27_7_G,27_7_H,27_7_J,27_8,27_9,27_7_K;;;;;;;
North Atlantic;Common eagle ray;Myliobatis aquila;ICES;;No TAC;all areas;27_5,27_6,27_7_A,27_7_B,27_7_C,27_7_E,27_7_F,27_7_G,27_7_H,27_7_J,27_7_K,27_8,27_9,27_10,27_12,27_14;;;;;;;
North Atlantic;Norway lobster;Nephrops norvegicus;ICES;;NEP5BC6.;VI Fuctional unit 11;nep-11;Vb) (1), VI;;;;;;
North Atlantic;Norway lobster;Nephrops norvegicus;ICES;;NEP5BC6.;VI Fuctional unit 12;nep-12;Vb) (1), VI;;;;;;
North Atlantic;Norway lobster;Nephrops norvegicus;ICES;;NEP5BC6.;VI Fuctional unit 13;nep-13;Vb) (1), VI;;;;;;
North Atlantic;Norway lobster;Nephrops norvegicus;ICES;;NEP07.;VII Functional unit 14;nep-14;VII;;;;;;
North Atlantic;Norway lobster;Nephrops norvegicus;ICES;;NEP07.;VII Functional unit 15;nep-15;VII;;;;;;
North Atlantic;Norway lobster;Nephrops norvegicus;ICES;;NEP*07U16;VII Functional unit 16 (TAC FU16);27_7_C,27_C_K;Porcupine Bank - Unit 16;;;;;;
North Atlantic;Norway lobster;Nephrops norvegicus;ICES;;NEP07.;VII Functional unit 17;nep-17;VII;;;;;;
North Atlantic;Norway lobster;Nephrops norvegicus;ICES;;NEP07.;VII Functional unit 18 (TAC VII);27_7_B;VII;;;;;;
North Atlantic;Norway lobster;Nephrops norvegicus;ICES;;NEP07.;VII Functional unit 19 (TAC VII);27_7_G,27_7_J;VII;;;;;;
North Atlantic;Norway lobster;Nephrops norvegicus;ICES;;NEP07.;VII Functional unit 20-21 (TAC VII);27_7_H,27_7_G;VII;;;;;;
North Atlantic;Norway lobster;Nephrops norvegicus;ICES;;NEP07.;VII Functional unit 22;nep-22;VII;;;;;;
North Atlantic;Norway lobster;Nephrops norvegicus;ICES;;NEP8ABDE.;VIII,IX Functional unit 23,24;27_8_A,27_8_B;VIIIabde;;;;;;
North Atlantic;Norway lobster;Nephrops norvegicus;ICES;;NEP08C.;VIII,IX Functional unit 25,31;27_8_C;ICES division VIIIc - Bay of Biscay - South;;;;;;
North Atlantic;Norway lobster;Nephrops norvegicus;ICES;;NEP*9U267;VIIIk IX Functional unit 26-27, 28-29, 30;27_9_A;Functional Units 26 and 27 of ICES division IXa;;;;;;
North Atlantic;Common octopus;Octopus vulgaris;ICES;;No TAC;all areas excluding VIIIc, IXa;27_5,27_6,27_7_A,27_7_B,27_7_C,27_7_E,27_7_F,27_7_G,27_7_H,27_7_J,27_7_K,27_8_A,27_8_B,27_8_D,27_8_E,27_9_B,27_10,27_12,27_14;;;;;;;
North Atlantic;Common octopus;Octopus vulgaris;ICES;;No TAC;VIIIc, IXa;27_8_C,27_9_A;;;;;;;
North Atlantic;Blackspot sea bream;Pagellus bogaraveo;ICES;;SBR09-,SBR10-;IXa, X;27_9_A,27_10;;;;;;;
North Atlantic;Pandalid shrimps;Pandalus spp;ICES;;No TAC;all areas;27_5,27_6,27_7_A,27_7_B,27_7_C,27_7_E,27_7_F,27_7_G,27_7_H,27_7_J,27_7_K,27_8,27_9,27_10,27_12,27_14;;;;;;;
North Atlantic;Deepwater rose shrimp;Parapenaeus longirostris;ICES;;No TAC;IXa;27_9_A;;;;;;;
North Atlantic;Scallop;Pecten maximus;ICES;;No TAC;IV, VI, VII;27_4,27_6,27_7_E,27_7_A,27_7_B,27_7_C,27_7_F,27_7_G,27_7_H,27_7_J,27_7_K;;;;;;;
North Atlantic;Greater Forkbeard;Phycis blennoides;ICES;;GFB567-,GFB89-,GFB1012-;all areas;27_5,27_6,27_7_A,27_7_B,27_7_C,27_7_E,27_7_F,27_7_G,27_7_H,27_7_J,27_7_K,27_8,27_9,27_10,27_12,27_14;Should we add areas 1 II-III and IV? There also other TAC codes looking redundant;;;;;;
North Atlantic;Forkbeard;Phycis phycis;ICES;;No TAC;all areas;27_5,27_6,27_7_A,27_7_B,27_7_C,27_7_E,27_7_F,27_7_G,27_7_H,27_7_J,27_7_K,27_8,27_9,27_10,27_12,27_14;;;;;;;
North Atlantic;Plaice;Pleuronectes platessa;ICES;;PLE07A.;VIIa;27_7_A;ICES division VIIa - Irish Sea;;;;;;
North Atlantic;Plaice;Pleuronectes platessa;ICES;;PLE7DE.;VIIe;27_7_E;VIIde;;;;;;
North Atlantic;Plaice;Pleuronectes platessa;ICES;;PLE7FG.;VIIfg;27_7_F,27_7_G;VIIfg;;;;;;
North Atlantic;Plaice;Pleuronectes platessa;ICES;;PLE7BC.;VIIbc;27_7_B,27_7_C;VIIbc ;;;;;;
North Atlantic;Plaice;Pleuronectes platessa;ICES;;PLE7HJK.;VIIh-k;27_7_H,27_7_J,27_7_K;VIIhjk;;;;;;
North Atlantic;Plaice;Pleuronectes platessa;ICES;;PLE8/3411;VIII,IX, X;27_8,27_9,27_10;VIII, IX, X, COPACE 34.1.1 (1);;;;;;
North Atlantic;Pollack;Pollachius pollachius;ICES;;POL08C.,POL56-14,POL8ABDE.;all areas except IX, X;27_5,27_6,27_7_A,27_7_B,27_7_C,27_7_E,27_7_F,27_7_G,27_7_H,27_7_J,27_7_K,27_8,27_12,27_14;Should it be a general rule to include all the codes?;;;;;;
North Atlantic;Pollack;Pollachius pollachius;ICES;;POL9/3411;IX, X;27_9,27_10;;;;;;;
North Atlantic;Saithe;Pollachius virens;ICES;;No TAC;Va;27_5_A;;;;;;;
North Atlantic;Saithe;Pollachius virens;ICES;;POK05B-F.;Vb;27_5_B;;;;;;;
North Atlantic;Saithe;Pollachius virens;ICES;;2A34.;IV,IIIa,VI;27_4_27_3_A,27_6;EU waters of IV and in IIIa;;;;;;
North Atlantic;Saithe;Pollachius virens;ICES;;POK7/3411;VII,VIII;27_7_E,27_7_F,27_7_G,27_7_H,27_7_J,27_7_K,27_8;VII, VIII, IX, X, COPACE 34.1.1(1);;;;;;
North Atlantic;Wreckfish;Polyprion americanus;ICES;;WRFXDS;X;27_10;NEAFC Stock - Deep Sea Fisheries;;;;;;
North Atlantic;Blue shark;Prionace glauca;ICES;;BSHAN05N;all areas (North of 5N);27_5,27_6,27_7_A,27_7_B,27_7_C,27_7_E,27_7_F,27_7_G,27_7_H,27_7_J,27_7_K,27_8,27_9,27_10,27_12,27_14;;;;;;;
North Atlantic;Turbot;Psetta maxima;ICES;;No TAC;all areas;27_5,27_6,27_7_A,27_7_B,27_7_C,27_7_E,27_7_F,27_7_G,27_7_H,27_7_J,27_7_K,27_8,27_9,27_10,27_12,27_14;;;;;;;
North Atlantic;False catshark;Pseudotriakis microdon;ICES;;No TAC;All areas;27_5,27_6,27_7_A,27_7_B,27_7_C,27_7_E,27_7_F,27_7_G,27_7_H,27_7_J,27_7_K,27_8,27_9,27_10,27_12,27_14;;;;;;;
North Atlantic;Bull ray;Pteromylaeus bovinus;ICES;;No TAC;All areas;27_5,27_6,27_7_A,27_7_B,27_7_C,27_7_E,27_7_F,27_7_G,27_7_H,27_7_J,27_7_K,27_8,27_9,27_10,27_12,27_14;;;;;;;
North Atlantic;White skate;Raja alba;ICES;;No TAC;All areas;27_5,27_6,27_7_A,27_7_B,27_7_C,27_7_E,27_7_F,27_7_G,27_7_H,27_7_J,27_7_K,27_8,27_9,27_10,27_12,27_14;;Rostroraja alba;;;;;
North Atlantic;Mediterranean starry ray;Raja asterias;ICES;;No TAC;All areas;27_5,27_6,27_7_A,27_7_B,27_7_C,27_7_E,27_7_F,27_7_G,27_7_H,27_7_J,27_7_K,27_8,27_9,27_10,27_12,27_14;;;;;;;
North Atlantic;Blue skate;Raja batis;ICES;;No TAC;IIa,V,VI,VII,VIII,IXa;27_2_A,27_5,27_6,27_7,27_8,27_9_A;;Dipturus batis;;;;;
North Atlantic;Blonde ray;Raja brachyura;ICES;;No TAC;VI,VIIa,VIIe-g,IXa;27_6,27_7_A,27_7_E,27_7_F,27_7_G,27_9_A;;;;;;;
North Atlantic;Sandy ray;Raja circularis;ICES;;No TAC;VI,VII,VIII;27_6,27_7_A,27_7_B,27_7_C,27_7_E,27_7_F,27_7_G,27_7_H,27_7_J,27_8,27_7_K;;Leucoraja circularis;;;;;
North Atlantic;Thornback ray;Raja clavata;ICES;;No TAC;VI,VIIa,e-g,VIII,IXa;27_6,27_7_A,27_7_E,27_7_F,27_7_G,27_9_A;;;;;;;
North Atlantic;Shagreen ray;Raja fullonica;ICES;;No TAC;All areas;27_5,27_6,27_7_A,27_7_B,27_7_C,27_7_E,27_7_F,27_7_G,27_7_H,27_7_J,27_7_K,27_8,27_9,27_10,27_12,27_14;;Leucoraja fullonica;;;;;
North Atlantic;Round ray;Raja fyllae;ICES;;No TAC;All areas;27_5,27_6,27_7_A,27_7_B,27_7_C,27_7_E,27_7_F,27_7_G,27_7_H,27_7_J,27_7_K,27_8,27_9,27_10,27_12,27_14;;Rajella fyllae;;;;;
North Atlantic;Arctic skate;Raja hyperborea;ICES;;No TAC;all areas;27_5,27_6,27_7_A,27_7_B,27_7_C,27_7_E,27_7_F,27_7_G,27_7_H,27_7_J,27_7_K,27_8,27_9,27_10,27_12,27_14;;Amblyraja hyperborea;;;;;
North Atlantic;Sailray;Raja lintea;ICES;;No TAC;All areas;27_5,27_6,27_7_A,27_7_B,27_7_C,27_7_E,27_7_F,27_7_G,27_7_H,27_7_J,27_7_K,27_8,27_9,27_10,27_12,27_14;;Rajella lintea;;;;;
North Atlantic;Small-eyed ray;Raja microocellata;ICES;;RJE7FG;VIIe-g;27_7_E,27_7_F,27_7_G;;;;;;;
North Atlantic;Spotted ray;Raja montagui;ICES;;No TAC;VI,VIIa,VIIb,VIIe-h,j,VIII,IXa;27_6,27_7_A,27_7_B,27_7_E,27_7_F,27_7_G,27_7_H,27_7_J,27_9_A;;;;;;;
North Atlantic;Cuckoo ray;Raja naevus;ICES;;No TAC;VI,VIIa-c,IXa;27_6,27_7_A,27_7_B,27_7_C,27_9_A;;Leucoraja naevus;;;;;
North Atlantic;Norwegian skate;Raja nidarosiensis;ICES;;No TAC;VI,VIIa-c,VIIe-h,VIIk;27_6,27_7_A,27_7_B,27_7_C,27_7_E,27_7_F,27_7_G,27_7_H,27_7_K;;Dipturus nidarosiensis;;;;;
North Atlantic;Longnosed skate;Raja oxyrinchus;ICES;;No TAC;All areas;27_5,27_6,27_7_A,27_7_B,27_7_C,27_7_E,27_7_F,27_7_G,27_7_H,27_7_J,27_7_K,27_8,27_9,27_10,27_12,27_14;;Dipturus oxyrinchus;;;;;
North Atlantic;Starry ray;Raja radiata;ICES;;No TAC;all areas;27_5,27_6,27_7_A,27_7_B,27_7_C,27_7_E,27_7_F,27_7_G,27_7_H,27_7_J,27_7_K,27_8,27_9,27_10,27_12,27_14;;Amblyraja radiata;;;;;
North Atlantic;Undulate ray;Raja undulata;ICES;;RJU*67AKD,RJU67AKXD,RJU8-C.,RJU9-C.;VIIb-c,VIIe-j,VIIIa-c,IXa;27_7_B,27_7_C,27_7_E,27_7_F,27_7_G,27_7_H,27_7_J,27_8_A,27_8_B,27_8_C,27_9_A;;;;;;;
North Atlantic;;Rajella kukujevi;ICES;;No TAC;All areas;27_5,27_6,27_7_A,27_7_B,27_7_C,27_7_E,27_7_F,27_7_G,27_7_H,27_7_J,27_7_K,27_8,27_9,27_10,27_12,27_14;;;;;;;
North Atlantic;Greenland halibut;Reinhardtius hippoglossoides;ICES;;GHL514GRN;V,XIV;27_5,27_14;Greenland zone: V & XIV;;;;;;
North Atlantic;Greenland halibut;Reinhardtius hippoglossoides;ICES;;GHL2A-C46;VI;27_6;EU waters of IIa and VI. In VI;;;;;;
North Atlantic;Straightnose rabbitfish;Rhinochimaera atlantica;ICES;;No TAC;V,XIV;27_5,27_14;;;;;;;
North Atlantic;Salmon;Salmo salar;ICES;;No TAC;all areas;27_5,27_6,27_7_A,27_7_B,27_7_C,27_7_E,27_7_F,27_7_G,27_7_H,27_7_J,27_7_K,27_8,27_9,27_10,27_12,27_14;;;;;;;
North Atlantic;Sardine;Sardina pilchardus;ICES;;No TAC;VIIIabd;27_8_A,27_8_B,27_8_D;;;;;;;
North Atlantic;Sardine;Sardina pilchardus;ICES;;No TAC;VIIIc,IXa;27_8_C,27_9_A;;;;;;;
North Atlantic;Spanish mackerel;Scomber colias;ICES;;No TAC;VIII,IX,X;27_8,27_9,27_10;;;;;;;
North Atlantic;Mackerel;Scomber scombrus;ICES;;MAC2CX14-;II,IIIa,IV,V,VI,VII,VIII,IX;27_2,27_3_A,27_4,27_5,27_6,27_7_A,27_7_B,27_7_C,27_7_E,27_7_F,27_7_G,27_7_H,27_7_J,27_7_K,27_8,27_9;VI, VII, VIIIabde, EC waters of Vb,  international waters of Iia, XII and XIV;;;;;;
North Atlantic;Brill;Scophthalmus rhombus;ICES;;No TAC;all areas;27_5,27_6,27_7_A,27_7_B,27_7_C,27_7_E,27_7_F,27_7_G,27_7_H,27_7_J,27_7_K,27_8,27_9,27_10,27_12,27_14;;;;;;;
North Atlantic;Small-spotted catshark;Scyliorhinus canicula;ICES;;No TAC;VI,VIIa-c,VIIe-j,VIIIa-d,IXa;27_6,27_7_A,27_7_B,27_7_C,27_7_E,27_7_F,27_7_G,27_7_H,27_7_J,27_8_A,27_8_B,27_8_C,27_8_D,27_9_A;;;;;;;
North Atlantic;Nursehound;Scyliorhinus stellaris;ICES;;No TAC;VI,VII;27_6,27_7_A,27_7_B,27_7_C,27_7_E,27_7_F,27_7_G,27_7_H,27_7_J,27_7_K ;;;;;;;
North Atlantic;Knifetooth dogfish;Scymnodon ringens;ICES;;No TAC;All areas;27_5,27_6,27_7_A,27_7_B,27_7_C,27_7_E,27_7_F,27_7_G,27_7_H,27_7_J,27_7_K,27_8,27_9,27_10,27_12,27_14;;;;;;;
North Atlantic;Golden Redfish;Sebastes marinus;ICES;;REGXXX;ICES Sub areas V,VI,XII,XIV & NAFO SA 2 + (Div. 1F + 3K).;27_5,27_6,27_12,27_14,21_1;NEAFC Stock - catches not from the stock that is subject to NEAFC management mesures;;;;;;
North Atlantic;Deep sea Redfish;Sebastes mentella;ICES;;REBXXX;ICES Sub areas V,VI,XII,XIV & NAFO SA 2 + (Div. 1F + 3K);27_5,27_6,27_12,27_14,21?;NEAFC Stock - catches not from the stock that is subject to NEAFC management mesures;;;;;;
North Atlantic;Cuttlefish;Sepia officinalis;ICES;;No TAC;all areas;27_5,27_6,27_7_A,27_7_B,27_7_C,27_7_E,27_7_F,27_7_G,27_7_H,27_7_J,27_7_K,27_8,27_9,27_10,27_12,27_14;;;;;;;
North Atlantic;Sole;Solea solea;ICES;;SOL07A.;VIIa;27_7_A;;;;;;;
North Atlantic;Sole;Solea solea;ICES;;SOL7FG.;VIIfg;27_7_F,27_7_G;;;;;;;
North Atlantic;Sole;Solea solea;ICES;;SOL7BC.;VIIbc;27_7_B,27_7_C;;;;;;;
North Atlantic;Sole;Solea solea;ICES;;SOL7HJK.;VIIhjk;27_7_H,27_7_J,27_7_K;;;;;;;
North Atlantic;Sole;Solea solea;ICES;;No TAC;Ixa;27_9_A;;;;;;;
North Atlantic;Sole;Solea solea;ICES;;No TAC;VIIIc;27_8_C;;;;;;;
North Atlantic;Sole;Solea solea;ICES;;SOL07E.;VIIe;27_7_E;;;;;;;
North Atlantic;Sole;Solea solea;ICES;;SOL8AB.;VIIIab;27_8_A,27_8_B;;;;;;;
North Atlantic;Sea breams (in plural);Sparidae;ICES;;No TAC;all areas;27_5,27_6,27_7_A,27_7_B,27_7_C,27_7_E,27_7_F,27_7_G,27_7_H,27_7_J,27_7_K,27_8,27_9,27_10,27_12,27_14;;;;;;;
North Atlantic;Picked dogfish;Squalus acanthias;ICES;;DGS15X14;All areas;27_5,27_6,27_7_A,27_7_B,27_7_C,27_7_E,27_7_F,27_7_G,27_7_H,27_7_J,27_7_K,27_8,27_9,27_10,27_12,27_14;;;;;;;
North Atlantic;Marbled electric ray;Torpedo marmorata;ICES;;No TAC;all areas;27_5,27_6,27_7_A,27_7_B,27_7_C,27_7_E,27_7_F,27_7_G,27_7_H,27_7_J,27_7_K,27_8,27_9,27_10,27_12,27_14;;;;;;;
North Atlantic;Electric ray;Torpedo nobiliana;ICES;;No TAC;All areas;27_5,27_6,27_7_A,27_7_B,27_7_C,27_7_E,27_7_F,27_7_G,27_7_H,27_7_J,27_7_K,27_8,27_9,27_10,27_12,27_14;;;;;;;
North Atlantic;Mediterranean horse mackerel;Trachurus mediterraneus;ICES;;No TAC;VIII,IX;27_8,27_9;;;;;;;
North Atlantic;Blue jack mackerel;Trachurus picturatus;ICES;;JAX08C.,JAX09.,JAXX34PRT;VIII,IX,X;27_8,27_9,27_10;TAC = Jack + horse mackerel nei?;;;;;;
North Atlantic;Horse mackerel;Trachurus trachurus;ICES;;JAX2A-14;IIa,IVa,Vb,VIa,VIIa-c,e-k,VIIIabde;27_2_A,27_4_A,27_5_B,27_6_A,27_7_A,27_7_B,27_7_C,27_7_E,27_7_F,27_7_G,27_7_H,27_7_J,27_7_K,27_8_A,27_8_B,27_8_D,27_8_E;NEAFC Stock - catches not from the stock that is subject to NEAFC management mesures;;;;;;
North Atlantic;Horse mackerel;Trachurus trachurus;ICES;;JAXX34PRT;X;27_10;NEAFC Stock - catches not from the stock that is subject to NEAFC management mesures;;;;;;
North Atlantic;Horse mackerel;Trachurus trachurus;ICES;;JAX08C.,JAX09.;VIIIc,IXa;27_8_C,27_9_A;NEAFC Stock - catches not from the stock that is subject to NEAFC management mesures;;;;;;
North Atlantic;Pouting;Trisopterus spp;ICES;;No TAC;all areas;27_5,27_6,27_7_A,27_7_B,27_7_C,27_7_E,27_7_F,27_7_G,27_7_H,27_7_J,27_7_K,27_8,27_9,27_10,27_12,27_14;;;;;;;
North Atlantic;John Dory;Zeus faber;ICES;;No TAC;all areas;27_5,27_6,27_7_A,27_7_B,27_7_C,27_7_E,27_7_F,27_7_G,27_7_H,27_7_J,27_7_K,27_8,27_9,27_10,27_12,27_14;;;;;;;
Mediterranean and Black Sea;Thresher;Alopias vulpinus;GFCM;;No TAC;All areas;all areas in the Med;;;;;;;
Mediterranean and Black Sea;European Eel;Anguilla anguilla;GFCM;;No TAC;all areas in the Med;all areas in the Med;;;;;;;
Mediterranean and Black Sea;Transparent gobid;Aphia minuta;GFCM;;No TAC;GSA 9,10,16 and 19;GSA 9,10,16 and 19;;;;;;;
Mediterranean and Black Sea;Giant red shrimp;Aristeomorpha foliacea;GFCM;;No TAC;all areas in the Med;all areas in the Med;;;;;;;
Mediterranean and Black Sea;Red shrimp;Aristeus antennatus;GFCM;;No TAC;all areas in the Med;all areas in the Med;;;;;;;
Mediterranean and Black Sea;Sand smelt;Atherina spp;GFCM;;No TAC;GSA 9,10,16 and 19;GSA 9, 10, 16 and 19;;;;;;;
Mediterranean and Black Sea;Bogue;Boops boops;GFCM;;No TAC;1.3, 2.1, 2.2, 3.1, 3.2;1.3, 2.1, 2.2, 3.1, 3.2;;;;;;;
Mediterranean and Black Sea;Requiem sharks nei;Carcharhinidae;GFCM;;No TAC;all areas in the Med;all areas in the Med;;;;;;;
Mediterranean and Black Sea;Gulper shark;Centrophorus granulosus;GFCM;;No TAC;all areas in the Med;all areas in the Med;;;;;;;
Mediterranean and Black Sea;Leafscale gulper shark;Centrophorus squamosus;GFCM;;No TAC;all areas in the Med;all areas in the Med;;;;;;;
Mediterranean and Black Sea;Little gulper shark;Centrophorus uyato;GFCM;;No TAC;all areas in the Med;all areas in the Med;;;;;;;
Mediterranean and Black Sea;Portuguese dogfish;Centroscymnus coelolepis;GFCM;;No TAC;all areas in the Med;all areas in the Med;;;;;;;
Mediterranean and Black Sea;Kitefin shark;Dalatias licha;GFCM;;No TAC;all areas in the Med;all areas in the Med;;;;;;;
Mediterranean and Black Sea;Stingrays, butterfly rays nei;Dasyatidae;GFCM;;No TAC;all areas in the Med;all areas in the Med;;;;;;;
Mediterranean and Black Sea;Roughtail stingray;Dasyatis centroura;GFCM;;No TAC;all areas in the Med;all areas in the Med;;;;;;;
Mediterranean and Black Sea;Common stingray;Dasyatis pastinaca;GFCM;;No TAC;all areas in the Med;all areas in the Med;;;;;;;
Mediterranean and Black Sea;Pelagic stingray;Dasyatis violacea;GFCM;;No TAC;all areas in the Med;all areas in the Med;;Pteroplatytrygon violacea;;;;;
Mediterranean and Black Sea;Sea bass;Dicentrarchus labrax;GFCM;;No TAC;all areas in the Med;all areas in the Med;;;;;;;
Mediterranean and Black Sea;Horned/curled octopus;Eledone cirrhosa;GFCM;;No TAC;1.1, 1.3, 2.1, 2.2, 3.1;1.1, 1.3, 2.1, 2.2, 3.1;;;;;;;
Mediterranean and Black Sea;Musky octopus;Eledone moschata;GFCM;;No TAC;1.3, 2.1, 2.2, 3.1;1.3, 2.1, 2.2, 3.1;;;;;;;
Mediterranean and Black Sea;Anchovy;Engraulis encrasicolus;GFCM;;No TAC;all areas in the Med;all areas in the Med;;;;;;;
Mediterranean and Black Sea;Anchovy;Engraulis encrasicolus;GFCM;;No TAC;Black Sea GSA 29;Black Sea GSA 29;;;;;;;
Mediterranean and Black Sea;Velvet belly;Etmopterus spinax;GFCM;;No TAC;all areas in the Med;all areas in the Med;;;;;;;
Mediterranean and Black Sea;Grey gurnard;Eutrigla gurnardus;GFCM;;No TAC;2.2, 3.1;2.2, 3.1;;;;;;;
Mediterranean and Black Sea;Tope shark;Galeorhinus galeus;GFCM;;No TAC;all areas in the Med;all areas in the Med;;;;;;;
Mediterranean and Black Sea;Blackmouth catshark;Galeus melastomus;GFCM;;No TAC;all areas in the Med;all areas in the Med;;;;;;;
Mediterranean and Black Sea;Crest-tail catsharks nei;Galeus spp;GFCM;;No TAC;all areas in the Med;all areas in the Med;;;;;;;
Mediterranean and Black Sea;Sharpnose sevengill shark;Heptranchias perlo;GFCM;;No TAC;all areas in the Med;all areas in the Med;;;;;;;
Mediterranean and Black Sea;Bluntnose sixgill shark;Hexanchus griseus;GFCM;;No TAC;all areas in the Med;all areas in the Med;;;;;;;
Mediterranean and Black Sea;Squid;Illex spp;GFCM;;No TAC;all areas in the Med;all areas in the Med;;;;;;;
Mediterranean and Black Sea;Squid;Todarodes spp;GFCM;;No TAC;all areas in the Med;all areas in the Med;;;;;;;
Mediterranean and Black Sea;Shortfin mako;Isurus oxyrinchus;GFCM;;No TAC;all areas in the Med;all areas in the Med;;;;;;;
Mediterranean and Black Sea;Shortfin mako;Isurus oxyrinchus;GFCM;;No TAC;all areas in the Med;all areas in the Med;;;;;;;
Mediterranean and Black Sea;Porbeagle;Lamna nasus;GFCM;;No TAC;all areas in the Med;all areas in the Med;;;;;;;
Mediterranean and Black Sea;Common squid;Loligo vulgaris;GFCM;;No TAC;all areas in the Med;all areas in the Med;;;;;;;
Mediterranean and Black Sea;Black-bellied angler;Lophius budegassa;GFCM;;No TAC;1.1, 1.2, 1.3, 2.2, 3.1;1.1, 1.2, 1.3, 2.2, 3.1;;;;;;;
Mediterranean and Black Sea;Anglerfish;Lophius piscatorius;GFCM;;No TAC;1.1, 1.2, 1.3, 2.2, 3.1;1.1, 1.2, 1.3, 2.2, 3.1;;;;;;;
Mediterranean and Black Sea;Whiting;Merlangius merlangus;GFCM;;No TAC;Black Sea GSA 29;Black Sea GSA 29;;;;;;;
Mediterranean and Black Sea;Hake;Merluccius merluccius;GFCM;;No TAC;all areas in the Med;all areas in the Med;;;;;;;
Mediterranean and Black Sea;Blue whiting;Micromesistius poutassou;GFCM;;No TAC;1.1, 3.1;1.1, 3.1;;;;;;;
Mediterranean and Black Sea;Grey mullets;Mugilidae;GFCM;;No TAC;1.3, 2.1, 2.2, 3.1;1.3, 2.1, 2.2, 3.1;;;;;;;
Mediterranean and Black Sea;Red mullet;Mullus barbatus;GFCM;;No TAC;all areas in the Med;all areas in the Med;;;;;;;
Mediterranean and Black Sea;Red mullet;Mullus barbatus;GFCM;;No TAC;Black Sea GSA 29;Black Sea GSA 29;;;;;;;
Mediterranean and Black Sea;Striped red mullet;Mullus surmuletus;GFCM;;No TAC;all areas in the Med;all areas in the Med;;;;;;;
Mediterranean and Black Sea;Starry smooth-hound;Mustelus asterias;GFCM;;No TAC;all areas in the Med;all areas in the Med;;;;;;;
Mediterranean and Black Sea;Smooth-hound;Mustelus mustelus;GFCM;;No TAC;all areas in the Med;all areas in the Med;;;;;;;
Mediterranean and Black Sea;Smooth-hounds nei;Mustelus spp;GFCM;;No TAC;all areas in the Med;all areas in the Med;;;;;;;
Mediterranean and Black Sea;Common eagle ray;Myliobatis aquila;GFCM;;No TAC;all areas in the Med;all areas in the Med;;;;;;;
Mediterranean and Black Sea;Norway lobster;Nephrops norvegicus;GFCM;;No TAC;all areas in the Med;all areas in the Med;;;;;;;
Mediterranean and Black Sea;Common octopus;Octopus vulgaris;GFCM;;No TAC;all areas in the Med;all areas in the Med;;;;;;;
Mediterranean and Black Sea;Angular roughshark;Oxynotus centrina;GFCM;;No TAC;all areas in the Med;all areas in the Med;;;;;;;
Mediterranean and Black Sea;Pandora;Pagellus erythrinus;GFCM;;No TAC;all areas in the Med;all areas in the Med;;;;;;;
Mediterranean and Black Sea;Deepwater rose shrimp;Parapenaeus longirostris;GFCM;;No TAC;all areas in the Med;all areas in the Med;;;;;;;
Mediterranean and Black Sea;Caramote prawn;Penaeus kerathurus;GFCM;;No TAC;3.1;3.1;;;;;;;
Mediterranean and Black Sea;Blue shark;Prionace glauca;GFCM;;No TAC;all areas in the Med;all areas in the Med;;;;;;;
Mediterranean and Black Sea;Turbot;Psetta maxima;GFCM;;TURF3742C;Black Sea GSA 29;Black Sea GSA 29;Black Sea (Division 37.4.2) - EU waters;;;;;;
Mediterranean and Black Sea;Bull ray;Pteromylaeus bovinus;GFCM;;No TAC;all areas in the Med;all areas in the Med;;;;;;;
Mediterranean and Black Sea;White skate;Raja alba;GFCM;;No TAC;all areas in the Med;all areas in the Med;;Rostroraja alba;;;;;
Mediterranean and Black Sea;Mediterranean starry ray;Raja asterias;GFCM;;No TAC;all areas in the Med;all areas in the Med;;;;;;;
Mediterranean and Black Sea;Blue skate;Raja batis;GFCM;;No TAC;all areas in the Med;all areas in the Med;;Dipturus batis;;;;;
Mediterranean and Black Sea;Blonde ray;Raja brachyura;GFCM;;No TAC;all areas in the Med;all areas in the Med;;;;;;;
Mediterranean and Black Sea;Sandy ray;Raja circularis;GFCM;;No TAC;all areas in the Med;all areas in the Med;;Leucoraja circularis;;;;;
Mediterranean and Black Sea;Thornback ray;Raja clavata;GFCM;;No TAC;all areas in the Med;all areas in the Med;;;;;;;
Mediterranean and Black Sea;Shagreen ray;Raja fullonica;GFCM;;No TAC;all areas in the Med;all areas in the Med;;Leucoraja fullonica;;;;;
Mediterranean and Black Sea;Maltese ray;Raja melitensis;GFCM;;No TAC;all areas in the Med;all areas in the Med;;;;;;;
Mediterranean and Black Sea;Small-eyed ray;Raja microocellata;GFCM;;No TAC;all areas in the Med;all areas in the Med;;;;;;;
Mediterranean and Black Sea;Brown ray;Raja miraletus;GFCM;;No TAC;all areas in the Med;all areas in the Med;;;;;;;
Mediterranean and Black Sea;Spotted ray;Raja montagui;GFCM;;No TAC;all areas in the Med;all areas in the Med;;;;;;;
Mediterranean and Black Sea;Cuckoo ray;Raja naevus;GFCM;;No TAC;all areas in the Med;all areas in the Med;;Leucoraja naevus;;;;;
Mediterranean and Black Sea;Longnosed skate;Raja oxyrinchus;GFCM;;No TAC;all areas in the Med;all areas in the Med;;Dipturus oxyrinchus;;;;;
Mediterranean and Black Sea;Speckled ray;Raja polystigma;GFCM;;No TAC;all areas in the Med;all areas in the Med;;;;;;;
Mediterranean and Black Sea;Rough ray;Raja radula;GFCM;;No TAC;all areas in the Med;all areas in the Med;;;;;;;
Mediterranean and Black Sea;Undulate ray;Raja undulata;GFCM;;No TAC;all areas in the Med;all areas in the Med;;;;;;;
Mediterranean and Black Sea;Sardine;Sardina pilchardus;GFCM;;No TAC;all areas in the Med;all areas in the Med;;;;;;;
Mediterranean and Black Sea;Mackerel;Scomber spp;GFCM;;No TAC;all areas in the Med;all areas in the Med;;;;;;;
Mediterranean and Black Sea;Small-spotted catshark;Scyliorhinus canicula;GFCM;;No TAC;all areas in the Med;all areas in the Med;;;;;;;
Mediterranean and Black Sea;Catsharks, nursehounds nei;Scyliorhinus spp;GFCM;;No TAC;all areas in the Med;all areas in the Med;;;;;;;
Mediterranean and Black Sea;Nursehound;Scyliorhinus stellaris;GFCM;;No TAC;all areas in the Med;all areas in the Med;;;;;;;
Mediterranean and Black Sea;Cuttlefish;Sepia officinalis;GFCM;;No TAC;all areas in the Med;all areas in the Med;;;;;;;
Mediterranean and Black Sea;Sole;Solea vulgaris;GFCM;;No TAC;1.2, 2.1, 3.1;1.2, 2.1, 3.1;;;;;;;
Mediterranean and Black Sea;Gilthead sea bream;Sparus aurata;GFCM;;No TAC;1.2, 3.1;1.2, 3.1;;;;;;;
Mediterranean and Black Sea;Hammerhead sharks nei;Sphyrna spp;GFCM;;No TAC;all areas in the Med;all areas in the Med;;;;;;;
Mediterranean and Black Sea;Picarels;Spicara smaris;GFCM;;No TAC;2.1, 3.1, 3.2;2.1, 3.1, 3.2;;;;;;;
Mediterranean and Black Sea;Sprat;Sprattus sprattus;GFCM;;No TAC;Black Sea GSA 29;Black Sea GSA 29;;;;;;;
Mediterranean and Black Sea;Picked dogfish;Squalus acanthias;GFCM;;No TAC;all areas in the Med;all areas in the Med;;;;;;;
Mediterranean and Black Sea;Longnose spurdog;Squalus blainville;GFCM;;No TAC;all areas in the Med;all areas in the Med;;;;;;;
Mediterranean and Black Sea;Dogfishes nei;Squalus spp;GFCM;;No TAC;all areas in the Med;all areas in the Med;;;;;;;
Mediterranean and Black Sea;Angelshark;Squatina squatina;GFCM;;No TAC;all areas in the Med;all areas in the Med;;;;;;;
Mediterranean and Black Sea;Mantis shrimp;Squilla mantis;GFCM;;No TAC;1.3, 2.1, 2.2;1.3, 2.1, 2.2;;;;;;;
Mediterranean and Black Sea;Marbled electric ray;Torpedo marmorata;GFCM;;No TAC;all areas in the Med;all areas in the Med;;;;;;;
Mediterranean and Black Sea;Electric ray;Torpedo nobiliana;GFCM;;No TAC;all areas in the Med;all areas in the Med;;;;;;;
Mediterranean and Black Sea;Torpedo rays;Torpedo spp;GFCM;;No TAC;all areas in the Med;all areas in the Med;;;;;;;
Mediterranean and Black Sea;Mediterranean horse mackerel;Trachurus mediterraneus;GFCM;;No TAC;All areas in the Med;All areas in the Med;;;;;;;
Mediterranean and Black Sea;Mediterranean horse mackerel;Trachurus mediterraneus;GFCM;;No TAC;Black Sea GSA 29;Black Sea GSA 29;;;;;;;
Mediterranean and Black Sea;Horse mackerel;Trachurus trachurus;GFCM;;No TAC;all areas in the Med;all areas in the Med;;;;;;;
Mediterranean and Black Sea;Horse mackerel;Trachurus trachurus;GFCM;;No TAC;Black Sea GSA 29;Black Sea GSA 29;;;;;;;
Mediterranean and Black Sea;Houndsharks, smoothhounds nei;Triakidae;GFCM;;No TAC;all areas in the Med;all areas in the Med;;;;;;;
Mediterranean and Black Sea;Tub gurnard;Trigla lucerna;GFCM;;No TAC;1.3, 2.2, 3.1;1.3, 2.2, 3.1;;;;;;;
Mediterranean and Black Sea;Poor cod;Trisopterus minutus;GFCM;;No TAC;all areas in the Med;all areas in the Med;;;;;;;
Mediterranean and Black Sea;Clam;Veneridae;GFCM;;No TAC;2.1, 2.2;2.1, 2.2;;;;;;;
Other regions;Wahoo;Acanthocybium solandri;ICCAT;;No TAC;Atlantic Ocean and adjacent seas;21,31,27,34,37;;;;;;;
Other regions;Bullet tuna;Auxis rochei;ICCAT;;No TAC;Atlantic Ocean and adjacent seas;21,31,27,34,37;;;;;;;
Other regions;Frigate tuna;Auxis thazard;ICCAT;;No TAC;Atlantic Ocean and adjacent seas;21,31,27,34,37;;;;;;;
Other regions;Dolphinfish;Coryphaena hippurus;ICCAT;;No TAC;Atlantic Ocean and adjacent seas;21,31,27,34,37;;;;;;;
Other regions;Atlantic back skipjack;Euthynnus alleteratus;ICCAT;;No TAC;Atlantic Ocean and adjacent seas;21,31,27,34,37;;;;;;;
Other regions;Sailfish;Istiophorus albicans;ICCAT;;No TAC;Atlantic Ocean and adjacent seas;21,31,27,34,37;;;;;;;
Other regions;Skipjack tuna;Katsuwonus pelamis;ICCAT;;No TAC;Atlantic Ocean and adjacent seas;21,31,27,34,37;;;;;;;
Other regions;Blue marlin;Makaira nigricans (or mazara);ICCAT;;BUMATLANT;Atlantic Ocean and adjacent seas;21,31,27,34,37;;;;;;;
Other regions;Plain bonito;Orcynopsis unicolor;ICCAT;;No TAC;Atlantic Ocean and adjacent seas;21,31,27,34,37;;;;;;;
Other regions;Blue shark;Prionace glauca;ICCAT;;No TAC;Atlantic Ocean and adjacent seas;21,31,27,34,37;;;;;;;
Other regions;Atlantic bonito;Sarda sarda;ICCAT;;No TAC;Atlantic Ocean and adjacent seas;21,31,27,34,37;;;;;;;
Other regions;Serra Spanish mackerel;Scomberomorus brasiliensis;ICCAT;;No TAC;Atlantic Ocean and adjacent seas;21,31,27,34,37;;;;;;;
Other regions;King mackerel;Scomberomorus cavalla;ICCAT;;No TAC;Atlantic Ocean and adjacent seas;21,31,27,34,37;;;;;;;
Other regions;Atlantic Spanish mackerel;Scomberomorus maculatus;ICCAT;;No TAC;Atlantic Ocean and adjacent seas;21,31,27,34,37;;;;;;;
Other regions;Cero;Scomberomorus regalis;ICCAT;;No TAC;Atlantic Ocean and adjacent seas;21,31,27,34,37;;;;;;;
Other regions;West African Spanish mackerel;Scomberomorus tritor;ICCAT;;No TAC;Atlantic Ocean and adjacent seas;21,31,27,34,37;;;;;;;
Other regions;White marlin;Tetrapturus albidus;ICCAT;;No TAC;Atlantic Ocean and adjacent seas;21,31,27,34,37;;;;;;;
Other regions;Albacore tuna;Thunnus alalunga;ICCAT;;ALBAS05N,ALBAN05N;Atlantic Ocean and adjacent seas;31, 34, 41, 47;;;;;;;
Other regions;Yellowfin tuna;Thunnus albacares;ICCAT;;No TAC;Atlantic Ocean and adjacent seas;21,27, 37;;;;;;;
Other regions;Blackfin tuna;Thunnus atlanticus;ICCAT;;No TAC;Atlantic Ocean and adjacent seas;21,31,27,34,37;;;;;;;
Other regions;Bigeye tuna;Thunnus obesus;ICCAT;;BETATLANT;Atlantic Ocean and adjacent seas;21,31,27,34,37;;;;;;;
Other regions;Bluefin tuna;Thunnus thynnus;ICCAT;;BFT*641,BFT*643,BFT*8301,BFT*8302,BFT'*8303F,BFTAE45WM;Atlantic Ocean and adjacent seas;31,27,34,37,47;;;;;;;
Other regions;Swordfish;Xiphias gladius;ICCAT;;No TAC;Atlantic Ocean and adjacent seas;21,31,27,34,37;;;;;;;
Other regions;Pelagic thresher shark;Alopias pelagicus;IOTC;;No TAC;Indian Ocean Western and Eastern;51,57;;;;;;;
Other regions;Bigeye thresher shark;Alopias superciliosus;IOTC;;No TAC;Indian Ocean Western and Eastern;51,57;;;;;;;
Other regions;Bullet tuna;Auxis rochei;IOTC;;No TAC;Indian Ocean Western and Eastern;51,57;;;;;;;
Other regions;Frigate tuna;Auxis thazard;IOTC;;No TAC;Indian Ocean Western and Eastern;51,57;;;;;;;
Other regions;Silky shark;Carcharhinus falciformes;IOTC;;No TAC;Indian Ocean Western and Eastern;51,57;;;;;;;
Other regions;Oceanic whitetip shark;Carcharhinus longimanus;IOTC;;No TAC;Indian Ocean Western and Eastern;51,57;;;;;;;
Other regions;Dolphinfish;Coryphaena hippurus;IOTC;;No TAC;Runion et Mayotte;51;;;;;;;
Other regions;Kawakawa;Euthynnus affinis;IOTC;;No TAC;Indian Ocean Western and Eastern;51,57;;;;;;;
Other regions;Indo-Pacific sailfish;Istiophorus platypterus;IOTC;;No TAC;Indian Ocean Western and Eastern;51,57;;;;;;;
Other regions;Skipjack tuna;Katsuwonus pelamis;IOTC;;No TAC;Indian Ocean Western and Eastern;51,57;;;;;;;
Other regions;Black marlin;Makaira indica;IOTC;;No TAC;Indian Ocean Western and Eastern;51,57;;;;;;;
Other regions;Blue marlin;Makaira nigricans (or mazara);IOTC;;No TAC;Indian Ocean Western and Eastern;51,57;;;;;;;
Other regions;Blue shark;Prionace glauca;IOTC;;No TAC;Indian Ocean Western and Eastern;51,57;;;;;;;
Other regions;Narrow-barred Spanish mackerel;Scomberomorus commerson;IOTC;;No TAC;Indian Ocean Western and Eastern;51,57;;;;;;;
Other regions;Indo-Pacific king mackerel;Scomberomorus guttatus;IOTC;;No TAC;Indian Ocean Western and Eastern;51,57;;;;;;;
Other regions;Scalloped hammerhead shark;Sphyrna lewini;IOTC;;No TAC;Indian Ocean Western and Eastern;51,57;;;;;;;
Other regions;Striped marlin;Tetrapturus audax;IOTC;;No TAC;Indian Ocean Western and Eastern;51,57;;;;;;;
Other regions;Albacore tuna;Thunnus alalunga;IOTC;;No TAC;Indian Ocean Western and Eastern;51,57;;;;;;;
Other regions;Yellowfin tuna;Thunnus albacares;IOTC;;No TAC;Indian Ocean Western and Eastern;51,57;;;;;;;
Other regions;Bigeye tuna;Thunnus obesus;IOTC;;No TAC;Indian Ocean Western and Eastern;51,57;;;;;;;
Other regions;Longtail tuna;Thunnus tonggol;IOTC;;No TAC;Indian Ocean Western and Eastern;51,57;;;;;;;
Other regions;Swordfish;Xiphias gladius;IOTC;;No TAC;Indian Ocean Western and Eastern;51,57;;;;;;;
Other regions;Skipjack tuna;Katsuwonus pelamis;IATTC;;No TAC;East Pacific Ocean;;;;;;;;
Other regions;Black marlin;Makaira indica;IATTC;;No TAC;East Pacific Ocean;;;;;;;;
Other regions;Blue marlin;Makaira nigricans (or mazara);IATTC;;No TAC;East Pacific Ocean;77,87;;;;;;;
Other regions;Striped marlin;Tetrapturus audax;IATTC;;No TAC;East Pacific Ocean;;;;;;;;
Other regions;Albacore tuna;Thunnus alalunga;IATTC;;No TAC;East Pacific Ocean;;;;;;;;
Other regions;Yellowfin tuna;Thunnus albacares;IATTC;;No TAC;East Pacific Ocean;;;;;;;;
Other regions;Bigeye tuna;Thunnus obesus;IATTC;;No TAC;East Pacific Ocean;;;;;;;;
Other regions;Pacific bluefin tuna;Thunnus orientalis;IATTC;;No TAC;East Pacific Ocean;;;;;;;;
Other regions;Swordfish;Xiphias gladius;IATTC;;No TAC;East Pacific Ocean;;;;;;;;
Other regions;Grunt;Brachydeuterus spp;CECAF;;No TAC;34.1.3,34.3.1,34.3.3-6;34_1_3,34_3_1,34_3_3,34_3_4,34_3_5,34_3_6;;;;;;;
Other regions;Jack;Caranx spp;CECAF;;No TAC;34.3.1,34.3.3-6;34_3_1,34_3_3,34_3_4,34_3_5,34_3_6;;;;;;;
Other regions;Tongue sole;Cynoglossus spp;CECAF;;No TAC;34.1.1,34.1.3,34.3.1,34.3.3-6;34_1_1,34_1_3,34_3_1,34_3_3,34_3_4,34_3_5,34_3_6;;;;;;;
Other regions;Scad;Decapterus spp;CECAF;;No TAC;34.3.1,34.3.3-6;34_3_1,34_3_3,34_3_4,34_3_5,34_3_6;;;;;;;
Other regions;Canary dentex;Dentex canariensis;CECAF;;No TAC;34.1.1,34.1.3,34.3.1,34.3.3-6;34_1_1,34_1_3,34_3_1,34_3_3,34_3_4,34_3_5,34_3_6;;;;;;;
Other regions;Congo dentex;Dentex congoensis;CECAF;;No TAC;34.1.1,34.1.3,34.3.1,34.3.3-6;34_1_1,34_1_3,34_3_1,34_3_3,34_3_4,34_3_5,34_3_6;;;;;;;
Other regions;Large-eye dentex;Dentex macrophthalmus;CECAF;;No TAC;34.1.1,34.1.3,34.3.1,34.3.3-6;34_1_1,34_1_3,34_3_1,34_3_3,34_3_4,34_3_5,34_3_6;;;;;;;
Other regions;Morocco dentex;Dentex maroccanus;CECAF;;No TAC;34.1.1,34.1.3,34.3.1,34.3.3-6;34_1_1,34_1_3,34_3_1,34_3_3,34_3_4,34_3_5,34_3_6;;;;;;;
Other regions;Dentex;Dentex spp;CECAF;;No TAC;34.1.1; 34.1.3,34.3.1,34.3.3-6,34_1_1,34_1_3,34_3_1,34_3_3,34_3_4,34_3_5,34_3?;;;;;;;
Other regions;Anchovy;Engraulis encrasicolus;CECAF;;No TAC;34.1.1,34.1.3,34.3.1,34.3.3-6;34_1_1,34_1_3,34_3_1,34_3_3,34_3_4,34_3_5,34_3_6;;;;;;;
Other regions;White grouper;Epinephelus aeneus;CECAF;;No TAC;34.1.3,34.3.1,34.3.3-6;34_1_3,34_3_1,34_3_3,34_3_4,34_3_5,34_3_6;;;;;;;
Other regions;Bonga shad;Ethmalosa fimbriata;CECAF;;No TAC;34.3.1,34.3.3-6;34_3_1,34_3_3,34_3_4,34_3_5,34_3_6;;;;;;;
Other regions;Southern pink shrimp;Farfantepenaeus notialis;CECAF;;No TAC;34.1.1,34.1.3,34.3.1,34.3.3-6;34_1_1,34_1_3,34_3_1,34_3_3,34_3_4,34_3_5,34_3_6;;;;;;;
Other regions;Lesser African threadfin;Galeoides decadactylus;CECAF;;No TAC;34.1.3,34.3.1,34.3.3-6;34_1_3,34_3_1,34_3_3,34_3_4,34_3_5,34_3_6;;;;;;;
Other regions;Common squid;Loligo vulgaris;CECAF;;No TAC;34.1.1,34.1.3,34.3.1,34.3.3-6;34_1_1,34_1_3,34_3_1,34_3_3,34_3_4,34_3_5,34_3_6;;;;;;;
Other regions;Benguela hake;Merluccius polli;CECAF;;No TAC;34.1.1,34.1.3,34.3.1,34.3.3-6;34_1_1,34_1_3,34_3_1,34_3_3,34_3_4,34_3_5,34_3_6;;;;;;;
Other regions;Senegalese hake;Merluccius senegalensis;CECAF;;No TAC;34.1.1,34.1.3,34.3.1,34.3.3-6;34_1_1,34_1_3,34_3_1,34_3_3,34_3_4,34_3_5,34_3_6;;;;;;;
Other regions;Other hake;Merluccius spp;CECAF;;No TAC;34.1.1,34.1.3,34.3.1,34.3.3-6;34_1_1,34_1_3,34_3_1,34_3_3,34_3_4,34_3_5,34_3_6;;;;;;;
Other regions;Common octopus;Octopus vulgaris;CECAF;;No TAC;34.1.1,34.1.3,34.3.1,34.3.3-6;34_1_1,34_1_3,34_3_1,34_3_3,34_3_4,34_3_5,34_3_6;;;;;;;
Other regions;axillary sea bream;Pagellus acarne;CECAF;;No TAC;34.1.1;34_1_1;;;;;;;
Other regions;Red pandora;Pagellus bellottii;CECAF;;No TAC;34.1.1,34.1.3,34.3.1,34.3.3-6;34_1_1,34_1_3,34_3_1,34_3_3,34_3_4,34_3_5,34_3_6;;;;;;;
Other regions;Blackspot sea bream;Pagellus bogaraveo;CECAF;;No TAC;34.1.1;34_1_1;;;;;;;
Other regions;Pandora;Pagellus spp;CECAF;;No TAC;34.1.1,34.1.3,34.3.1,34.3.3-6;34_1_1,34_1_3,34_3_1,34_3_3,34_3_4,34_3_5,34_3_6;;;;;;;
Other regions;Blue spotted sea bream;Pagrus caeruleostictus;CECAF;;No TAC;34.1.1,34.1.3,34.3.1,34.3.3-6;34_1_1,34_1_3,34_3_1,34_3_3,34_3_4,34_3_5,34_3_6;;;;;;;
Other regions;Deepwater rose shrimp;Parapenaeus longirostris;CECAF;;No TAC;34.1.1,34.1.3,34.3.1,34.3.3-6;34_1_1,34_1_3,34_3_1,34_3_3,34_3_4,34_3_5,34_3_6;;;;;;;
Other regions;Bastard grunt;Pomadasys incisus;CECAF;;No TAC;34.1.1;34_1_1;;;;;;;
Other regions;Grunt;Pomadasys spp;CECAF;;No TAC;34.1.1,34.1.3,34.3.1,34.3.3-6;34_1_1,34_1_3,34_3_1,34_3_3,34_3_4,34_3_5,34_3_6;;;;;;;
Other regions;West African croakers;Pseudotolithus spp;CECAF;;No TAC;34.1.1;34_1_1;;;;;;;
Other regions;Sardine;Sardina pilchardus;CECAF;;No TAC;34.1.1,34.1.3;34_1_1,34_1_3;;;;;;;
Other regions;Round sardinella;Sardinella aurita;CECAF;;No TAC;34.1.1,34.1.3,34.3.1,34.3.3-6;34_1_1,34_1_3,34_3_1,34_3_3,34_3_4,34_3_5,34_3_6;;;;;;;
Other regions;Short-body sardinella;Sardinella maderensis;CECAF;;No TAC;34.1.1,34.1.3,34.3.1,34.3.3-6;34_1_1,34_1_3,34_3_1,34_3_3,34_3_4,34_3_5,34_3_6;;;;;;;
Other regions;Chub mackerel;Scomber japonicus;CECAF;;No TAC;34.1.1,34.1.3,34.3.1,34.3.3-6;34_1_1,34_1_3,34_3_1,34_3_3,34_3_4,34_3_5,34_3_6;;;;;;;
Other regions;Other Mackerel;Scomber spp;CECAF;;No TAC;34.1.1,34.1.3,34.3.1,34.3.3-6;34_1_1,34_1_3,34_3_1,34_3_3,34_3_4,34_3_5,34_3_6;;;;;;;
Other regions;Cuttlefish;Sepia hierredda;CECAF;;No TAC;34.1.1,34.1.3,34.3.1,34.3.3-6;34_1_1,34_1_3,34_3_1,34_3_3,34_3_4,34_3_5,34_3_6;;;;;;;
Other regions;Common cuttlefish;Sepia officinalis;CECAF;;No TAC;34.1.1,34.1.3,34.3.1,34.3.3-6;34_1_1,34_1_3,34_3_1,34_3_3,34_3_4,34_3_5,34_3_6;;;;;;;
Other regions;Cuttlefishes;Sepia spp;CECAF;;No TAC;34.1.1,34.1.3,34.3.1,34.3.3-6;34_1_1,34_1_3,34_3_1,34_3_3,34_3_4,34_3_5,34_3_6;;;;;;;
Other regions;Sea bream;Sparidae;CECAF;;No TAC;34.1.1,34.1.3,34.3.1,34.3.3-6;34_1_1,34_1_3,34_3_1,34_3_3,34_3_4,34_3_5,34_3_6;;;;;;;
Other regions;Sea bream;Sparus spp;CECAF;;No TAC;34.1.1;34_1_1;;;;;;;
Other regions;Atlantic horse mackerel;Trachurus trachurus;CECAF;;No TAC;34.1.1,34.1.3,34.3.1,34.3.3-6;34_1_1,34_1_3,34_3_1,34_3_3,34_3_4,34_3_5,34_3_6;;;;;;;
Other regions;Cunene horse mackerel;Trachurus trecae;CECAF;;No TAC;34.1.1,34.1.3,34.3.1,34.3.3-6;34_1_1,34_1_3,34_3_1,34_3_3,34_3_4,34_3_5,34_3_6;;;;;;;
Other regions;Canary drum;Umbrina canariensis;CECAF;;No TAC;34.3.3-6;34_3_3,34_3_4,34_3_5,34_3_6;;;;;;;
Other regions;Thorny skate;Amblyraja radiata;NAFO 3LNOPs;;;21;;;;;;;;
Other regions;Alfonsinos;Beryx sp.;NAFO 6G;;;21;;;;;;;;
Other regions;Roundnose Grenadier;Coryphaenoides rupestris;NAFO SA0 + 1;;;21;;;;;;;;
Other regions;Cod;Gadus morhua;NAFO 2J 3KL;;;21;;;;;;;;
Other regions;Cod;Gadus morhua;NAFO 3M;;;21;;;;;;;;
Other regions;Cod;Gadus morhua;NAFO 3NO;;;21;;;;;;;;
Other regions;Cod;Gadus morhua;NAFO 3Ps;;;21;;;;;;;;
Other regions;Cod;Gadus morhua;NAFO SA1;;;21;;;;;;;;
Other regions;Witch flounder;Glyptocephalus cynoglossus;NAFO 3NO;;;21;;;;;;;;
Other regions;Witch flounder;Glyptocephalus cynoglossus;NAFO 2J3KL;;;21;;;;;;;;
Other regions;American plaice;Hippoglossoides platessoides;NAFO 3LNO;;;21;;;;;;;;
Other regions;American plaice;Hippoglossoides platessoides;NAFO 3M;;;21;;;;;;;;
Other regions;Atlantic halibut;Hippoglossus hippoglossus;NAFO SA1;;;21;;;;;;;;
Other regions;Shortfin squid;Illex illecebrosus;NAFO Subareas 3 + 4;;;21;;;;;;;;
Other regions;Yellowtail flounder;Limanda ferruginea;NAFO 3LNO;;;21;;;;;;;;
Other regions;Roughhead grenadier;Macrourus berglax;NAFO SA2 + 3;;;21;;;;;;;;
Other regions;Capelin;Mallotus villosus;NAFO 3NO;;;21;;;;;;;;
Other regions;Northern shrimp;Pandalus borealis;NAFO 3LNO;;;21;;;;;;;;
Other regions;Northern shrimp;Pandalus borealis;NAFO 3M;;;21;;;;;;;;
Other regions;Greenland halibut;Reinhardtius hippoglossoides;NAFO 3KLMNO;;;21;;;;;;;;
Other regions;Greenland halibut;Reinhardtius hippoglossoides;NAFO SA1;;;21;;;;;;;;
Other regions;Salmon;Salmo salar;NAFO S1 + ICES Sub- area XIV;;;21;;;;;;;;
Other regions;Redfish;Sebastes mentella;NAFO SA1;;;21;;;;;;;;
Other regions;Redfish;Sebastes spp;NAFO 3LN;;;21;;;;;;;;
Other regions;Redfish;Sebastes spp;NAFO 3M;;;21;;;;;;;;
Other regions;Redfish;Sebastes spp;NAFO 3O;;;21;;;;;;;;
Other regions;White hake;Urophycis tenuis;NAFO 3NO;;;21;;;;;;;;
Other regions;;Allocyttus guineensis;SEAFO;;No TAC;South-East Atlantic;47;;;;;;;
Other regions;Oreo dories;Allocyttus verucossus;SEAFO;;No TAC;South-East Atlantic;47;;;;;;;
Other regions;Blue antimora;Antimora rostrata;SEAFO;;No TAC;South-East Atlantic;47;;;;;;;
Other regions;Alfonsinos;Beryx spp;SEAFO;;No TAC;South-East Atlantic;47;;;;;;;
Other regions;Red/Golden crabs;Chaceon spp;SEAFO;;No TAC;South-East Atlantic;47;;;;;;;
Other regions;Patagonian toothfish;Dissostichus eleginoides;SEAFO;;No TAC;South-East Atlantic;47;;;;;;;
Other regions;Cape bonnetmouth;Emmelichthys nitidus;SEAFO;;No TAC;South-East Atlantic;47;;;;;;;
Other regions;Cardinal fish;Epigonus spp;SEAFO;;No TAC;South-East Atlantic;47;;;;;;;
Other regions;Blackbelly rosefishes;Helicolenus spp;SEAFO;;No TAC;South-East Atlantic;47;;;;;;;
Other regions;Orange roughy;Hoplostethus atlanticus;SEAFO;;No TAC;South-East Atlantic;47;;;;;;;
Other regions;Tristan rock lobster;Jasus tristani;SEAFO;;No TAC;South-East Atlantic;47;;;;;;;
Other regions;Silver scabbardfish;Lepidotus caudatus;SEAFO;;No TAC;South-East Atlantic;47;;;;;;;
Other regions;Grenadiers;Macrourus spp;SEAFO;;No TAC;South-East Atlantic;47;;;;;;;
Other regions;Hake;Merluccius spp;SEAFO;;No TAC;South-East Atlantic;47;;;;;;;
Other regions;;Neocyttus romboidales;SEAFO;;No TAC;South-East Atlantic;47;;;;;;;
Other regions;Orange bellowfish;Notopogon fernandezianus;SEAFO;;No TAC;South-East Atlantic;47;;;;;;;
Other regions;Octopus and squids;Octopodidae and Loliginidae;SEAFO;;No TAC;South-East Atlantic;47;;;;;;;
Other regions;Wreckfish;Polyprion americanus;SEAFO;;No TAC;South-East Atlantic;47;;;;;;;
Other regions;Roudi escolar;Promethichthys prometheus;SEAFO;;No TAC;South-East Atlantic;47;;;;;;;
Other regions;;Pseudocyttu smaculatus;SEAFO;;No TAC;South-East Atlantic;47;;;;;;;
Other regions;Pelagic armourhead/ Southern boarfish;Pseudopentaceros richardsoni;SEAFO;;No TAC;South-East Atlantic;47;;;;;;;
Other regions;Oilfish;Ruvettus pretiosus;SEAFO;;No TAC;South-East Atlantic;47;;;;;;;
Other regions;Imperial blackfish;Schedophilus ovalis;SEAFO;;No TAC;South-East Atlantic;47;;;;;;;
Other regions;Violet warehou;Schedophilus velaini;SEAFO;;No TAC;South-East Atlantic;47;;;;;;;
Other regions;Mackerel;Scomber spp;SEAFO;;No TAC;South-East Atlantic;47;;;;;;;
Other regions;Horse mackerel;Trachurus spp;SEAFO;;No TAC;South-East Atlantic;47;;;;;;;
Other regions;Sea catfishes;Ariidae;WECAFC;;No TAC;French Guyana;31;;;;;;;
Other regions;Snooks;Centropomus spp;WECAFC;;No TAC;French Guyana;31;;;;;;;
Other regions;Acoupa weakfish;Cynoscion acoupa;WECAFC;;No TAC;French Guyana;31;;;;;;;
Other regions;Smalltooth weakfish;Cynoscion steindachneri;WECAFC;;No TAC;French Guyana;31;;;;;;;
Other regions;Green weakfish;Cynoscion virescens;WECAFC;;No TAC;French Guyana;31;;;;;;;
Other regions;Red hind;Epinephelus guttatus;WECAFC;;No TAC;West Central Atlantic;31;;;;;;;
Other regions;Torroto grunt;Genyatremus luteus;WECAFC;;No TAC;French Guyana;31;;;;;;;
Other regions;Grunters;Haemulidae;WECAFC;;No TAC;Guadeloupe and Martinique;31;;;;;;;
Other regions;Tripletail;Lobotes surinamensis;WECAFC;;No TAC;French Guyana;31;;;;;;;
Other regions;Snappers;Lutjanidae;WECAFC;;No TAC;Guadeloupe and Martinique;31;;;;;;;
Other regions;Blackfin snapper;Lutjanus buccanella;WECAFC;;No TAC;West Central Atlantic;31;;;;;;;
Other regions;Red snapper;Lutjanus campechanus;WECAFC;;No TAC;West Central Atlantic;31;;;;;;;
Other regions;Houndsharks, smoothhounds nei;Lutjanus purpureus;WECAFC;;No TAC;French Guyana;31;;;;;;;
Other regions;Silk snapper;Lutjanus vivanus;WECAFC;;No TAC;West Central Atlantic;31;;;;;;;
Other regions;Mullets;Mugil spp;WECAFC;;No TAC;Guadeloupe and Martinique;31;;;;;;;
Other regions;Caribbean spiny lobster;Panulirus argus;WECAFC;;No TAC;West Central Atlantic;31;;;;;;;
Other regions;Penaeus shrimp;Penaeus subtilis;WECAFC;;PENFGU.;French Guyana;31;;;;;;;
Other regions;Lion fish;Pterois volitans;WECAFC;;No TAC;Guadeloupe and Martinique;31;;;;;;;
Other regions;Groupers;Serranidae;WECAFC;;No TAC;Guadeloupe and Martinique;31;;;;;;;
Other regions;Sharks, rays & skates, Shark-like Selachii; Rajidae;WECAFC;;No TAC;West Central Atlantic;31;;;;;;;
Other regions;Queen conch;Strombus gigas;WECAFC;;No TAC;West Central Atlantic;31;;;;;;;
Other regions;Snappers;Lutjanidae;SIOFA;;No TAC;Runion et Mayotte;;;;;;;;
Other regions;Bigeye scad;Selar crumenophthalmus;SIOFA;;No TAC;Runion et Mayotte;;;;;;;;
Other regions;Groupers;Serranidae;SIOFA;;No TAC;Runion et Mayotte;;;;;;;;
Other regions;Jack mackerel;Trachurus murphyi;SPRFMO;;No TAC;SPRFMO Convention Area;81,87;;;;;;;
Other regions;Wahoo;Acanthocybium solandri;WCPFC;;No TAC;West Central Pacific Ocean;71;;;;;;;
Other regions;Pelagic thresher;Alopias pelagicus;WCPFC;;No TAC;West Central Pacific Ocean;71;;;;;;;
Other regions;big eye thresher;Alopias superciliosus;WCPFC;;No TAC;West Central Pacific Ocean;71;;;;;;;
Other regions;Common thresher;Alopias vulpinus;WCPFC;;No TAC;West Central Pacific Ocean;71;;;;;;;
Other regions;Silky shark;Carcharhinus falciformis;WCPFC;;No TAC;West Central Pacific Ocean;71;;;;;;;
Other regions;Oceanic whitetip shark;Carcharhinus longimanus;WCPFC;;No TAC;West Central Pacific Ocean;71;;;;;;;
Other regions;Dolphinfish;Coryphaena hippurus;WCPFC;;No TAC;West Central Pacific Ocean;71;;;;;;;
Other regions;Rainbow runner;Elagatis bipinnulata;WCPFC;;No TAC;West Central Pacific Ocean;71;;;;;;;
Other regions;Skipjack tuna;Katsuwonus pelamis;WCPFC;;No TAC;West Central Pacific Ocean;71;;;;;;;
Other regions;Moonfish (opah);Lampris regius;WCPFC;;No TAC;West Central Pacific Ocean;71;;;;;;;
Other regions;Escolar;Lepidocybium f lavobrunneum;WCPFC;;No TAC;West Central Pacific Ocean;71;;;;;;;
Other regions;Black marlin;Makaira indica;WCPFC;;No TAC;West Central Pacific Ocean;71;;;;;;;
Other regions;Blue marlin;Makaira nigricans (or mazara);WCPFC;;No TAC;West Central Pacific Ocean;71;;;;;;;
Other regions;Sunfish;Mola mola;WCPFC;;No TAC;West Central Pacific Ocean;71;;;;;;;
Other regions;Blue shark;Prionace glauca;WCPFC;;No TAC;West Central Pacific Ocean;71;;;;;;;
Other regions;Oilfish;Ruvettus pretiosus;WCPFC;;No TAC;West Central Pacific Ocean;71;;;;;;;
Other regions;Spearfish;Tetrapturus angustirostris;WCPFC;;No TAC;West Central Pacific Ocean;71;;;;;;;
Other regions;Striped marlin;Tetrapturus audax;WCPFC;;No TAC;West Central Pacific Ocean;71;;;;;;;
Other regions;Albacore tuna;Thunnus alalunga;WCPFC;;No TAC;West Central Pacific Ocean;71;;;;;;;
Other regions;Yellowfin tuna;Thunnus albacares;WCPFC;;No TAC;West Central Pacific Ocean;71;;;;;;;
Other regions;Bigeye tuna;Thunnus obesus;WCPFC;;No TAC;West Central Pacific Ocean;71;;;;;;;
Other regions;Pacific bluefin tuna;Thunnus orientalis;WCPFC;;No TAC;West Central Pacific Ocean;71;;;;;;;
Other regions;Swordfish;Xiphias gladius;WCPFC;;No TAC;West Central Pacific Ocean;71;;;;;;;
Other regions;Sailfish;Istiophorus platypterus;;;No TAC;West Central Pacific Ocean;71;;;;;;;
Other regions;Limpets;Patellidae;;;No TAC;Azores, Madeira and Canary Islands;34;;;;;;;
Other regions;Sardine;Sardina pilchardus;;;No TAC;Azores, Madeira and Canary Islands;34;;;;;;;
Other regions;Sardinella;Sardinella maderensis;;;No TAC;Azores, Madeira and Canary Islands;34;;;;;;;
Other regions;Atlantic chub mackerel;Scomber colias;;;No TAC;Azores, Madeira and Canary Islands;34;;;;;;;
Other regions;Parrotfish;Sparisoma cretense;;;No TAC;Azores, Madeira and Canary Islands;34;;;;;;;
Other regions;Horse mackerel;Trachurus spp;;;No TAC;Azores, Madeira and Canary Islands;34;;;;;;;
Other regions;Mackerel icefish;Champsocephalus gunnari;CCAMLR;;No TAC;CCAMLR Convention Area;48, 58, 88;;;;;;;
Other regions;Toothfish;Dissostichus spp Dissostichus eleginoides and Dissostichus mawsoni);CCAMLR;;No TAC;CCAMLR Convention Area;48, 58, 88;;;;;;;
Other regions;Krill;Euphausia superba;CCAMLR;;No TAC;CCAMLR Convention Area;48, 58, 88;;;;;;;
