RCG,Metier_level6,Start_year,End_year,Old_code,Used_by_country_in_RDB,Total_n_trips_RDB_2009t2017,,,,,,,,,,,,,,,,,,,,,,,
BALT,DRB_MOL_>0_0_0,,,"DRB_MOL_>=0_0_0, DRB_MOL_>0_0_0, DRB_MOL_0_0_0","DEU, DNK, SWE",127,,,,,,,,,,,,,,,,,,,,,,,
BALT,FPN_ANA_>0_0_0,,,FPN_ANA_>0_0_0,"DEU, DNK, SWE",1228,,,,,,,,,,,,,,,,,,,,,,,
BALT,FPN_CAT_>0_0_0,,,FPN_CAT_>0_0_0,"DEU, DNK, SWE",46570,,,,,,,,,,,,,,,,,,,,,,,
BALT,FPN_CRU_>0_0_0,,,FPN_CRU_>0_0_0,DNK,794,,,,,,,,,,,,,,,,,,,,,,,
BALT,FPN_DEF_>0_0_0,,,FPN_DEF_>0_0_0,"DEU, DNK, SWE",4885,,,,,,,,,,,,,,,,,,,,,,,
BALT,FPN_FWS_>0_0_0,,,FPN_FWS_>0_0_0,"DEU, DNK, POL, SWE",4826,,,,,,,,,,,,,,,,,,,,,,,
BALT,FPN_SPF_>0_0_0,,,FPN_SPF_>0_0_0,"DEU, DNK, EST, LVA, SWE",15394,,,,,,,,,,,,,,,,,,,,,,,
BALT,FPO_ANA_>0_0_0,,,FPO_ANA_>0_0_0,"DEU, POL, SWE",36148,,,,,,,,,,,,,,,,,,,,,,,
BALT,FPO_CAT_>0_0_0,,,FPO_CAT_>0_0_0,"DEU, DNK, POL, SWE",9192,,,,,,,,,,,,,,,,,,,,,,,
BALT,FPO_CRU_>0_0_0,,,"FPO_CRU_>0_0_0, FPO_CRU_0_0_0","POL, SWE",6,,,,,,,,,,,,,,,,,,,,,,,
BALT,FPO_DEF_>0_0_0,,,"FPO_DEF_>0_0_0, FPO_FIF_>0_0_0","DEU, DNK, POL, SWE",6822,,,,,,,,,,,,,,,,,,,,,,,
BALT,FPO_FWS_>0_0_0,,,FPO_FWS_>0_0_0,"DEU, FIN, LVA, POL, SWE",141583,,,,,,,,,,,,,,,,,,,,,,,
BALT,FPO_MOL_>0_0_0,,,FPO_MOL_>0_0_0,DNK,2,,,,,,,,,,,,,,,,,,,,,,,
BALT,FPO_SPF_>0_0_0,,,FPO_SPF_>0_0_0,"DEU, DNK, LTU, POL, SWE",12761,,,,,,,,,,,,,,,,,,,,,,,
BALT,FYK_ANA_>0_0_0,,,FYK_ANA_>0_0_0,"FIN, SWE",147380,,,,,,,,,,,,,,,,,,,,,,,
BALT,FYK_CAT_>0_0_0,,,FYK_CAT_>0_0_0,"DNK, SWE",24687,,,,,,,,,,,,,,,,,,,,,,,
BALT,FYK_DEF_>0_0_0,,,,,,,,,,,,,,,,,,,,,,,,,,,,
BALT,FYK_FWS_>0_0_0,,,FYK_FWS_>0_0_0,"FIN, LVA, SWE",191293,,,,,,,,,,,,,,,,,,,,,,,
BALT,FYK_SPF_>0_0_0,,,FYK_SPF_>0_0_0,"FIN, SWE",59336,,,,,,,,,,,,,,,,,,,,,,,
BALT,GND_ANA_>=157_0_0,,,GND_ANA_>=157_0_0,"DNK, POL, SWE",35,,,,,,,,,,,,,,,,,,,,,,,
BALT,GND_ANA_>0_0_0,,,,,,,,,,,,,,,,,,,,,,,,,,,,
BALT,GNS_ANA_>=157_0_0,,,GNS_ANA_>=157_0_0,"DEU, DNK, LVA, POL, SWE",23313,,,,,,,,,,,,,,,,,,,,,,,
BALT,GNS_ANA_>0_0_0,,,,,,,,,,,,,,,,,,,,,,,,,,,,
BALT,GNS_ANA_110-156_0_0,,,GNS_ANA_110-156_0_0,"DNK, POL, SWE",3604,,,,,,,,,,,,,,,,,,,,,,,
BALT,GNS_ANA_90-109_0_0,,,GNS_ANA_90-109_0_0,DNK ,1,,,,,,,,,,,,,,,,,,,,,,,
BALT,GNS_CAT_>0_0_0,,,GNS_CAT_>0_0_0,"DEU, DNK, POL, SWE",10968,,,,,,,,,,,,,,,,,,,,,,,
BALT,GNS_CRU_>0_0_0,,,GNS_CRU_>0_0_0,DNK,5437,,,,,,,,,,,,,,,,,,,,,,,
BALT,GNS_DEF_>=157_0_0,,,"GNS_DEF_>=157_0_0, GNS_DEF_>=220_0_0","DNK, LTU, LVA, POL, SWE",55524,,,,,,,,,,,,,,,,,,,,,,,
BALT,GNS_DEF_>0_0_0,,,,,,,,,,,,,,,,,,,,,,,,,,,,
BALT,GNS_DEF_110-156_0_0,,,GNS_DEF_110-156_0_0,"DEU, DNK, EST, FIN, LTU, LVA, POL, SWE",493958,,,,,,,,,,,,,,,,,,,,,,,
BALT,GNS_DEF_32-89_0_0,,,GNS_DEF_60-79_0_0,LVA,199,,,,,,,,,,,,,,,,,,,,,,,
BALT,GNS_DEF_90-109_0_0,,,GNS_DEF_90-109_0_0,"DNK, LTU, SWE",792,,,,,,,,,,,,,,,,,,,,,,,
BALT,GNS_FWS_>0_0_0,,,GNS_FWS_>0_0_0,"DEU, DNK, FIN, LTU, LVA, POL, SWE",964965,,,,,,,,,,,,,,,,,,,,,,,
BALT,GNS_SPF_>=157_0_0,,,GNS_SPF_>=157_0_0,"DNK, POL, SWE",61,,,,,,,,,,,,,,,,,,,,,,,
BALT,GNS_SPF_>0_0_0,,,,,,,,,,,,,,,,,,,,,,,,,,,,
BALT,GNS_SPF_110-156_0_0,,,GNS_SPF_110-156_0_0,"DNK, LTU, POL",1176,,,,,,,,,,,,,,,,,,,,,,,
BALT,GNS_SPF_16-31_0_0,,,,,,,,,,,,,,,,,,,,,,,,,,,,
BALT,GNS_SPF_32-89_0_0,,,"GNS_SPF_16-109_0_0, GNS_SPF_32-109_0_0","DEU, DNK, FIN, LTU, LVA, POL, SWE",62903,,,,,,,,,,,,,,,,,,,,,,,
BALT,GNS_SPF_90-109_0_0,,,,,,,,,,,,,,,,,,,,,,,,,,,,
BALT,GTR_CAT_>0_0_0,,,GTR_CAT_>0_0_0,SWE,175,,,,,,,,,,,,,,,,,,,,,,,
BALT,GTR_DEF_>=157_0_0,,,GTR_DEF_>=157_0_0,SWE,2311,,,,,,,,,,,,,,,,,,,,,,,
BALT,GTR_DEF_>0_0_0,,,GTR_DEF_0_0_0,POL,3,,,,,,,,,,,,,,,,,,,,,,,
BALT,GTR_DEF_110-156_0_0,,,GTR_DEF_110-156_0_0,"DEU, SWE",24095,,,,,,,,,,,,,,,,,,,,,,,
BALT,GTR_DEF_90-109_0_0,,,GTR_DEF_90-109_0_0,SWE,1,,,,,,,,,,,,,,,,,,,,,,,
BALT,GTR_FWS_>0_0_0,,,GTR_FWS_>0_0_0,"DEU, POL, SWE",395,,,,,,,,,,,,,,,,,,,,,,,
BALT,GTR_SPF_>=157_0_0,,,,,,,,,,,,,,,,,,,,,,,,,,,,
BALT,GTR_SPF_>0_0_0,,,,,,,,,,,,,,,,,,,,,,,,,,,,
BALT,GTR_SPF_110-156_0_0,,,,,,,,,,,,,,,,,,,,,,,,,,,,
BALT,GTR_SPF_16-31_0_0,,,,,,,,,,,,,,,,,,,,,,,,,,,,
BALT,GTR_SPF_32-89_0_0,,,GTR_SPF_32-109_0_0,"DEU, SWE",73,,,,,,,,,,,,,,,,,,,,,,,
BALT,GTR_SPF_90-109_0_0,,,,,,,,,,,,,,,,,,,,,,,,,,,,
BALT,LHP_DEF_0_0_0,,,,,,,,,,,,,,,,,,,,,,,,,,,,
BALT,LHP_FIF_0_0_0,,,LHP_FIF_0_0_0,"DEU, DNK, SWE",1338,,,,,,,,,,,,,,,,,,,,,,,
BALT,LLD_ANA_0_0_0,,,LLD_ANA_0_0_0,"DEU, DNK, FIN, LVA, POL, SWE",7933,,,,,,,,,,,,,,,,,,,,,,,
BALT,LLD_DEF_0_0_0,,,LLD_DEF_0_0_0,POL ,3,,,,,,,,,,,,,,,,,,,,,,,
BALT,LLD_FIF_0_0_0,,,,,,,,,,,,,,,,,,,,,,,,,,,,
BALT,LLD_SPF_0_0_0,,,LLD_SPF_0_0_0,"DNK, POL",7,,,,,,,,,,,,,,,,,,,,,,,
BALT,LLS_ANA_0_0_0,,,LLS_ANA_0_0_0,"DEU, DNK, POL, SWE",408,,,,,,,,,,,,,,,,,,,,,,,
BALT,LLS_CAT_0_0_0,,,LLS_CAT_0_0_0,"DEU, DNK, POL, SWE",6541,,,,,,,,,,,,,,,,,,,,,,,
BALT,LLS_DEF_0_0_0,,,LLS_DEF_0_0_0,"DEU, DNK, FIN, LTU, LVA, POL, SWE",29397,,,,,,,,,,,,,,,,,,,,,,,
BALT,LLS_FIF_0_0_0,,,,,,,,,,,,,,,,,,,,,,,,,,,,
BALT,LLS_FWS_0_0_0,,,LLS_FWS_0_0_0,"DEU, DNK, FIN, POL",20262,,,,,,,,,,,,,,,,,,,,,,,
BALT,LLS_SPF_0_0_0,,,LLS_SPF_0_0_0,"DEU, DNK, POL ",268,,,,,,,,,,,,,,,,,,,,,,,
BALT,MIS_ANA_0_0_0,,,,,,,,,,,,,,,,,,,,,,,,,,,,
BALT,MIS_CAT_0_0_0,,,,,,,,,,,,,,,,,,,,,,,,,,,,
BALT,MIS_CRU_0_0_0,,,,,,,,,,,,,,,,,,,,,,,,,,,,
BALT,MIS_DEF_0_0_0,,,,,,,,,,,,,,,,,,,,,,,,,,,,
BALT,MIS_FWS_0_0_0,,,,,,,,,,,,,,,,,,,,,,,,,,,,
BALT,MIS_MIS_0_0_0,,,"MIS_MIS_0_0_0, NULL","DEU, DNK, FIN, POL, SWE",1324,,,,,,,,,,,,,,,,,,,,,,,
BALT,MIS_MOL_0_0_0,,,,,,,,,,,,,,,,,,,,,,,,,,,,
BALT,MIS_SPF_0_0_0,,,,,,,,,,,,,,,,,,,,,,,,,,,,
BALT,OTB_CRU_>0_0_0,,,OTB_CRU_>0_0_0,"DEU, DNK, SWE",529,,,,,,,,,,,,,,,,,,,,,,,
BALT,OTB_DEF_<16_0_0,,,OTB_DEF_<16_0_0,"DEU, DNK, POL",260,,,,,,,,,,,,,,,,,,,,,,,
BALT,OTB_DEF_>=120_3_120,,,OTB_DEF_>=120_0_0,"LTU, SWE",2652,,,,,,,,,,,,,,,,,,,,,,,
BALT,OTB_DEF_>0_0_0,,,,,,,,,,,,,,,,,,,,,,,,,,,,
BALT,OTB_DEF_105-115_1_110,,2010,OTB_DEF_>=105_1_110,"DEU, DNK, LVA, SWE",14010,,,,,,,,,,,,,,,,,,,,,,,
BALT,OTB_DEF_105-115_1_120,2011,,OTB_DEF_>=105_1_120,"DEU, DNK, FIN, LTU, LVA, POL, SWE",128171,,,,,,,,,,,,,,,,,,,,,,,
BALT,OTB_DEF_115-120_3_115,,,,,,,,,,,,,,,,,,,,,,,,,,,,
BALT,OTB_DEF_16-31_0_0,,,,,,,,,,,,,,,,,,,,,,,,,,,,
BALT,OTB_DEF_32-89_0_0,,,,,,,,,,,,,,,,,,,,,,,,,,,,
BALT,OTB_DEF_90-104_0_0,,,OTB_DEF_90-104_0_0,"DEU, DNK ",11633,,,,,,,,,,,,,,,,,,,,,,,
BALT,OTB_FWS_>0_0_0,,,OTB_FWS_>0_0_0,"DEU, DNK, POL, SWE",4596,,,,,,,,,,,,,,,,,,,,,,,
BALT,OTB_SPF_<16_0_0,,,,,,,,,,,,,,,,,,,,,,,,,,,,
BALT,OTB_SPF_>=120_3_120,,,OTB_SPF_>=120_0_0,POL,108,,,,,,,,,,,,,,,,,,,,,,,
BALT,OTB_SPF_>0_0_0,,,,,,,,,,,,,,,,,,,,,,,,,,,,
BALT,OTB_SPF_105-115_1_110,,2010,,,,,,,,,,,,,,,,,,,,,,,,,,
BALT,OTB_SPF_105-115_1_120,2011,,OTB_SPF_>=105_1_120,DNK,4,,,,,,,,,,,,,,,,,,,,,,,
BALT,OTB_SPF_115-120_3_115,,,,,,,,,,,,,,,,,,,,,,,,,,,,
BALT,OTB_SPF_16-31_0_0,,,"OTB_SPF_16-31_0_0, OTB_SPF_16-104_0_0","DEU, DNK, LTU, LVA, POL, SWE",9057,,,,,,,,,,,,,,,,,,,,,,,
BALT,OTB_SPF_32-89_0_0,,,"OTB_SPF_32-89_0_0, OTB_SPF_32-104_0_0","DEU, DNK, POL, SWE",2022,,,,,,,,,,,,,,,,,,,,,,,
BALT,OTB_SPF_90-104_0_0,,,OTB_SPF_90-104_0_0,DNK ,8,,,,,,,,,,,,,,,,,,,,,,,
BALT,OTM_DEF_<16_0_0,,,OTM_DEF_<16_0_0,"DNK, POL",1540,,,,,,,,,,,,,,,,,,,,,,,
BALT,OTM_DEF_>=120_3_120,,,OTM_DEF_>120_0_0,"LTU, SWE",14,,,,,,,,,,,,,,,,,,,,,,,
BALT,OTM_DEF_>0_0_0,,,,,,,,,,,,,,,,,,,,,,,,,,,,
BALT,OTM_DEF_105-115_1_110,,2010,OTM_DEF_>=105_1_110,"DEU, DNK, EST, SWE",720,,,,,,,,,,,,,,,,,,,,,,,
BALT,OTM_DEF_105-115_1_120,2011,,OTM_DEF_>=105_1_120,"DEU, DNK, FIN, STU, LVA, POL, SWE",1435,,,,,,,,,,,,,,,,,,,,,,,
BALT,OTM_DEF_115-120_3_115,,,,,,,,,,,,,,,,,,,,,,,,,,,,
BALT,OTM_DEF_16-31_0_0,,,,,,,,,,,,,,,,,,,,,,,,,,,,
BALT,OTM_DEF_32-89_0_0,,,,,,,,,,,,,,,,,,,,,,,,,,,,
BALT,OTM_DEF_90-104_0_0,,,OTM_DEF_90-104_0_0,DEU ,1,,,,,,,,,,,,,,,,,,,,,,,
BALT,OTM_FWS_>0_0_0,,,OTM_FWS_>0_0_0,FIN,1058,,,,,,,,,,,,,,,,,,,,,,,
BALT,OTM_SPF_<16_0_0,,,,,,,,,,,,,,,,,,,,,,,,,,,,
BALT,OTM_SPF_>=120_3_120,,,,,,,,,,,,,,,,,,,,,,,,,,,,
BALT,OTM_SPF_>0_0_0,,,,,,,,,,,,,,,,,,,,,,,,,,,,
BALT,OTM_SPF_105-115_1_110,,2010,OTM_SPF_>=105_1_110,DNK,2,,,,,,,,,,,,,,,,,,,,,,,
BALT,OTM_SPF_105-115_1_120,2011,,OTM_SPF_>=105_1_120,LTU,1,,,,,,,,,,,,,,,,,,,,,,,
BALT,OTM_SPF_115-120_3_115,,,,,,,,,,,,,,,,,,,,,,,,,,,,
BALT,OTM_SPF_16-31_0_0,,,"OTM_SPF_16-31_0_0, OTM_SPF_16-104_0_0","DEU, DNK, EST, FIN, LTU, LVA, POL, SWE",145474,,,,,,,,,,,,,,,,,,,,,,,
BALT,OTM_SPF_32-89_0_0,,,"OTM_SPF_32-89_0_0, OTM_SPF_32-69_0_0, OTM_SPF_32-104_0_0, OTM_SPF_40-59_0_0","DEU, DNK, LTU, POL, SWE",22032,,,,,,,,,,,,,,,,,,,,,,,
BALT,OTM_SPF_90-104_0_0,,,,,,,,,,,,,,,,,,,,,,,,,,,,
BALT,OTT_DEF_<16_0_0,,,,,,,,,,,,,,,,,,,,,,,,,,,,
BALT,OTT_DEF_>=120_3_120,,,OTT_DEF_>=120_0_0,SWE,187,,,,,,,,,,,,,,,,,,,,,,,
BALT,OTT_DEF_>0_0_0,,,,,,,,,,,,,,,,,,,,,,,,,,,,
BALT,OTT_DEF_105-115_1_110,,2010,OTT_DEF_>=105_1_110,SWE,1,,,,,,,,,,,,,,,,,,,,,,,
BALT,OTT_DEF_105-115_1_120,2011,,OTT_DEF_>=105_1_120,"DEU, SWE",2085,,,,,,,,,,,,,,,,,,,,,,,
BALT,OTT_DEF_115-120_3_115,,,,,,,,,,,,,,,,,,,,,,,,,,,,
BALT,OTT_DEF_16-31_0_0,,,,,,,,,,,,,,,,,,,,,,,,,,,,
BALT,OTT_DEF_32-89_0_0,,,,,,,,,,,,,,,,,,,,,,,,,,,,
BALT,OTT_DEF_90-104_0_0,,,,,,,,,,,,,,,,,,,,,,,,,,,,
BALT,PS_SPF_<16_0_0,,,,,,,,,,,,,,,,,,,,,,,,,,,,
BALT,PS_SPF_>=120_3_120,,,,,,,,,,,,,,,,,,,,,,,,,,,,
BALT,PS_SPF_>0_0_0,,,,,,,,,,,,,,,,,,,,,,,,,,,,
BALT,PS_SPF_105-115_1_110,,2010,,,,,,,,,,,,,,,,,,,,,,,,,,
BALT,PS_SPF_105-115_1_120,2011,,,,,,,,,,,,,,,,,,,,,,,,,,,
BALT,PS_SPF_115-120_3_115,,,,,,,,,,,,,,,,,,,,,,,,,,,,
BALT,PS_SPF_16-31_0_0,,,PS_SPF_16-31_0_0,"DNK, SWE",875,,,,,,,,,,,,,,,,,,,,,,,
BALT,PS_SPF_32-89_0_0,,,PS_SPF_32-104_0_0,SWE,53,,,,,,,,,,,,,,,,,,,,,,,
BALT,PS_SPF_90-104_0_0,,,,,,,,,,,,,,,,,,,,,,,,,,,,
BALT,PTB_DEF_<16_0_0,,,PTB_DEF_<16_0_0,DNK,526,,,,,,,,,,,,,,,,,,,,,,,
BALT,PTB_DEF_>=120_3_120,,,,,,,,,,,,,,,,,,,,,,,,,,,,
BALT,PTB_DEF_>0_0_0,,,,,,,,,,,,,,,,,,,,,,,,,,,,
BALT,PTB_DEF_105-115_1_110,,2010,PTB_DEF_>=105_1_110,"DEU, DNK, SWE",731,,,,,,,,,,,,,,,,,,,,,,,
BALT,PTB_DEF_105-115_1_120,2011,,PTB_DEF_>=105_1_120,"DEU, DNK, POL, SWE",5070,,,,,,,,,,,,,,,,,,,,,,,
BALT,PTB_DEF_115-120_3_115,,,,,,,,,,,,,,,,,,,,,,,,,,,,
BALT,PTB_DEF_16-31_0_0,,,,,,,,,,,,,,,,,,,,,,,,,,,,
BALT,PTB_DEF_32-89_0_0,,,,,,,,,,,,,,,,,,,,,,,,,,,,
BALT,PTB_DEF_90-104_0_0,,,PTB_DEF_90-104_0_0,"DEU, DNK ",1082,,,,,,,,,,,,,,,,,,,,,,,
BALT,PTB_FWS_>0_0_0,,,PTB_FWS_>0_0_0,"DEU, SWE",5886,,,,,,,,,,,,,,,,,,,,,,,
BALT,PTB_SPF_<16_0_0,,,,,,,,,,,,,,,,,,,,,,,,,,,,
BALT,PTB_SPF_>=120_3_120,,,,,,,,,,,,,,,,,,,,,,,,,,,,
BALT,PTB_SPF_>0_0_0,,,,,,,,,,,,,,,,,,,,,,,,,,,,
BALT,PTB_SPF_105-115_1_110,,2010,PTB_SPF_>=105_1_110,DNK,2,,,,,,,,,,,,,,,,,,,,,,,
BALT,PTB_SPF_105-115_1_120,2011,,PTB_SPF_>=105_1_120,"DNK, POL",4,,,,,,,,,,,,,,,,,,,,,,,
BALT,PTB_SPF_115-120_3_115,,,,,,,,,,,,,,,,,,,,,,,,,,,,
BALT,PTB_SPF_16-31_0_0,,,"PTB_SPF_16-31_0_0, PTB_SPF_16-104_0_0","DEU, DNK, POL, SWE",2744,,,,,,,,,,,,,,,,,,,,,,,
BALT,PTB_SPF_32-89_0_0,,,"PTB_SPF_32-89_0_0, PTB_SPF_32-104_0_0","DEU, DNK, POL, SWE",5364,,,,,,,,,,,,,,,,,,,,,,,
BALT,PTB_SPF_90-104_0_0,,,,,,,,,,,,,,,,,,,,,,,,,,,,
BALT,PTM_DEF_<16_0_0,,,PTM_DEF_<16_0_0,"DNK, POL",939,,,,,,,,,,,,,,,,,,,,,,,
BALT,PTM_DEF_>=120_3_120,,,,,,,,,,,,,,,,,,,,,,,,,,,,
BALT,PTM_DEF_>0_0_0,,,,,,,,,,,,,,,,,,,,,,,,,,,,
BALT,PTM_DEF_105-115_1_110,,2010,PTM_DEF_>=105_1_110,DNK ,1,,,,,,,,,,,,,,,,,,,,,,,
BALT,PTM_DEF_105-115_1_120,2011,,PTM_DEF_>=105_1_120,"DEU, DNK, POL",79,,,,,,,,,,,,,,,,,,,,,,,
BALT,PTM_DEF_115-120_3_115,,,,,,,,,,,,,,,,,,,,,,,,,,,,
BALT,PTM_DEF_16-31_0_0,,,,,,,,,,,,,,,,,,,,,,,,,,,,
BALT,PTM_DEF_32-89_0_0,,,,,,,,,,,,,,,,,,,,,,,,,,,,
BALT,PTM_DEF_90-104_0_0,,,PTM_DEF_90-104_0_0,"DEU, DNK ",39,,,,,,,,,,,,,,,,,,,,,,,
BALT,PTM_FWS_>0_0_0,,,PTM_FWS_>0_0_0,"DEU, DNK, FIN",589,,,,,,,,,,,,,,,,,,,,,,,
BALT,PTM_SPF_<16_0_0,,,PTM_SPF_<16_0_0,LTU,45,,,,,,,,,,,,,,,,,,,,,,,
BALT,PTM_SPF_>=120_3_120,,,,,,,,,,,,,,,,,,,,,,,,,,,,
BALT,PTM_SPF_>0_0_0,,,,,,,,,,,,,,,,,,,,,,,,,,,,
BALT,PTM_SPF_105-115_1_110,,2010,PTM_SPF_>=105_1_110,DNK,2,,,,,,,,,,,,,,,,,,,,,,,
BALT,PTM_SPF_105-115_1_120,2011,,PTM_SPF_>=105_1_120,POL,1,,,,,,,,,,,,,,,,,,,,,,,
BALT,PTM_SPF_115-120_3_115,,,,,,,,,,,,,,,,,,,,,,,,,,,,
BALT,PTM_SPF_16-31_0_0,,,"PTM_SPF_16-31_0_0, PTM_SPF_16-104_0_0","DEU, DNK, LTU, LVA, POL, SWE",7594,,,,,,,,,,,,,,,,,,,,,,,
BALT,PTM_SPF_32-89_0_0,,,"PTM_SPF_32-89_0_0, PTM_SPF_32-69_0_0, PTM_SPF_32-104_0_0","DEU, DNK, POL, SWE",11772,,,,,,,,,,,,,,,,,,,,,,,
BALT,PTM_SPF_90-104_0_0,,,PTM_SPF_90-104_0_0,DNK ,1,,,,,,,,,,,,,,,,,,,,,,,
BALT,SB_DEF_>0_0_0,,,,,,,,,,,,,,,,,,,,,,,,,,,,
BALT,SB_FIF_>0_0_0,,,SB_FIF_>0_0_0,"POL, SWE",111,,,,,,,,,,,,,,,,,,,,,,,
BALT,SDN_DEF_<16_0_0,,,,,,,,,,,,,,,,,,,,,,,,,,,,
BALT,SDN_DEF_>=120_3_120,,,,,,,,,,,,,,,,,,,,,,,,,,,,
BALT,SDN_DEF_>0_0_0,,,,,,,,,,,,,,,,,,,,,,,,,,,,
BALT,SDN_DEF_105-115_1_110,,2010,SDN_DEF_>=105_1_110,"DEU, DNK, LVA",1717,,,,,,,,,,,,,,,,,,,,,,,
BALT,SDN_DEF_105-115_1_120,2011,,SDN_DEF_>=105_1_120,"DEU, DNK, EST, POL",1187,,,,,,,,,,,,,,,,,,,,,,,
BALT,SDN_DEF_115-120_3_115,,,,,,,,,,,,,,,,,,,,,,,,,,,,
BALT,SDN_DEF_16-31_0_0,,,,,,,,,,,,,,,,,,,,,,,,,,,,
BALT,SDN_DEF_32-89_0_0,,,SDN_SPF_32-104_0_0,"DEU, POL",65,,,,,,,,,,,,,,,,,,,,,,,
BALT,SDN_DEF_90-104_0_0,,,SDN_DEF_90-104_0_0,DNK ,9,,,,,,,,,,,,,,,,,,,,,,,
BALT,SSC_DEF_<16_0_0,,,SSC_DEF_<16_0_0,DNK,1,,,,,,,,,,,,,,,,,,,,,,,
BALT,SSC_DEF_>=120_3_120,,,,,,,,,,,,,,,,,,,,,,,,,,,,
BALT,SSC_DEF_>0_0_0,,,,,,,,,,,,,,,,,,,,,,,,,,,,
BALT,SSC_DEF_105-115_1_110,,2010,SSC_DEF_>=105_1_110,"DEU, DNK",144,,,,,,,,,,,,,,,,,,,,,,,
BALT,SSC_DEF_105-115_1_120,2011,,SSC_DEF_>=105_1_120,"DEU, DNK",478,,,,,,,,,,,,,,,,,,,,,,,
BALT,SSC_DEF_115-120_3_115,,,,,,,,,,,,,,,,,,,,,,,,,,,,
BALT,SSC_DEF_16-31_0_0,,,,,,,,,,,,,,,,,,,,,,,,,,,,
BALT,SSC_DEF_32-89_0_0,,,,,,,,,,,,,,,,,,,,,,,,,,,,
BALT,SSC_DEF_90-104_0_0,,,,,,,,,,,,,,,,,,,,,,,,,,,,
BALT,SSC_FWS_>0_0_0,,,SSC_FWS_>0_0_0,"FIN, POL",473,,,,,,,,,,,,,,,,,,,,,,,
LDF,FPN_LPF_>0_0_0,,,,,,,,,,,,,,,,,,,,,,,,,,,,
LDF,FPO_CRU_>0_0_0 ,,,,,,,,,,,,,,,,,,,,,,,,,,,,
LDF,FPO_DEF_>0_0_0,,,,,,,,,,,,,,,,,,,,,,,,,,,,
LDF,FPO_FIF_>0_0_0,,,,,,,,,,,,,,,,,,,,,,,,,,,,
LDF,LH_DEF_0_0_0,,,,,,,,,,,,,,,,,,,,,,,,,,,,
LDF,LH_FIF_0_0_0,,,,,,,,,,,,,,,,,,,,,,,,,,,,
LDF,LH_LPF_0_0_0,,,,,,,,,,,,,,,,,,,,,,,,,,,,
LDF,LH_MOL_0_0_0 ,,,,,,,,,,,,,,,,,,,,,,,,,,,,
LDF,LH_SPF_0_0_0 ,,,,,,,,,,,,,,,,,,,,,,,,,,,,
LDF,LHM_DEF_0_0_0,,,,,,,,,,,,,,,,,,,,,,,,,,,,
LDF,LHM_FIF_0_0_0,,,,,,,,,,,,,,,,,,,,,,,,,,,,
LDF,LHM_LPF_0_0_0,,,,,,,,,,,,,,,,,,,,,,,,,,,,
LDF,LHM_MOL_0_0_0 ,,,,,,,,,,,,,,,,,,,,,,,,,,,,
LDF,LHM_SPF_0_0_0 ,,,,,,,,,,,,,,,,,,,,,,,,,,,,
LDF,LHP_DEF_0_0_0,,,,,,,,,,,,,,,,,,,,,,,,,,,,
LDF,LHP_FIF_0_0_0,,,,,,,,,,,,,,,,,,,,,,,,,,,,
LDF,LHP_LPF_0_0_0,,,,,,,,,,,,,,,,,,,,,,,,,,,,
LDF,LHP_MOL_0_0_0 ,,,,,,,,,,,,,,,,,,,,,,,,,,,,
LDF,LHP_SPF_0_0_0 ,,,,,,,,,,,,,,,,,,,,,,,,,,,,
LDF,LLD_DWF_0_0_0,,,,,,,,,,,,,,,,,,,,,,,,,,,,
LDF,LLD_LPF_0_0_0,,,,,,,,,,,,,,,,,,,,,,,,,,,,
LDF,LLS_DEF_0_0_0,,,,,,,,,,,,,,,,,,,,,,,,,,,,
LDF,LLS_FIF_0_0_0,,,,,,,,,,,,,,,,,,,,,,,,,,,,
LDF,LLS_MOL_0_0_0 ,,,,,,,,,,,,,,,,,,,,,,,,,,,,
LDF,LLS_SPF_0_0_0 ,,,,,,,,,,,,,,,,,,,,,,,,,,,,
LDF,LTL_LPF_0_0_0,,,,,,,,,,,,,,,,,,,,,,,,,,,,
LDF,MIS_CEP_0_0_0,,,,,,,,,,,,,,,,,,,,,,,,,,,,
LDF,MIS_CRU_0_0_0,,,,,,,,,,,,,,,,,,,,,,,,,,,,
LDF,MIS_DEF_0_0_0,,,,,,,,,,,,,,,,,,,,,,,,,,,,
LDF,MIS_DWF_0_0_0,,,,,,,,,,,,,,,,,,,,,,,,,,,,
LDF,MIS_LPF_0_0_0,,,,,,,,,,,,,,,,,,,,,,,,,,,,
LDF,MIS_MCF_0_0_0,,,,,,,,,,,,,,,,,,,,,,,,,,,,
LDF,MIS_MIS_0_0_0,,,,,,,,,,,,,,,,,,,,,,,,,,,,
LDF,MIS_MOL_0_0_0,,,,,,,,,,,,,,,,,,,,,,,,,,,,
LDF,MIS_SPF_0_0_0,,,,,,,,,,,,,,,,,,,,,,,,,,,,
LDF,OTB_CEP_>=120_0_0  ,,,,,,,,,,,,,,,,,,,,,,,,,,,,
LDF,OTB_CEP_>0_0_0,,,,,,,,,,,,,,,,,,,,,,,,,,,,
LDF,OTB_CEP_70-119_0_0,,,,,,,,,,,,,,,,,,,,,,,,,,,,
LDF,OTB_CRU_>=120_0_0,,,,,,,,,,,,,,,,,,,,,,,,,,,,
LDF,OTB_CRU_>0_0_0,,,,,,,,,,,,,,,,,,,,,,,,,,,,
LDF,OTB_CRU_32-69_0_0,,,,,,,,,,,,,,,,,,,,,,,,,,,,
LDF,OTB_CRU_70-119_0_0,,,,,,,,,,,,,,,,,,,,,,,,,,,,
LDF,OTB_DEF_>=120_0_0,,,,,,,,,,,,,,,,,,,,,,,,,,,,
LDF,OTB_DEF_>0_0_0,,,,,,,,,,,,,,,,,,,,,,,,,,,,
LDF,OTB_DEF_70-119_0_0,,,,,,,,,,,,,,,,,,,,,,,,,,,,
LDF,OTB_MCF_>=120_0_0,,,,,,,,,,,,,,,,,,,,,,,,,,,,
LDF,OTB_MCF_>0_0_0,,,,,,,,,,,,,,,,,,,,,,,,,,,,
LDF,OTB_MCF_70-119_0_0,,,,,,,,,,,,,,,,,,,,,,,,,,,,
LDF,OTM_LPF_>=120_0_0,,,,,,,,,,,,,,,,,,,,,,,,,,,,
LDF,OTM_LPF_>0_0_0,,,,,,,,,,,,,,,,,,,,,,,,,,,,
LDF,OTM_LPF_70-119_0_0,,,,,,,,,,,,,,,,,,,,,,,,,,,,
LDF,OTM_MCF_>=120_0_0,,,,,,,,,,,,,,,,,,,,,,,,,,,,
LDF,OTM_MCF_>0_0_0,,,,,,,,,,,,,,,,,,,,,,,,,,,,
LDF,OTM_MCF_70-119_0_0,,,,,,,,,,,,,,,,,,,,,,,,,,,,
LDF,OTM_SPF_>=120_0_0,,,,,,,,,,,,,,,,,,,,,,,,,,,,
LDF,OTM_SPF_>0_0_0,,,,,,,,,,,,,,,,,,,,,,,,,,,,
LDF,OTM_SPF_32-69_0_0,,,,,,,,,,,,,,,,,,,,,,,,,,,,
LDF,OTM_SPF_70-119_0_0 ,,,,,,,,,,,,,,,,,,,,,,,,,,,,
LDF,PS_LPF_>=120_0_0,,,,,,,,,,,,,,,,,,,,,,,,,,,,
LDF,PS_LPF_>0_0_0,,,,,,,,,,,,,,,,,,,,,,,,,,,,
LDF,PS_LPF_10-31_0_0,,,,,,,,,,,,,,,,,,,,,,,,,,,,
LDF,PS_LPF_32-69_0_0,,,,,,,,,,,,,,,,,,,,,,,,,,,,
LDF,PS_LPF_70-119_0_0,,,,,,,,,,,,,,,,,,,,,,,,,,,,
LDF,PS_SPF_>=120_0_0,,,,,,,,,,,,,,,,,,,,,,,,,,,,
LDF,PS_SPF_>0_0_0,,,,,,,,,,,,,,,,,,,,,,,,,,,,
LDF,PS_SPF_10-31_0_0,,,,,,,,,,,,,,,,,,,,,,,,,,,,
LDF,PS_SPF_32-69_0_0 ,,,,,,,,,,,,,,,,,,,,,,,,,,,,
LDF,PS_SPF_70-119_0_0 ,,,,,,,,,,,,,,,,,,,,,,,,,,,,
LDF,PTM_LPF_>=120_0_0,,,,,,,,,,,,,,,,,,,,,,,,,,,,
LDF,PTM_LPF_>0_0_0,,,,,,,,,,,,,,,,,,,,,,,,,,,,
LDF,PTM_LPF_32-69_0_0,,,,,,,,,,,,,,,,,,,,,,,,,,,,
LDF,PTM_LPF_70-119_0_0,,,,,,,,,,,,,,,,,,,,,,,,,,,,
MBS,DIV_CEP_0_0_0,,,,,,,,,,,,,,,,,,,,,,,,,,,,
MBS,DIV_DES_0_0_0,,,,,,,,,,,,,,,,,,,,,,,,,,,,
MBS,DIV_MOL_0_0_0,,,,,,,,,,,,,,,,,,,,,,,,,,,,
MBS,DRB_DES_>0_0_0,,,,,,,,,,,,,,,,,,,,,,,,,,,,
MBS,DRB_MOL_>0_0_0,,,,,,,,,,,,,,,,,,,,,,,,,,,,
MBS,FOO_MOL_0_0_0,,,,,,,,,,,,,,,,,,,,,,,,,,,,
MBS,FPN_LPF_>0_0_0,,,,,,,,,,,,,,,,,,,,,,,,,,,,
MBS,FPO_CEP_>0_0_0,,,,,,,,,,,,,,,,,,,,,,,,,,,,
MBS,FPO_CRU_>0_0_0,,,,,,,,,,,,,,,,,,,,,,,,,,,,
MBS,FPO_DEF_>0_0_0,,,,,,,,,,,,,,,,,,,,,,,,,,,,
MBS,FWR_DEF_0_0_0,,,,,,,,,,,,,,,,,,,,,,,,,,,,
MBS,FYK_CAT_>0_0_0,,,,,,,,,,,,,,,,,,,,,,,,,,,,
MBS,FYK_DEF_>0_0_0,,,,,,,,,,,,,,,,,,,,,,,,,,,,
MBS,FYK_SPF_>0_0_0,,,,,,,,,,,,,,,,,,,,,,,,,,,,
MBS,GND_DEF_<16_0_0,,,,,,,,,,,,,,,,,,,,,,,,,,,,
MBS,GND_DEF_>=16_0_0,,,,,,,,,,,,,,,,,,,,,,,,,,,,
MBS,GND_DEF_>0_0_0,,,,,,,,,,,,,,,,,,,,,,,,,,,,
MBS,GND_SPF_<16_0_0,,,,,,,,,,,,,,,,,,,,,,,,,,,,
MBS,GND_SPF_>=16_0_0,,,,,,,,,,,,,,,,,,,,,,,,,,,,
MBS,GND_SPF_>0_0_0,,,,,,,,,,,,,,,,,,,,,,,,,,,,
MBS,GNS_CRU_<16_0_0,,,,,,,,,,,,,,,,,,,,,,,,,,,,
MBS,GNS_CRU_>=16_0_0,,,,,,,,,,,,,,,,,,,,,,,,,,,,
MBS,GNS_CRU_>0_0_0,,,,,,,,,,,,,,,,,,,,,,,,,,,,
MBS,GNS_DEF_<16_0_0,,,,,,,,,,,,,,,,,,,,,,,,,,,,
MBS,GNS_DEF_>=16_0_0,,,,,,,,,,,,,,,,,,,,,,,,,,,,
MBS,GNS_DEF_>0_0_0,,,,,,,,,,,,,,,,,,,,,,,,,,,,
MBS,GNS_LPF_<16_0_0,,,,,,,,,,,,,,,,,,,,,,,,,,,,
MBS,GNS_LPF_>=16_0_0,,,,,,,,,,,,,,,,,,,,,,,,,,,,
MBS,GNS_LPF_>0_0_0,,,,,,,,,,,,,,,,,,,,,,,,,,,,
MBS,GNS_SPF_<16_0_0,,,,,,,,,,,,,,,,,,,,,,,,,,,,
MBS,GNS_SPF_>=16_0_0,,,,,,,,,,,,,,,,,,,,,,,,,,,,
MBS,GNS_SPF_>0_0_0,,,,,,,,,,,,,,,,,,,,,,,,,,,,
MBS,GTR_CEP_<16_0_0,,,,,,,,,,,,,,,,,,,,,,,,,,,,
MBS,GTR_CEP_>=16_0_0,,,,,,,,,,,,,,,,,,,,,,,,,,,,
MBS,GTR_CEP_>0_0_0,,,,,,,,,,,,,,,,,,,,,,,,,,,,
MBS,GTR_CRU_<16_0_0,,,,,,,,,,,,,,,,,,,,,,,,,,,,
MBS,GTR_CRU_>=16_0_0,,,,,,,,,,,,,,,,,,,,,,,,,,,,
MBS,GTR_CRU_>0_0_0,,,,,,,,,,,,,,,,,,,,,,,,,,,,
MBS,GTR_DEF_<16_0_0,,,,,,,,,,,,,,,,,,,,,,,,,,,,
MBS,GTR_DEF_>=16_0_0,,,,,,,,,,,,,,,,,,,,,,,,,,,,
MBS,GTR_DEF_>0_0_0,,,,,,,,,,,,,,,,,,,,,,,,,,,,
MBS,GTR_MOL_<16_0_0,,,,,,,,,,,,,,,,,,,,,,,,,,,,
MBS,GTR_MOL_>=16_0_0,,,,,,,,,,,,,,,,,,,,,,,,,,,,
MBS,GTR_MOL_>0_0_0,,,,,,,,,,,,,,,,,,,,,,,,,,,,
MBS,LH_CEP_0_0_0,,,,,,,,,,,,,,,,,,,,,,,,,,,,
MBS,LH_DEF_0_0_0,,,,,,,,,,,,,,,,,,,,,,,,,,,,
MBS,LH_FIF_0_0_0,,,,,,,,,,,,,,,,,,,,,,,,,,,,
MBS,LH_LPF_0_0_0,,,,,,,,,,,,,,,,,,,,,,,,,,,,
MBS,LHM_CEP_0_0_0,,,,,,,,,,,,,,,,,,,,,,,,,,,,
MBS,LHM_DEF_0_0_0,,,,,,,,,,,,,,,,,,,,,,,,,,,,
MBS,LHM_FIF_0_0_0,,,,,,,,,,,,,,,,,,,,,,,,,,,,
MBS,LHM_LPF_0_0_0,,,,,,,,,,,,,,,,,,,,,,,,,,,,
MBS,LHP_CEP_0_0_0,,,,,,,,,,,,,,,,,,,,,,,,,,,,
MBS,LHP_DEF_0_0_0,,,,,,,,,,,,,,,,,,,,,,,,,,,,
MBS,LHP_FIF_0_0_0,,,,,,,,,,,,,,,,,,,,,,,,,,,,
MBS,LHP_LPF_0_0_0,,,,,,,,,,,,,,,,,,,,,,,,,,,,
MBS,LLD_LPF_0_0_0,,,,,,,,,,,,,,,,,,,,,,,,,,,,
MBS,LLS_CAT_0_0_0,,,,,,,,,,,,,,,,,,,,,,,,,,,,
MBS,LLS_DEF_0_0_0,,,,,,,,,,,,,,,,,,,,,,,,,,,,
MBS,LLS_FIF_0_0_0,,,,,,,,,,,,,,,,,,,,,,,,,,,,
MBS,LN_DEF_0_0_0,,,,,,,,,,,,,,,,,,,,,,,,,,,,
MBS,LN_SPF_0_0_0,,,,,,,,,,,,,,,,,,,,,,,,,,,,
MBS,LTL_LPF_0_0_0,,,,,,,,,,,,,,,,,,,,,,,,,,,,
MBS,MIS_CAT_0_0_0,,,,,,,,,,,,,,,,,,,,,,,,,,,,
MBS,MIS_CEP_0_0_0,,,,,,,,,,,,,,,,,,,,,,,,,,,,
MBS,MIS_CRU_0_0_0,,,,,,,,,,,,,,,,,,,,,,,,,,,,
MBS,MIS_DEF_0_0_0,,,,,,,,,,,,,,,,,,,,,,,,,,,,
MBS,MIS_DES_0_0_0,,,,,,,,,,,,,,,,,,,,,,,,,,,,
MBS,MIS_DWS_0_0_0,,,,,,,,,,,,,,,,,,,,,,,,,,,,
MBS,MIS_LPF_0_0_0,,,,,,,,,,,,,,,,,,,,,,,,,,,,
MBS,MIS_MDD_0_0_0,,,,,,,,,,,,,,,,,,,,,,,,,,,,
MBS,MIS_MIS_0_0_0,,,,,,,,,,,,,,,,,,,,,,,,,,,,
MBS,MIS_MOL_0_0_0,,,,,,,,,,,,,,,,,,,,,,,,,,,,
MBS,MIS_MPD_0_0_0,,,,,,,,,,,,,,,,,,,,,,,,,,,,
MBS,MIS_SPF_0_0_0,,,,,,,,,,,,,,,,,,,,,,,,,,,,
MBS,OTB_CEP_<40_0_0,,,,,,,,,,,,,,,,,,,,,,,,,,,,
MBS,OTB_CEP_>=40_0_0,,,,,,,,,,,,,,,,,,,,,,,,,,,,
MBS,OTB_CEP_>0_0_0,,,,,,,,,,,,,,,,,,,,,,,,,,,,
MBS,OTB_CRU_<40_0_0,,,,,,,,,,,,,,,,,,,,,,,,,,,,
MBS,OTB_CRU_>=40_0_0,,,,,,,,,,,,,,,,,,,,,,,,,,,,
MBS,OTB_CRU_>0_0_0,,,,,,,,,,,,,,,,,,,,,,,,,,,,
MBS,OTB_DEF_<40_0_0,,,,,,,,,,,,,,,,,,,,,,,,,,,,
MBS,OTB_DEF_>=40_0_0,,,,,,,,,,,,,,,,,,,,,,,,,,,,
MBS,OTB_DEF_>0_0_0,,,,,,,,,,,,,,,,,,,,,,,,,,,,
MBS,OTB_DWS_<40_0_0,,,,,,,,,,,,,,,,,,,,,,,,,,,,
MBS,OTB_DWS_>=40_0_0,,,,,,,,,,,,,,,,,,,,,,,,,,,,
MBS,OTB_DWS_>0_0_0,,,,,,,,,,,,,,,,,,,,,,,,,,,,
MBS,OTB_MDD_<40_0_0,,,,,,,,,,,,,,,,,,,,,,,,,,,,
MBS,OTB_MDD_>=40_0_0,,,,,,,,,,,,,,,,,,,,,,,,,,,,
MBS,OTB_MDD_>0_0_0,,,,,,,,,,,,,,,,,,,,,,,,,,,,
MBS,OTM_DEF_<14_0_0,,,,,,,,,,,,,,,,,,,,,,,,,,,,
MBS,OTM_DEF_>=20_0_0,,,,,,,,,,,,,,,,,,,,,,,,,,,,
MBS,OTM_DEF_>0_0_0,,,,,,,,,,,,,,,,,,,,,,,,,,,,
MBS,OTM_DEF_14-19_0_0,,,,,,,,,,,,,,,,,,,,,,,,,,,,
MBS,OTM_MPD_<14_0_0,,,,,,,,,,,,,,,,,,,,,,,,,,,,
MBS,OTM_MPD_>=20_0_0,,,,,,,,,,,,,,,,,,,,,,,,,,,,
MBS,OTM_MPD_>0_0_0,,,,,,,,,,,,,,,,,,,,,,,,,,,,
MBS,OTM_MPD_14-19_0_0,,,,,,,,,,,,,,,,,,,,,,,,,,,,
MBS,OTM_SPF_<14_0_0,,,,,,,,,,,,,,,,,,,,,,,,,,,,
MBS,OTM_SPF_>=20_0_0,,,,,,,,,,,,,,,,,,,,,,,,,,,,
MBS,OTM_SPF_>0_0_0,,,,,,,,,,,,,,,,,,,,,,,,,,,,
MBS,OTM_SPF_14-19_0_0,,,,,,,,,,,,,,,,,,,,,,,,,,,,
MBS,OTT_DEF_<40_0_0,,,,,,,,,,,,,,,,,,,,,,,,,,,,
MBS,OTT_DEF_>=40_0_0,,,,,,,,,,,,,,,,,,,,,,,,,,,,
MBS,OTT_DEF_>0_0_0,,,,,,,,,,,,,,,,,,,,,,,,,,,,
MBS,PS_DEF_<14_0_0,,,,,,,,,,,,,,,,,,,,,,,,,,,,
MBS,PS_DEF_>=14_0_0,,,,,,,,,,,,,,,,,,,,,,,,,,,,
MBS,PS_DEF_>0_0_0,,,,,,,,,,,,,,,,,,,,,,,,,,,,
MBS,PS_LPF_<14_0_0,,,,,,,,,,,,,,,,,,,,,,,,,,,,
MBS,PS_LPF_>=14_0_0,,,,,,,,,,,,,,,,,,,,,,,,,,,,
MBS,PS_LPF_>0_0_0,,,,,,,,,,,,,,,,,,,,,,,,,,,,
MBS,PS_SPF_<14_0_0,,,,,,,,,,,,,,,,,,,,,,,,,,,,
MBS,PS_SPF_>=14_0_0,,,,,,,,,,,,,,,,,,,,,,,,,,,,
MBS,PS_SPF_>0_0_0,,,,,,,,,,,,,,,,,,,,,,,,,,,,
MBS,PTM_SPF_<14_0_0,,,,,,,,,,,,,,,,,,,,,,,,,,,,
MBS,PTM_SPF_>=20_0_0,,,,,,,,,,,,,,,,,,,,,,,,,,,,
MBS,PTM_SPF_>0_0_0,,,,,,,,,,,,,,,,,,,,,,,,,,,,
MBS,PTM_SPF_14-19_0_0,,,,,,,,,,,,,,,,,,,,,,,,,,,,
MBS,SB_DEF_>0_0_0,,,,,,,,,,,,,,,,,,,,,,,,,,,,
MBS,SB_FIF_>0_0_0,,,,,,,,,,,,,,,,,,,,,,,,,,,,
MBS,SB_SPF_>0_0_0,,,,,,,,,,,,,,,,,,,,,,,,,,,,
MBS,SV_DEF_>0_0_0,,,,,,,,,,,,,,,,,,,,,,,,,,,,
MBS,SV_FIF_>0_0_0,,,,,,,,,,,,,,,,,,,,,,,,,,,,
MBS,TBB_DEF_<40_0_0,,,,,,,,,,,,,,,,,,,,,,,,,,,,
MBS,TBB_DEF_>=40_0_0,,,,,,,,,,,,,,,,,,,,,,,,,,,,
MBS,TBB_DEF_>0_0_0,,,,,,,,,,,,,,,,,,,,,,,,,,,,
NAtl,DIV_MOL_0_0_0,,,,,,,,,,,,,,,,,,,,,,,,,,,,
NAtl,DRB_DES_>0_0_0,,,,,,,,,,,,,,,,,,,,,,,,,,,,
NAtl,DRB_MOL_>0_0_0,,,"DRB_MOL_>0_0_0, DRB_MOL_0_0_0, DRB_MOL_30_0_0","BEL, CHA, ENG, ESP, FRA, IRL, NIR, NLD, PRT, SCT, WLS",613270,,,,,,,,,,,,,,,,,,,,,,,
NAtl,DRB_SWD_>0_0_0,,,,,,,,,,,,,,,,,,,,,,,,,,,,
NAtl,FOO_CRU_0_0_0,,,,,,,,,,,,,,,,,,,,,,,,,,,,
NAtl,FOO_MOL_0_0_0,,,,,,,,,,,,,,,,,,,,,,,,,,,,
NAtl,FPO_CAT_>0_0_0,,,FPO_CAT_>0_0_0,FRA,130,,,,,,,,,,,,,,,,,,,,,,,
NAtl,FPO_CEP_>0_0_0,,,,,,,,,,,,,,,,,,,,,,,,,,,,
NAtl,FPO_CRU_>0_0_0,,,"FPO_CRU_>0_0_0, FPO_CRU_0_0_0, FPO_CRU_ALL_0_0","CHA, DEU, ENG, ESP, FRA, IRL, NIR, PRT, SCT, WLS",698757,,,,,,,,,,,,,,,,,,,,,,,
NAtl,FPO_DEF_>0_0_0,,,FPO_DEF_>0_0_0,FRA,2137,,,,,,,,,,,,,,,,,,,,,,,
NAtl,FPO_FIF_>0_0_0,,,"FPO_FIF_>0_0_0, FPO_FIF_0_0_0","ENG, ESP, FRA, NIR, SCT, WLS",20873,,,,,,,,,,,,,,,,,,,,,,,
NAtl,FPO_MOL_>0_0_0,,,"FPO_MOL_>0_0_0, FPO_MOL_0_0_0, FPO_MOL_>=29_0_0","CHA, ENG, ESP, FRA, IRL, NIR, PRT, SCT, WLS",444864,,,,,,,,,,,,,,,,,,,,,,,
NAtl,FYK_CAT_>0_0_0,,,FYK_CAT_0_0_0,FRA,680,,,,,,,,,,,,,,,,,,,,,,,
NAtl,FYK_DEF_>0_0_0,,,FYK_DEF_0_0_0,"ENG, FRA",44,,,,,,,,,,,,,,,,,,,,,,,
NAtl,GES_CAT_0_0_0,,,,,,,,,,,,,,,,,,,,,,,,,,,,
NAtl,GND_ANA_>=220_0_0,,,,,,,,,,,,,,,,,,,,,,,,,,,,
NAtl,GND_ANA_>0_0_0,,,,,,,,,,,,,,,,,,,,,,,,,,,,
NAtl,GND_ANA_100-119_0_0,,,,,,,,,,,,,,,,,,,,,,,,,,,,
NAtl,GND_ANA_10-30_0_0,,,,,,,,,,,,,,,,,,,,,,,,,,,,
NAtl,GND_ANA_120-219_0_0,,,,,,,,,,,,,,,,,,,,,,,,,,,,
NAtl,GND_ANA_31-39_0_0,,,,,,,,,,,,,,,,,,,,,,,,,,,,
NAtl,GND_ANA_40-49_0_0,,,,,,,,,,,,,,,,,,,,,,,,,,,,
NAtl,GND_ANA_50-59_0_0,,,,,,,,,,,,,,,,,,,,,,,,,,,,
NAtl,GND_ANA_60-69_0_0,,,,,,,,,,,,,,,,,,,,,,,,,,,,
NAtl,GND_ANA_70-79_0_0,,,,,,,,,,,,,,,,,,,,,,,,,,,,
NAtl,GND_ANA_80-89_0_0,,,,,,,,,,,,,,,,,,,,,,,,,,,,
NAtl,GND_ANA_90-99_0_0,,,,,,,,,,,,,,,,,,,,,,,,,,,,
NAtl,GND_CAT_>=220_0_0,,,,,,,,,,,,,,,,,,,,,,,,,,,,
NAtl,GND_CAT_>0_0_0,,,,,,,,,,,,,,,,,,,,,,,,,,,,
NAtl,GND_CAT_100-119_0_0,,,,,,,,,,,,,,,,,,,,,,,,,,,,
NAtl,GND_CAT_10-30_0_0,,,,,,,,,,,,,,,,,,,,,,,,,,,,
NAtl,GND_CAT_120-219_0_0,,,,,,,,,,,,,,,,,,,,,,,,,,,,
NAtl,GND_CAT_31-39_0_0,,,,,,,,,,,,,,,,,,,,,,,,,,,,
NAtl,GND_CAT_40-49_0_0,,,,,,,,,,,,,,,,,,,,,,,,,,,,
NAtl,GND_CAT_50-59_0_0,,,,,,,,,,,,,,,,,,,,,,,,,,,,
NAtl,GND_CAT_60-69_0_0,,,,,,,,,,,,,,,,,,,,,,,,,,,,
NAtl,GND_CAT_70-79_0_0,,,,,,,,,,,,,,,,,,,,,,,,,,,,
NAtl,GND_CAT_80-89_0_0,,,,,,,,,,,,,,,,,,,,,,,,,,,,
NAtl,GND_CAT_90-99_0_0,,,,,,,,,,,,,,,,,,,,,,,,,,,,
NAtl,GND_DEF_>=220_0_0,,,,,,,,,,,,,,,,,,,,,,,,,,,,
NAtl,GND_DEF_>0_0_0,,,GND_DEF_0_0_0,"ENG, FRA",881,,,,,,,,,,,,,,,,,,,,,,,
NAtl,GND_DEF_100-119_0_0,,,"GND_DEF_100-119_0_0, GND_DEF_>=100_0_0","ENG, FRA",2662,,,,,,,,,,,,,,,,,,,,,,,
NAtl,GND_DEF_10-30_0_0,,,"GND_DEF_10-30_0_0, GND_DEF_<40_0_0","ENG, FRA, SCT",562,,,,,,,,,,,,,,,,,,,,,,,
NAtl,GND_DEF_120-219_0_0,,,GND_DEF_120-219_0_0,"ENG, FRA",16,,,,,,,,,,,,,,,,,,,,,,,
NAtl,GND_DEF_31-39_0_0,,,GND_DEF_31-49_0_0,ENG,110,,,,,,,,,,,,,,,,,,,,,,,
NAtl,GND_DEF_40-49_0_0,,,GND_DEF_40-49_0_0,FRA,387,,,,,,,,,,,,,,,,,,,,,,,
NAtl,GND_DEF_50-59_0_0,,,"GND_DEF_50-59_0_0, GND_DEF_50-70_0_0","ENG, FRA",908,,,,,,,,,,,,,,,,,,,,,,,
NAtl,GND_DEF_60-69_0_0,,,GND_DEF_60-79_0_0,FRA,333,,,,,,,,,,,,,,,,,,,,,,,
NAtl,GND_DEF_70-79_0_0,,,GND_DEF_71-89_0_0,ENG,8,,,,,,,,,,,,,,,,,,,,,,,
NAtl,GND_DEF_80-89_0_0,,,GND_DEF_80-99_0_0,FRA,1685,,,,,,,,,,,,,,,,,,,,,,,
NAtl,GND_DEF_90-99_0_0,,,,,,,,,,,,,,,,,,,,,,,,,,,,
NAtl,GND_SPF_>=220_0_0,,,,,,,,,,,,,,,,,,,,,,,,,,,,
NAtl,GND_SPF_>0_0_0,,,GND_SPF_0_0_0,ENG,237,,,,,,,,,,,,,,,,,,,,,,,
NAtl,GND_SPF_100-119_0_0,,,"GND_SPF_100-119_0_0, GND_SPF_>=100_0_0","ENG, FRA",75,,,,,,,,,,,,,,,,,,,,,,,
NAtl,GND_SPF_10-30_0_0,,,GND_SPF_10-30_0_0,ENG,658,,,,,,,,,,,,,,,,,,,,,,,
NAtl,GND_SPF_120-219_0_0,,,GND_SPF_120-219_0_0,ENG,1,,,,,,,,,,,,,,,,,,,,,,,
NAtl,GND_SPF_31-39_0_0,,,"GND_SPF_31-49_0_0, GND_SPF_<40_0_0","ENG, ESP, FRA",12578,,,,,,,,,,,,,,,,,,,,,,,
NAtl,GND_SPF_40-49_0_0,,,GND_SPF_40-49_0_0,FRA,6,,,,,,,,,,,,,,,,,,,,,,,
NAtl,GND_SPF_50-59_0_0,,,"GND_SPF_50-59_0_0, GND_SPF_50-70_0_0","ENG, FRA",1095,,,,,,,,,,,,,,,,,,,,,,,
NAtl,GND_SPF_60-69_0_0,,,,,,,,,,,,,,,,,,,,,,,,,,,,
NAtl,GND_SPF_70-79_0_0,,,GND_SPF_71-89_0_0,ENG,6,,,,,,,,,,,,,,,,,,,,,,,
NAtl,GND_SPF_80-89_0_0,,,,,,,,,,,,,,,,,,,,,,,,,,,,
NAtl,GND_SPF_90-99_0_0,,,GND_SPF_90-99_0_0,ENG,1,,,,,,,,,,,,,,,,,,,,,,,
NAtl,GNS_CAT_>0_0_0,,,GNS_CAT_>0_0_0,FRA,136,,,,,,,,,,,,,,,,,,,,,,,
NAtl,GNS_CRU_>=220_0_0,,,GNS_CRU_>=220_0_0,"DEU, ENG, FRA, NIR, SCT, WLS",13793,,,,,,,,,,,,,,,,,,,,,,,
NAtl,GNS_CRU_>0_0_0,,,"GNS_CRU_>0_0_0, GNS_CRU_0_0_0, GNS_CRU_<10_0_0","ENG, FRA, WLS",467,,,,,,,,,,,,,,,,,,,,,,,
NAtl,GNS_CRU_100-119_0_0,,,"GNS_CRU_100-119_0_0, GNS_CRU_>=100_0_0","ENG, FRA, NIR, SCT, WLS",2531,,,,,,,,,,,,,,,,,,,,,,,
NAtl,GNS_CRU_10-30_0_0,,,GNS_CRU_10-30_0_0,ENG_FRA,6,,,,,,,,,,,,,,,,,,,,,,,
NAtl,GNS_CRU_120-219_0_0,,,GNS_CRU_120-219_0_0,"CHA, ENG, FRA, NIR, SCT, WLS",4432,,,,,,,,,,,,,,,,,,,,,,,
NAtl,GNS_CRU_31-39_0_0,,,"GNS_CRU_31-49_0_0, GNS_CRU_<40_0_0","ENG, FRA, WLS",6,,,,,,,,,,,,,,,,,,,,,,,
NAtl,GNS_CRU_40-49_0_0,,,GNS_CRU_40-49_0_0,FRA,10,,,,,,,,,,,,,,,,,,,,,,,
NAtl,GNS_CRU_50-59_0_0,,,"GNS_CRU_50-59_0_0, GNS_CRU_50-70_0_0","ENG, FRA, SCT",458,,,,,,,,,,,,,,,,,,,,,,,
NAtl,GNS_CRU_60-69_0_0,,,GNS_CRU_60-79_0_0,FRA,11,,,,,,,,,,,,,,,,,,,,,,,
NAtl,GNS_CRU_70-79_0_0,,,GNS_CRU_71-89_0_0,"ENG, WLS",34,,,,,,,,,,,,,,,,,,,,,,,
NAtl,GNS_CRU_80-89_0_0,,,GNS_CRU_80-99_0_0,FRA,73,,,,,,,,,,,,,,,,,,,,,,,
NAtl,GNS_CRU_90-99_0_0,,,GNS_CRU_90-99_0_0,"ENG, FRA, WLS",270,,,,,,,,,,,,,,,,,,,,,,,
NAtl,GNS_DEF_>=220_0_0,,,GNS_DEF_>=220_0_0,"CHA, DEU, ENG, FRA, IRL, NIR, SCT, WLS",20869,,,,,,,,,,,,,,,,,,,,,,,
NAtl,GNS_DEF_>0_0_0,,,"GNS_DEF_0_0_0, GNS_DEF_<10_0_0","ENG, FRA, NIR, SCT, WLS",6781,,,,,,,,,,,,,,,,,,,,,,,
NAtl,GNS_DEF_100-119_0_0,,,"GNS_DEF_100-119_0_0, GNS_DEF_>=100_0_0","CHA, ENG, ESP, FRA, NIR, PRT, SCT, WLS",85208,,,,,,,,,,,,,,,,,,,,,,,
NAtl,GNS_DEF_10-30_0_0,,,GNS_DEF_10-30_0_0,"ENG, FRA",147,,,,,,,,,,,,,,,,,,,,,,,
NAtl,GNS_DEF_120-219_0_0,,,"GNS_DEF_120-219_0_0, GNS_DEF_>=157_0_0","CHA, ENG, ESP, FRA, IRL, NIR, SCT, WLS",573227,,,,,,,,,,,,,,,,,,,,,,,
NAtl,GNS_DEF_31-39_0_0,,,"GNS_DEF_31-49_0_0, GNS_DEF_<40_0_0","ENG, FRA, SCT, WLS",4175,,,,,,,,,,,,,,,,,,,,,,,
NAtl,GNS_DEF_40-49_0_0,,,GNS_DEF_40-49_0_0,FRA,962,,,,,,,,,,,,,,,,,,,,,,,
NAtl,GNS_DEF_50-59_0_0,,,"GNS_DEF_50-59_0_0, GNS_DEF_50-70_0_0","DEU, ENG, ESP, FRA, NIR, PRT, SCT, WLS",52533,,,,,,,,,,,,,,,,,,,,,,,
NAtl,GNS_DEF_60-69_0_0,,,GNS_DEF_60-79_0_0,"ESP, FRA, PRT",106969,,,,,,,,,,,,,,,,,,,,,,,
NAtl,GNS_DEF_70-79_0_0,,,GNS_DEF_71-89_0_0,"ENG, SCT WLS",1166,,,,,,,,,,,,,,,,,,,,,,,
NAtl,GNS_DEF_80-89_0_0,,,GNS_DEF_80-99_0_0,"ESP, FRA, PRT",41942,,,,,,,,,,,,,,,,,,,,,,,
NAtl,GNS_DEF_90-99_0_0,,,GNS_DEF_90-99_0_0,"ENG, FRA, NIR, NLD, SCT, WLS",3938,,,,,,,,,,,,,,,,,,,,,,,
NAtl,GNS_DWS_>=220_0_0,,,GNS_DWS_>=220_0_0,"ENG, SCT",68,,,,,,,,,,,,,,,,,,,,,,,
NAtl,GNS_DWS_>0_0_0,,,GNS_DWS_<10_0_0,ENG,2,,,,,,,,,,,,,,,,,,,,,,,
NAtl,GNS_DWS_100-119_0_0,,,"GNS_DWS_100-119_0_0, GNS_DWS_>=100_0_0","ENG, SCT, WLS",210,,,,,,,,,,,,,,,,,,,,,,,
NAtl,GNS_DWS_10-30_0_0,,,GNS_DWS_10-30_0_0,ENG,1,,,,,,,,,,,,,,,,,,,,,,,
NAtl,GNS_DWS_120-219_0_0,,,GNS_DWS_120-219_0_0,ENG,424,,,,,,,,,,,,,,,,,,,,,,,
NAtl,GNS_DWS_31-39_0_0,,,GNS_DWS_31-49_0_0,ENG,3,,,,,,,,,,,,,,,,,,,,,,,
NAtl,GNS_DWS_40-49_0_0,,,,,,,,,,,,,,,,,,,,,,,,,,,,
NAtl,GNS_DWS_50-59_0_0,,,GNS_DWS_50-70_0_0,ENG,49,,,,,,,,,,,,,,,,,,,,,,,
NAtl,GNS_DWS_60-69_0_0,,,,,,,,,,,,,,,,,,,,,,,,,,,,
NAtl,GNS_DWS_70-79_0_0,,,GNS_DWS_71-89_0_0,ENG,40,,,,,,,,,,,,,,,,,,,,,,,
NAtl,GNS_DWS_80-89_0_0,,,,,,,,,,,,,,,,,,,,,,,,,,,,
NAtl,GNS_DWS_90-99_0_0,,,GNS_DWS_90-99_0_0,ENG,36,,,,,,,,,,,,,,,,,,,,,,,
NAtl,GNS_LPF_>=220_0_0,,,,,,,,,,,,,,,,,,,,,,,,,,,,
NAtl,GNS_LPF_>0_0_0,,,,,,,,,,,,,,,,,,,,,,,,,,,,
NAtl,GNS_LPF_100-119_0_0,,,,,,,,,,,,,,,,,,,,,,,,,,,,
NAtl,GNS_LPF_10-30_0_0,,,,,,,,,,,,,,,,,,,,,,,,,,,,
NAtl,GNS_LPF_120-219_0_0,,,,,,,,,,,,,,,,,,,,,,,,,,,,
NAtl,GNS_LPF_31-39_0_0,,,,,,,,,,,,,,,,,,,,,,,,,,,,
NAtl,GNS_LPF_40-49_0_0,,,,,,,,,,,,,,,,,,,,,,,,,,,,
NAtl,GNS_LPF_50-59_0_0,,,,,,,,,,,,,,,,,,,,,,,,,,,,
NAtl,GNS_LPF_60-69_0_0,,,,,,,,,,,,,,,,,,,,,,,,,,,,
NAtl,GNS_LPF_70-79_0_0,,,,,,,,,,,,,,,,,,,,,,,,,,,,
NAtl,GNS_LPF_80-89_0_0,,,,,,,,,,,,,,,,,,,,,,,,,,,,
NAtl,GNS_LPF_90-99_0_0,,,,,,,,,,,,,,,,,,,,,,,,,,,,
NAtl,GNS_SPF_>=220_0_0,,,GNS_SPF_>=220_0_0,"ENG, FRA, WLS",298,,,,,,,,,,,,,,,,,,,,,,,
NAtl,GNS_SPF_>0_0_0,,,GNS_SPF_0_0_0,"ENG, FRA",127,,,,,,,,,,,,,,,,,,,,,,,
NAtl,GNS_SPF_100-119_0_0,,,"GNS_SPF_100-119_0_0, GNS_SPF_>=100_0_0","ENG, FRA, SCT, WLS",3127,,,,,,,,,,,,,,,,,,,,,,,
NAtl,GNS_SPF_10-30_0_0,,,GNS_SPF_10-30_0_0,"ENG, FRA, SCT",2660,,,,,,,,,,,,,,,,,,,,,,,
NAtl,GNS_SPF_120-219_0_0,,,"GNS_SPF_120-219_0_0, GNS_SPF_>=157_0_0","ENG, FRA, NIR, SCT, WLS",1644,,,,,,,,,,,,,,,,,,,,,,,
NAtl,GNS_SPF_31-39_0_0,,,"GNS_SPF_31-49_0_0, GNS_SPF_<40_0_0","ENG, FRA, WLS",145,,,,,,,,,,,,,,,,,,,,,,,
NAtl,GNS_SPF_40-49_0_0,,,GNS_SPF_40-49_0_0,FRA,17,,,,,,,,,,,,,,,,,,,,,,,
NAtl,GNS_SPF_50-59_0_0,,,"GNS_SPF_50-59_0_0, GNS_SPF_50-70_0_0","ENG, FRA, NIR, WLS",887,,,,,,,,,,,,,,,,,,,,,,,
NAtl,GNS_SPF_60-69_0_0,,,GNS_SPF_60-79_0_0,FRA,319,,,,,,,,,,,,,,,,,,,,,,,
NAtl,GNS_SPF_70-79_0_0,,,GNS_SPF_71-89_0_0,"ENG, WLS",23,,,,,,,,,,,,,,,,,,,,,,,
NAtl,GNS_SPF_80-89_0_0,,,GNS_SPF_80-99_0_0,FRA,36,,,,,,,,,,,,,,,,,,,,,,,
NAtl,GNS_SPF_90-99_0_0,,,GNS_SPF_90-99_0_0,"ENG, WLS",188,,,,,,,,,,,,,,,,,,,,,,,
NAtl,GTR_CEP_>=220_0_0,,,,,,,,,,,,,,,,,,,,,,,,,,,,
NAtl,GTR_CEP_>0_0_0,,,,,,,,,,,,,,,,,,,,,,,,,,,,
NAtl,GTR_CEP_100-119_0_0,,,,,,,,,,,,,,,,,,,,,,,,,,,,
NAtl,GTR_CEP_10-30_0_0,,,,,,,,,,,,,,,,,,,,,,,,,,,,
NAtl,GTR_CEP_120-219_0_0,,,,,,,,,,,,,,,,,,,,,,,,,,,,
NAtl,GTR_CEP_31-39_0_0,,,,,,,,,,,,,,,,,,,,,,,,,,,,
NAtl,GTR_CEP_40-49_0_0,,,,,,,,,,,,,,,,,,,,,,,,,,,,
NAtl,GTR_CEP_50-59_0_0,,,,,,,,,,,,,,,,,,,,,,,,,,,,
NAtl,GTR_CEP_60-69_0_0,,,,,,,,,,,,,,,,,,,,,,,,,,,,
NAtl,GTR_CEP_70-79_0_0,,,,,,,,,,,,,,,,,,,,,,,,,,,,
NAtl,GTR_CEP_80-89_0_0,,,,,,,,,,,,,,,,,,,,,,,,,,,,
NAtl,GTR_CEP_90-99_0_0,,,,,,,,,,,,,,,,,,,,,,,,,,,,
NAtl,GTR_CRU_>=220_0_0,,,,,,,,,,,,,,,,,,,,,,,,,,,,
NAtl,GTR_CRU_>0_0_0,,,,,,,,,,,,,,,,,,,,,,,,,,,,
NAtl,GTR_CRU_100-119_0_0,,,,,,,,,,,,,,,,,,,,,,,,,,,,
NAtl,GTR_CRU_10-30_0_0,,,,,,,,,,,,,,,,,,,,,,,,,,,,
NAtl,GTR_CRU_120-219_0_0,,,,,,,,,,,,,,,,,,,,,,,,,,,,
NAtl,GTR_CRU_31-39_0_0,,,,,,,,,,,,,,,,,,,,,,,,,,,,
NAtl,GTR_CRU_40-49_0_0,,,,,,,,,,,,,,,,,,,,,,,,,,,,
NAtl,GTR_CRU_50-59_0_0,,,,,,,,,,,,,,,,,,,,,,,,,,,,
NAtl,GTR_CRU_60-69_0_0,,,,,,,,,,,,,,,,,,,,,,,,,,,,
NAtl,GTR_CRU_70-79_0_0,,,,,,,,,,,,,,,,,,,,,,,,,,,,
NAtl,GTR_CRU_80-89_0_0,,,,,,,,,,,,,,,,,,,,,,,,,,,,
NAtl,GTR_CRU_90-99_0_0,,,,,,,,,,,,,,,,,,,,,,,,,,,,
NAtl,GTR_DEF_>=220_0_0,,,GTR_DEF_>=220_0_0,"ENG, FRA, WLS",21513,,,,,,,,,,,,,,,,,,,,,,,
NAtl,GTR_DEF_>0_0_0,,,"GTR_DEF_0_0_0, GTR_DEF_<10_0_0","ENG, FRA, SCT",3374,,,,,,,,,,,,,,,,,,,,,,,
NAtl,GTR_DEF_100-119_0_0,,,"GTR_DEF_100-119_0_0, GTR_DEF_>=100_0_0","ENG, FRA, PRT, WLS",211541,,,,,,,,,,,,,,,,,,,,,,,
NAtl,GTR_DEF_10-30_0_0,,,GTR_DEF_10-30_0_0,"ENG, SCT",19,,,,,,,,,,,,,,,,,,,,,,,
NAtl,GTR_DEF_120-219_0_0,,,"GTR_DEF_120-219_0_0, GTR_DEF_>=157_0_0","ENG, FRA, NIR, SCT",5884,,,,,,,,,,,,,,,,,,,,,,,
NAtl,GTR_DEF_31-39_0_0,,,"GTR_DEF_31-49_0_0, GTR_DEF_<40_0_0","FRA, SCT, WLS",976,,,,,,,,,,,,,,,,,,,,,,,
NAtl,GTR_DEF_40-49_0_0,,,GTR_DEF_40-49_0_0,FRA,196,,,,,,,,,,,,,,,,,,,,,,,
NAtl,GTR_DEF_50-59_0_0,,,"GTR_DEF_50-59_0_0, GTR_DEF_50-70_0_0","ENG, ESP, FRA",72911,,,,,,,,,,,,,,,,,,,,,,,
NAtl,GTR_DEF_60-69_0_0,,,GTR_DEF_60-79_0_0,"ESP, FRA",185786,,,,,,,,,,,,,,,,,,,,,,,
NAtl,GTR_DEF_70-79_0_0,,,"GTR_DEF_71-89_0_0, GTR_DEF_>=70_0_0","PRT, WLS",17,,,,,,,,,,,,,,,,,,,,,,,
NAtl,GTR_DEF_80-89_0_0,,,"GTR_DEF_80-99_0_0, GTR_DEF_>=80_0_0","FRA, PRT",1353,,,,,,,,,,,,,,,,,,,,,,,
NAtl,GTR_DEF_90-99_0_0,,,GTR_DEF_90-99_0_0,"ENG, FRA, WLS",1093,,,,,,,,,,,,,,,,,,,,,,,
NAtl,HMD_MOL_>0_0_0,,,"HMD_MOL_>0_0_0, HMD_MOL_0_0_0","ENG, ESP, NIR, SCT, WLS",34844,,,,,,,,,,,,,,,,,,,,,,,
NAtl,HMS_SWD_0_0_0,,,,,,,,,,,,,,,,,,,,,,,,,,,,
NAtl,LH_CEP_0_0_0,,,,,,,,,,,,,,,,,,,,,,,,,,,,
NAtl,LH_DEF_0_0_0,,,,,,,,,,,,,,,,,,,,,,,,,,,,
NAtl,LH_DWS_0_0_0,,,,,,,,,,,,,,,,,,,,,,,,,,,,
NAtl,LH_FIF_0_0_0,,,,,,,,,,,,,,,,,,,,,,,,,,,,
NAtl,LH_LPF_0_0_0,,,,,,,,,,,,,,,,,,,,,,,,,,,,
NAtl,LH_SPF_0_0_0,,,,,,,,,,,,,,,,,,,,,,,,,,,,
NAtl,LHM_CEP_0_0_0,,,LHM_CEP_0_0_0,"ESP, PRT",4985,,,,,,,,,,,,,,,,,,,,,,,
NAtl,LHM_DEF_0_0_0,,,LHM_DEF_0_0_0,ESP,2113,,,,,,,,,,,,,,,,,,,,,,,
NAtl,LHM_DWS_0_0_0,,,LHM_DWS_0_0_0,ESP,6927,,,,,,,,,,,,,,,,,,,,,,,
NAtl,LHM_FIF_0_0_0,,,LHM_FIF_0_0_0,"FRA, NLD, PRT",462,,,,,,,,,,,,,,,,,,,,,,,
NAtl,LHM_LPF_0_0_0,,,,,,,,,,,,,,,,,,,,,,,,,,,,
NAtl,LHM_SPF_0_0_0,,,LHM_SPF_0_0_0,ESP,24109,,,,,,,,,,,,,,,,,,,,,,,
NAtl,LHP_CEP_0_0_0,,,LHP_CEP_0_0_0,"ENG, FRA, NIR, SCT",4070,,,,,,,,,,,,,,,,,,,,,,,
NAtl,LHP_DEF_0_0_0,,,,,,,,,,,,,,,,,,,,,,,,,,,,
NAtl,LHP_DWS_0_0_0,,,,,,,,,,,,,,,,,,,,,,,,,,,,
NAtl,LHP_FIF_0_0_0,,,LHP_FIF_0_0_0,"ENG, FRA, IRL, NIR, NLD, SCT, WLS",113747,,,,,,,,,,,,,,,,,,,,,,,
NAtl,LHP_LPF_0_0_0,,,,,,,,,,,,,,,,,,,,,,,,,,,,
NAtl,LHP_SPF_0_0_0,,,,,,,,,,,,,,,,,,,,,,,,,,,,
NAtl,LLD_DEF_0_0_0,,,LLD_DEF_0_0_0,"ENG, FRA, NIR, SCT, WLS",7680,,,,,,,,,,,,,,,,,,,,,,,
NAtl,LLD_DWS_0_0_0,,,LLD_DWS_0_0_0,"ENG, SCT",51,,,,,,,,,,,,,,,,,,,,,,,
NAtl,LLD_FIF_0_0_0,,,,,,,,,,,,,,,,,,,,,,,,,,,,
NAtl,LLD_LPF_0_0_0,,,LLD_LPF_0_0_0,"ENG, FRA, PRT",13669,,,,,,,,,,,,,,,,,,,,,,,
NAtl,LLD_SPF_0_0_0,,,LLD_SPF_0_0_0,FRA,39,,,,,,,,,,,,,,,,,,,,,,,
NAtl,LLS_DEF_0_0_0,,,LLS_DEF_0_0_0,"ENG, ESP, FRA, IRL, NIR, PRT, SCT, WLS",298504,,,,,,,,,,,,,,,,,,,,,,,
NAtl,LLS_DWS_0_0_0,,,LLS_DWS_0_0_0,"ENG, ESP, FRA, PRT, SCT",8320,,,,,,,,,,,,,,,,,,,,,,,
NAtl,LLS_FIF_0_0_0,,,LLS_FIF_0_0_0,FRA,2,,,,,,,,,,,,,,,,,,,,,,,
NAtl,LN_DEF_0_0_0,,,,,,,,,,,,,,,,,,,,,,,,,,,,
NAtl,LTL_DEF_0_0_0,,,,,,,,,,,,,,,,,,,,,,,,,,,,
NAtl,LTL_LPF_0_0_0,,,,,,,,,,,,,,,,,,,,,,,,,,,,
NAtl,LTL_SPF_0_0_0,,,LTL_LPF_0_0_0,"FRA, SCT, WLS",323,,,,,,,,,,,,,,,,,,,,,,,
NAtl,MIS_ANA_0_0_0,,,"MIS_MIS_0_0_0, MIS_FIF_0_0_0, No_logbook6, No_Matrix6","DNK, ENG, FRA, IRL, NIR, NLD, PRT, SCT, WLS",4305078,,,,,,,,,,,,,,,,,,,,,,,
NAtl,MIS_CAT_0_0_0,,,,,,,,,,,,,,,,,,,,,,,,,,,,
NAtl,MIS_CEP_0_0_0,,,,,,,,,,,,,,,,,,,,,,,,,,,,
NAtl,MIS_CRU_0_0_0,,,MIS_CRU_0_0_0,,,,,,,,,,,,,,,,,,,,,,,,,
NAtl,MIS_DEF_0_0_0,,,MIS_DEF_0_0_0,,,,,,,,,,,,,,,,,,,,,,,,,
NAtl,MIS_DES_0_0_0,,,,,,,,,,,,,,,,,,,,,,,,,,,,
NAtl,MIS_DWS_0_0_0,,,,,,,,,,,,,,,,,,,,,,,,,,,,
NAtl,MIS_LPF_0_0_0,,,,,,,,,,,,,,,,,,,,,,,,,,,,
NAtl,MIS_MCD_0_0_0,,,,,,,,,,,,,,,,,,,,,,,,,,,,
NAtl,MIS_MCF_0_0_0,,,,,,,,,,,,,,,,,,,,,,,,,,,,
NAtl,MIS_MDD_0_0_0,,,,,,,,,,,,,,,,,,,,,,,,,,,,
NAtl,MIS_MIS_0_0_0,,,,,,,,,,,,,,,,,,,,,,,,,,,,
NAtl,MIS_MOL_0_0_0,,,MIS_MOL_0_0_0,,,,,,,,,,,,,,,,,,,,,,,,,
NAtl,MIS_MPD_0_0_0,,,,,,,,,,,,,,,,,,,,,,,,,,,,
NAtl,MIS_SPF_0_0_0,,,,,,,,,,,,,,,,,,,,,,,,,,,,
NAtl,MIS_SWD_0_0_0,,,,,,,,,,,,,,,,,,,,,,,,,,,,
NAtl,OTB_CEP_<16_0_0,,,,,,,,,,,,,,,,,,,,,,,,,,,,
NAtl,OTB_CEP_>=120_0_0,,,,,,,,,,,,,,,,,,,,,,,,,,,,
NAtl,OTB_CEP_>0_0_0,,,,,,,,,,,,,,,,,,,,,,,,,,,,
NAtl,OTB_CEP_100-119_0_0,,,,,,,,,,,,,,,,,,,,,,,,,,,,
NAtl,OTB_CEP_16-31_0_0,,,,,,,,,,,,,,,,,,,,,,,,,,,,
NAtl,OTB_CEP_32-39_0_0,,,,,,,,,,,,,,,,,,,,,,,,,,,,
NAtl,OTB_CEP_40-54_0_0,,,,,,,,,,,,,,,,,,,,,,,,,,,,
NAtl,OTB_CEP_55-64_0_0,,,,,,,,,,,,,,,,,,,,,,,,,,,,
NAtl,OTB_CEP_65-69_0_0,,,,,,,,,,,,,,,,,,,,,,,,,,,,
NAtl,OTB_CEP_70-99_0_0,,,,,,,,,,,,,,,,,,,,,,,,,,,,
NAtl,OTB_CRU_<16_0_0,,,OTB_CRU_<16_0_0,"ENG, NIR, SCT",162,,,,,,,,,,,,,,,,,,,,,,,
NAtl,OTB_CRU_>=120_0_0,,,OTB_CRU_>=120_0_0,"ENG, FRA, NIR, SCT",263,,,,,,,,,,,,,,,,,,,,,,,
NAtl,OTB_CRU_>0_0_0,,,OTB_CRU_0_0_0,FRA,1720,,,,,,,,,,,,,,,,,,,,,,,
NAtl,OTB_CRU_100-119_0_0,,,OTB_CRU_100-119_0_0,"ENG, FRA, IRL, NIR, SCT, WLS",771720,,,,,,,,,,,,,,,,,,,,,,,
NAtl,OTB_CRU_16-31_0_0,,,OTB_CRU_16-31_0_0,"ENG, FRA, NIR, SCT",3966,,,,,,,,,,,,,,,,,,,,,,,
NAtl,OTB_CRU_32-39_0_0,,,"OTB_CRU_32-54_0_0, OTB_CRU_32-69_0_0, OTB_CRU_32-69_2_22","ENG, EST, FRA, NIR, SCT",356,,,,,,,,,,,,,,,,,,,,,,,
NAtl,OTB_CRU_40-54_0_0,,,OTB_CRU_40-59_0_0,"DEU, DNK, ESP",111,,,,,,,,,,,,,,,,,,,,,,,
NAtl,OTB_CRU_55-64_0_0,,,"OTB_CRU_55-59_0_0, OTB_CRU_>=55_0_0","PRT, WLS",30814,,,,,,,,,,,,,,,,,,,,,,,
NAtl,OTB_CRU_65-69_0_0,,,,,,,,,,,,,,,,,,,,,,,,,,,,
NAtl,OTB_CRU_70-99_0_0,,,"OTB_CRU_70-99_0_0, OTB_CRU_70-89_0_0, OTB_CRU_>=70_0_0","ENG, FRA, IRL, NIR, PRT, SCT, WLS",2241418,,,,,,,,,,,,,,,,,,,,,,,
NAtl,OTB_DEF_<16_0_0,,,OTB_DEF_<16_0_0,"ENG, FRA, SCT, WLS",127,,,,,,,,,,,,,,,,,,,,,,,
NAtl,OTB_DEF_>=120_0_0,,,"OTB_DEF_>=120_0_0, OTB_DEF_>=220_0_0, OTB_DEF_130-219_0_0, OTB_DEF_130-279_0_0","DEU, ENG, EST, FRA, IRL, NLD, SCT, WLS",6756,,,,,,,,,,,,,,,,,,,,,,,
NAtl,OTB_DEF_>0_0_0,,,OTB_DEF_0_0_0,FRA,1299,,,,,,,,,,,,,,,,,,,,,,,
NAtl,OTB_DEF_100-119_0_0,,,"OTB_DEF_100-119_0_0, OTB_DEF_>=110_0_0","BEL, ENG, ESP, FRA, IRL, NIR, SCT, WLS ",4726972,,,,,,,,,,,,,,,,,,,,,,,
NAtl,OTB_DEF_16-31_0_0,,,OTB_DEF_16-31_0_0,"ENG, FRA",1596,,,,,,,,,,,,,,,,,,,,,,,
NAtl,OTB_DEF_32-39_0_0,,,"OTB_DEF_32-54_0_0, OTB_DEF_32-69_0_0","ENG, FRA, SCT",5066,,,,,,,,,,,,,,,,,,,,,,,
NAtl,OTB_DEF_40-54_0_0,,,,,,,,,,,,,,,,,,,,,,,,,,,,
NAtl,OTB_DEF_55-64_0_0,,,"OTB_DEF_55-69_0_0, OTB_DEF_>=55_0_0","ESP, FRA, PRT",110078,,,,,,,,,,,,,,,,,,,,,,,
NAtl,OTB_DEF_65-69_0_0,,,OTB_DEF_65-69_0_0,PRT,12344,,,,,,,,,,,,,,,,,,,,,,,
NAtl,OTB_DEF_70-99_0_0,,,"OTB_DEF_70-99_0_0, OTB_DEF_70-89_0_0, OTB_DEF_>=70_0_0","CHA, ENG, ESP, FRA, IRL, NIR, NLD, SCT, WLS",1412315,,,,,,,,,,,,,,,,,,,,,,,
NAtl,OTB_DWS_<16_0_0,,,OTB_DWS_<16_0_0,ENG,1,,,,,,,,,,,,,,,,,,,,,,,
NAtl,OTB_DWS_>=120_0_0,,,OTB_DWS_>=120_0_0,"FRA, LTU, SCT",2606,,,,,,,,,,,,,,,,,,,,,,,
NAtl,OTB_DWS_>0_0_0,,,,,,,,,,,,,,,,,,,,,,,,,,,,
NAtl,OTB_DWS_100-119_0_0,,,"OTB_DWS_100-119_0_0, OTB_DWS_100-129_0_0","ENG, ESP, FRA, IRL, SCT",2842,,,,,,,,,,,,,,,,,,,,,,,
NAtl,OTB_DWS_16-31_0_0,,,,,,,,,,,,,,,,,,,,,,,,,,,,
NAtl,OTB_DWS_32-39_0_0,,,,,,,,,,,,,,,,,,,,,,,,,,,,
NAtl,OTB_DWS_40-54_0_0,,,,,,,,,,,,,,,,,,,,,,,,,,,,
NAtl,OTB_DWS_55-64_0_0,,,,,,,,,,,,,,,,,,,,,,,,,,,,
NAtl,OTB_DWS_65-69_0_0,,,,,,,,,,,,,,,,,,,,,,,,,,,,
NAtl,OTB_DWS_70-99_0_0,,,"OTB_DWS_70-99_0_0, OTB_DWS_>=70_0_0","ENG, FRA",85,,,,,,,,,,,,,,,,,,,,,,,
NAtl,OTB_MCD_<16_0_0,,,,,,,,,,,,,,,,,,,,,,,,,,,,
NAtl,OTB_MCD_>=120_0_0,,,,,,,,,,,,,,,,,,,,,,,,,,,,
NAtl,OTB_MCD_>0_0_0,,,,,,,,,,,,,,,,,,,,,,,,,,,,
NAtl,OTB_MCD_100-119_0_0,,,,,,,,,,,,,,,,,,,,,,,,,,,,
NAtl,OTB_MCD_16-31_0_0,,,,,,,,,,,,,,,,,,,,,,,,,,,,
NAtl,OTB_MCD_32-39_0_0,,,,,,,,,,,,,,,,,,,,,,,,,,,,
NAtl,OTB_MCD_40-54_0_0,,,,,,,,,,,,,,,,,,,,,,,,,,,,
NAtl,OTB_MCD_55-64_0_0,,,OTB_MCD_>=55_0_0,ESP,90958,,,,,,,,,,,,,,,,,,,,,,,
NAtl,OTB_MCD_65-69_0_0,,,,,,,,,,,,,,,,,,,,,,,,,,,,
NAtl,OTB_MCD_70-99_0_0,,,"OTB_MCD_70-99_0_0, OTB_MCD_>=70_0_0","BEL, NLD",1499,,,,,,,,,,,,,,,,,,,,,,,
NAtl,OTB_MCF_<16_0_0,,,,,,,,,,,,,,,,,,,,,,,,,,,,
NAtl,OTB_MCF_>=120_0_0,,,OTB_MCF_>=120_0_0,IRL,3996,,,,,,,,,,,,,,,,,,,,,,,
NAtl,OTB_MCF_>0_0_0,,,,,,,,,,,,,,,,,,,,,,,,,,,,
NAtl,OTB_MCF_100-119_0_0,,,,,,,,,,,,,,,,,,,,,,,,,,,,
NAtl,OTB_MCF_16-31_0_0,,,,,,,,,,,,,,,,,,,,,,,,,,,,
NAtl,OTB_MCF_32-39_0_0,,,,,,,,,,,,,,,,,,,,,,,,,,,,
NAtl,OTB_MCF_40-54_0_0,,,,,,,,,,,,,,,,,,,,,,,,,,,,
NAtl,OTB_MCF_55-64_0_0,,,,,,,,,,,,,,,,,,,,,,,,,,,,
NAtl,OTB_MCF_65-69_0_0,,,,,,,,,,,,,,,,,,,,,,,,,,,,
NAtl,OTB_MCF_70-99_0_0,,,OTB_MCF_>=70_0_0,ESP,194,,,,,,,,,,,,,,,,,,,,,,,
NAtl,OTB_MDD_<16_0_0,,,,,,,,,,,,,,,,,,,,,,,,,,,,
NAtl,OTB_MDD_>=120_0_0,,,"OTB_MDD_>=200_0_0, OTB_MDD_>=220_0_0, OTB_MDD_130-219_0_0, OTB_MDD_130_0_0","ESP, LTU, PRT",673,,,,,,,,,,,,,,,,,,,,,,,
NAtl,OTB_MDD_>0_0_0,,,,,,,,,,,,,,,,,,,,,,,,,,,,
NAtl,OTB_MDD_100-119_0_0,,,,,,,,,,,,,,,,,,,,,,,,,,,,
NAtl,OTB_MDD_16-31_0_0,,,,,,,,,,,,,,,,,,,,,,,,,,,,
NAtl,OTB_MDD_32-39_0_0,,,,,,,,,,,,,,,,,,,,,,,,,,,,
NAtl,OTB_MDD_40-54_0_0,,,,,,,,,,,,,,,,,,,,,,,,,,,,
NAtl,OTB_MDD_55-64_0_0,,,,,,,,,,,,,,,,,,,,,,,,,,,,
NAtl,OTB_MDD_65-69_0_0,,,,,,,,,,,,,,,,,,,,,,,,,,,,
NAtl,OTB_MDD_70-99_0_0,,,,,,,,,,,,,,,,,,,,,,,,,,,,
NAtl,OTB_MOL_<16_0_0,,,OTB_MOL_<16_0_0,"ENG, SCT, WLS",23,,,,,,,,,,,,,,,,,,,,,,,
NAtl,OTB_MOL_>=120_0_0,,,OTB_MOL_>=120_0_0,"ENG, SCT",217,,,,,,,,,,,,,,,,,,,,,,,
NAtl,OTB_MOL_>0_0_0,,,OTB_MOL_0_0_0,FRA,36,,,,,,,,,,,,,,,,,,,,,,,
NAtl,OTB_MOL_100-119_0_0,,,OTB_MOL_100-119_0_0,"ENG, FRA, NIR, SCT, WLS",2805,,,,,,,,,,,,,,,,,,,,,,,
NAtl,OTB_MOL_16-31_0_0,,,OTB_MOL_16-31_0_0,"ENG, FRA",27,,,,,,,,,,,,,,,,,,,,,,,
NAtl,OTB_MOL_32-39_0_0,,,"OTB_MOL_32-54_0_0, OTB_MOL_32-69_0_0","ENG, FRA, NIR, SCT, WLS",503,,,,,,,,,,,,,,,,,,,,,,,
NAtl,OTB_MOL_40-54_0_0,,,,,,,,,,,,,,,,,,,,,,,,,,,,
NAtl,OTB_MOL_55-64_0_0,,,,,,,,,,,,,,,,,,,,,,,,,,,,
NAtl,OTB_MOL_65-69_0_0,,,,,,,,,,,,,,,,,,,,,,,,,,,,
NAtl,OTB_MOL_70-99_0_0,,,"OTB_MOL_70-99_0_0, OTB_MOL_70-89_0_0, OTB_MOL_>=70_0_0","CHA, ENG, FRA, NIR, SCT, WLS",54072,,,,,,,,,,,,,,,,,,,,,,,
NAtl,OTB_MPD_<16_0_0,,,,,,,,,,,,,,,,,,,,,,,,,,,,
NAtl,OTB_MPD_>=120_0_0,,,,,,,,,,,,,,,,,,,,,,,,,,,,
NAtl,OTB_MPD_>0_0_0,,,,,,,,,,,,,,,,,,,,,,,,,,,,
NAtl,OTB_MPD_100-119_0_0,,,,,,,,,,,,,,,,,,,,,,,,,,,,
NAtl,OTB_MPD_16-31_0_0,,,,,,,,,,,,,,,,,,,,,,,,,,,,
NAtl,OTB_MPD_32-39_0_0,,,,,,,,,,,,,,,,,,,,,,,,,,,,
NAtl,OTB_MPD_40-54_0_0,,,,,,,,,,,,,,,,,,,,,,,,,,,,
NAtl,OTB_MPD_55-64_0_0,,,OTB_MPD_>=55_0_0,ESP,11800,,,,,,,,,,,,,,,,,,,,,,,
NAtl,OTB_MPD_65-69_0_0,,,,,,,,,,,,,,,,,,,,,,,,,,,,
NAtl,OTB_MPD_70-99_0_0,,,OTB_MPD_>=70_0_0,ESP,26,,,,,,,,,,,,,,,,,,,,,,,
NAtl,OTB_SPF_<16_0_0,,,OTB_SPF_<16_0_0,"ENG, FRA, SCT",6,,,,,,,,,,,,,,,,,,,,,,,
NAtl,OTB_SPF_>=120_0_0,,,OTB_SPF_>=120_0_0,WLS,8,,,,,,,,,,,,,,,,,,,,,,,
NAtl,OTB_SPF_>0_0_0,,,OTB_SPF_0_0_0,"FRA, IRL",26,,,,,,,,,,,,,,,,,,,,,,,
NAtl,OTB_SPF_100-119_0_0,,,OTB_SPF_100-119_0_0,"ENG, FRA, SCT, WLS",55,,,,,,,,,,,,,,,,,,,,,,,
NAtl,OTB_SPF_16-31_0_0,,,OTB_SPF_16-31_0_0,"ENG, FRA, IRL",483,,,,,,,,,,,,,,,,,,,,,,,
NAtl,OTB_SPF_32-39_0_0,,,"OTB_SPF_32-54_0_0, OTB_SPF_32-69_0_0","DNK, ENG, FRA, IRL, SCT",383,,,,,,,,,,,,,,,,,,,,,,,
NAtl,OTB_SPF_40-54_0_0,,,,,,,,,,,,,,,,,,,,,,,,,,,,
NAtl,OTB_SPF_55-64_0_0,,,OTB_SPF_>=55_0_0,ESP,3,,,,,,,,,,,,,,,,,,,,,,,
NAtl,OTB_SPF_65-69_0_0,,,,,,,,,,,,,,,,,,,,,,,,,,,,
NAtl,OTB_SPF_70-99_0_0,,,"OTB_SPF_70-99_0_0, OTB_SPF_70-89_0_0, OTB_SPF_>=70_0_0","CHA, ENG, ESP, FRA, NIR, SCT, WLS",3831,,,,,,,,,,,,,,,,,,,,,,,
NAtl,OTM_CEP_<16_0_0,,,,,,,,,,,,,,,,,,,,,,,,,,,,
NAtl,OTM_CEP_>=120_0_0,,,,,,,,,,,,,,,,,,,,,,,,,,,,
NAtl,OTM_CEP_>0_0_0,,,,,,,,,,,,,,,,,,,,,,,,,,,,
NAtl,OTM_CEP_100-119_0_0,,,,,,,,,,,,,,,,,,,,,,,,,,,,
NAtl,OTM_CEP_16-31_0_0,,,,,,,,,,,,,,,,,,,,,,,,,,,,
NAtl,OTM_CEP_32-39_0_0,,,,,,,,,,,,,,,,,,,,,,,,,,,,
NAtl,OTM_CEP_40-54_0_0,,,,,,,,,,,,,,,,,,,,,,,,,,,,
NAtl,OTM_CEP_55-64_0_0,,,,,,,,,,,,,,,,,,,,,,,,,,,,
NAtl,OTM_CEP_65-69_0_0,,,,,,,,,,,,,,,,,,,,,,,,,,,,
NAtl,OTM_CEP_70-99_0_0,,,,,,,,,,,,,,,,,,,,,,,,,,,,
NAtl,OTM_DEF_<16_0_0,,,OTM_DEF_<16_0_0,"ENG, NIR",3,,,,,,,,,,,,,,,,,,,,,,,
NAtl,OTM_DEF_>=120_0_0,,,"OTM_DEF_>=120_0_0, OTM_DEF_130-219_0_0","DEU, ESP, NIR, SCT",58,,,,,,,,,,,,,,,,,,,,,,,
NAtl,OTM_DEF_>0_0_0,,,OTM_DEF_0_0_0,"DEU, FRA",91,,,,,,,,,,,,,,,,,,,,,,,
NAtl,OTM_DEF_100-119_0_0,,,"OTM_DEF_100-119_0_0, OTM_DEF_100-129_0_0","DEU, ENG, FRA, LTU, NIR, SCT",689,,,,,,,,,,,,,,,,,,,,,,,
NAtl,OTM_DEF_16-31_0_0,,,OTM_DEF_16-31_0_0,"ENG, FRA, SCT",8,,,,,,,,,,,,,,,,,,,,,,,
NAtl,OTM_DEF_32-39_0_0,,,"OTM_DEF_32-54_0_0, OTM_DEF_32-69_0_0","DNK, ENG, FRA, SCT",350,,,,,,,,,,,,,,,,,,,,,,,
NAtl,OTM_DEF_40-54_0_0,,,,,,,,,,,,,,,,,,,,,,,,,,,,
NAtl,OTM_DEF_55-64_0_0,,,,,,,,,,,,,,,,,,,,,,,,,,,,
NAtl,OTM_DEF_65-69_0_0,,,,,,,,,,,,,,,,,,,,,,,,,,,,
NAtl,OTM_DEF_70-99_0_0,,,"OTM_DEF_70-99_0_0, OTM_DEF_70-89_0_0, OTM_DEF_>=70_0_0","CHA, ENG, FRA, NIR, SCT, WLS",773,,,,,,,,,,,,,,,,,,,,,,,
NAtl,OTM_DWS_>0_0_0,,,OTM_DWS_0_0_0,DEU,78,,,,,,,,,,,,,,,,,,,,,,,
NAtl,OTM_LPF_>=120_0_0,,,,,,,,,,,,,,,,,,,,,,,,,,,,
NAtl,OTM_LPF_>0_0_0,,,OTM_LPF_0_0_0,IRL,17,,,,,,,,,,,,,,,,,,,,,,,
NAtl,OTM_LPF_100-119_0_0,,,,,,,,,,,,,,,,,,,,,,,,,,,,
NAtl,OTM_LPF_70-99_0_0,,,,,,,,,,,,,,,,,,,,,,,,,,,,
NAtl,OTM_SPF_<16_0_0,,,OTM_SPF_<16_0_0,"ENG, NLD",19,,,,,,,,,,,,,,,,,,,,,,,
NAtl,OTM_SPF_>=120_0_0,,,OTM_SPF_>=120_0_0,NLD,9,,,,,,,,,,,,,,,,,,,,,,,
NAtl,OTM_SPF_>0_0_0,,,OTM_SPF_0_0_0,NLD,4,,,,,,,,,,,,,,,,,,,,,,,
NAtl,OTM_SPF_100-119_0_0,,,OTM_SPF_100-119_0_0,"NIR, NLD, SCT",11,,,,,,,,,,,,,,,,,,,,,,,
NAtl,OTM_SPF_16-31_0_0,,,OTM_SPF_16-31_0_0,"DEU, DNK, ENG, FRA, IRL, NLD, SCT",3695,,,,,,,,,,,,,,,,,,,,,,,
NAtl,OTM_SPF_32-39_0_0,,,"OTM_SPF_32-54_0_0, OTM_SPF_32-69_0_0","DEU, DNK, ENG, FRA, IRL, NIR, NLD, POL, SCT",6873,,,,,,,,,,,,,,,,,,,,,,,
NAtl,OTM_SPF_40-54_0_0,,,OTM_SPF_40-59_0_0,LTU,9,,,,,,,,,,,,,,,,,,,,,,,
NAtl,OTM_SPF_55-64_0_0,,,"OTM_SPF_55-69_0_0, OTM_SPF_>=55_0_0","NLD, PRT",62,,,,,,,,,,,,,,,,,,,,,,,
NAtl,OTM_SPF_65-69_0_0,,,,,,,,,,,,,,,,,,,,,,,,,,,,
NAtl,OTM_SPF_70-99_0_0,,,"OTM_SPF_70-99_0_0, OTM_SPF_>=70_0_0","CHA, ENG, FRA, IRL, NIR, SCT",155,,,,,,,,,,,,,,,,,,,,,,,
NAtl,OTT_CEP_<16_0_0,,,,,,,,,,,,,,,,,,,,,,,,,,,,
NAtl,OTT_CEP_>=120_0_0,,,,,,,,,,,,,,,,,,,,,,,,,,,,
NAtl,OTT_CEP_>0_0_0,,,,,,,,,,,,,,,,,,,,,,,,,,,,
NAtl,OTT_CEP_100-119_0_0,,,,,,,,,,,,,,,,,,,,,,,,,,,,
NAtl,OTT_CEP_16-31_0_0,,,,,,,,,,,,,,,,,,,,,,,,,,,,
NAtl,OTT_CEP_32-39_0_0,,,,,,,,,,,,,,,,,,,,,,,,,,,,
NAtl,OTT_CEP_40-54_0_0,,,,,,,,,,,,,,,,,,,,,,,,,,,,
NAtl,OTT_CEP_55-64_0_0,,,,,,,,,,,,,,,,,,,,,,,,,,,,
NAtl,OTT_CEP_65-69_0_0,,,,,,,,,,,,,,,,,,,,,,,,,,,,
NAtl,OTT_CEP_70-99_0_0,,,,,,,,,,,,,,,,,,,,,,,,,,,,
NAtl,OTT_CRU_<16_0_0,,,OTT_CRU_<16_0_0,SCT,7,,,,,,,,,,,,,,,,,,,,,,,
NAtl,OTT_CRU_>=120_0_0,,,OTT_CRU_>=120_0_0,SCT,30,,,,,,,,,,,,,,,,,,,,,,,
NAtl,OTT_CRU_>0_0_0,,,OTT_CRU_0_0_0,FRA ,1324,,,,,,,,,,,,,,,,,,,,,,,
NAtl,OTT_CRU_100-119_0_0,,,OTT_CRU_100-119_0_0,"FRA, NIR, SCT",3479,,,,,,,,,,,,,,,,,,,,,,,
NAtl,OTT_CRU_16-31_0_0,,,OTT_CRU_16-31_0_0,FRA ,96,,,,,,,,,,,,,,,,,,,,,,,
NAtl,OTT_CRU_32-39_0_0,,,"OTT_CRU_32-54_0_0, OTT_CRU_32-69_0_0","FRA, SCT",394,,,,,,,,,,,,,,,,,,,,,,,
NAtl,OTT_CRU_40-54_0_0,,,,,,,,,,,,,,,,,,,,,,,,,,,,
NAtl,OTT_CRU_55-64_0_0,,,,,,,,,,,,,,,,,,,,,,,,,,,,
NAtl,OTT_CRU_65-69_0_0,,,,,,,,,,,,,,,,,,,,,,,,,,,,
NAtl,OTT_CRU_70-99_0_0,,,"OTT_CRU_70-99_0_0, OTT_CRU_70-89_0_0, OTT_CRU_>=70_0_0","ENG, FRA, NIR, SCT",107385,,,,,,,,,,,,,,,,,,,,,,,
NAtl,OTT_DEF_<16_0_0,,,OTT_DEF_<16_0_0,ENG ,3,,,,,,,,,,,,,,,,,,,,,,,
NAtl,OTT_DEF_>=120_0_0,,,OTT_DEF_>=120_0_0,"ENG, SCT",723,,,,,,,,,,,,,,,,,,,,,,,
NAtl,OTT_DEF_>0_0_0,,,OTT_DEF_0_0_0,FRA,529,,,,,,,,,,,,,,,,,,,,,,,
NAtl,OTT_DEF_100-119_0_0,,,OTT_DEF_100-119_0_0,"ENG, FRA, NIR, SCT ",25784,,,,,,,,,,,,,,,,,,,,,,,
NAtl,OTT_DEF_16-31_0_0,,,OTT_DEF_16-31_0_0,FRA,15,,,,,,,,,,,,,,,,,,,,,,,
NAtl,OTT_DEF_32-39_0_0,,,"OTT_DEF_32-54_0_0, OTT_DEF_32-69_0_0","ENG, FRA ",567,,,,,,,,,,,,,,,,,,,,,,,
NAtl,OTT_DEF_40-54_0_0,,,,,,,,,,,,,,,,,,,,,,,,,,,,
NAtl,OTT_DEF_55-64_0_0,,,OTT_DEF_55-69_0_0,FRA,37,,,,,,,,,,,,,,,,,,,,,,,
NAtl,OTT_DEF_65-69_0_0,,,,,,,,,,,,,,,,,,,,,,,,,,,,
NAtl,OTT_DEF_70-99_0_0,,,"OTT_DEF_70-99_0_0, OTT_DEF_70-89_0_0, OTT_DEF_>=70_0_0","ENG, FRA, NIR, NLD, SCT, WLS",44503,,,,,,,,,,,,,,,,,,,,,,,
NAtl,OTT_DWS_<16_0_0,,,,,,,,,,,,,,,,,,,,,,,,,,,,
NAtl,OTT_DWS_>=120_0_0,,,OTT_DWS_>=120_0_0,SCT,2,,,,,,,,,,,,,,,,,,,,,,,
NAtl,OTT_DWS_>0_0_0,,,,,,,,,,,,,,,,,,,,,,,,,,,,
NAtl,OTT_DWS_100-119_0_0,,,OTT_DWS_100-119_0_0,FRA,120,,,,,,,,,,,,,,,,,,,,,,,
NAtl,OTT_DWS_16-31_0_0,,,,,,,,,,,,,,,,,,,,,,,,,,,,
NAtl,OTT_DWS_32-39_0_0,,,,,,,,,,,,,,,,,,,,,,,,,,,,
NAtl,OTT_DWS_40-54_0_0,,,,,,,,,,,,,,,,,,,,,,,,,,,,
NAtl,OTT_DWS_55-64_0_0,,,,,,,,,,,,,,,,,,,,,,,,,,,,
NAtl,OTT_DWS_65-69_0_0,,,,,,,,,,,,,,,,,,,,,,,,,,,,
NAtl,OTT_DWS_70-99_0_0,,,OTT_DWS_70-99_0_0,ENG,1,,,,,,,,,,,,,,,,,,,,,,,
NAtl,OTT_MOL_<16_0_0,,,OTT_MOL_<16_0_0,ENG,1,,,,,,,,,,,,,,,,,,,,,,,
NAtl,OTT_MOL_>=120_0_0,,,OTT_MOL_>=120_0_0,SCT,34,,,,,,,,,,,,,,,,,,,,,,,
NAtl,OTT_MOL_>0_0_0,,,,,,,,,,,,,,,,,,,,,,,,,,,,
NAtl,OTT_MOL_100-119_0_0,,,OTT_MOL_100-119_0_0,"ENG, SCT",93,,,,,,,,,,,,,,,,,,,,,,,
NAtl,OTT_MOL_16-31_0_0,,,,,,,,,,,,,,,,,,,,,,,,,,,,
NAtl,OTT_MOL_32-39_0_0,,,,,,,,,,,,,,,,,,,,,,,,,,,,
NAtl,OTT_MOL_40-54_0_0,,,,,,,,,,,,,,,,,,,,,,,,,,,,
NAtl,OTT_MOL_55-64_0_0,,,,,,,,,,,,,,,,,,,,,,,,,,,,
NAtl,OTT_MOL_65-69_0_0,,,,,,,,,,,,,,,,,,,,,,,,,,,,
NAtl,OTT_MOL_70-99_0_0,,,"OTT_MOL_70-99_0_0, OTT_MOL_>=70_0_0","ENG, FRA, SCT",4224,,,,,,,,,,,,,,,,,,,,,,,
NAtl,PS_DEF_<16_0_0,,,,,,,,,,,,,,,,,,,,,,,,,,,,
NAtl,PS_DEF_>=120_0_0,,,,,,,,,,,,,,,,,,,,,,,,,,,,
NAtl,PS_DEF_>0_0_0,,,PS_DEF_0_0_0,FRA,1467,,,,,,,,,,,,,,,,,,,,,,,
NAtl,PS_DEF_100-119_0_0,,,,,,,,,,,,,,,,,,,,,,,,,,,,
NAtl,PS_DEF_16-31_0_0,,,,,,,,,,,,,,,,,,,,,,,,,,,,
NAtl,PS_DEF_32-39_0_0,,,,,,,,,,,,,,,,,,,,,,,,,,,,
NAtl,PS_DEF_40-54_0_0,,,,,,,,,,,,,,,,,,,,,,,,,,,,
NAtl,PS_DEF_55-64_0_0,,,,,,,,,,,,,,,,,,,,,,,,,,,,
NAtl,PS_DEF_65-69_0_0,,,,,,,,,,,,,,,,,,,,,,,,,,,,
NAtl,PS_DEF_70-99_0_0,,,,,,,,,,,,,,,,,,,,,,,,,,,,
NAtl,PS_LPF_>=120_0_0,,,,,,,,,,,,,,,,,,,,,,,,,,,,
NAtl,PS_LPF_>0_0_0,,,PS_LPF_0_0_0,FRA,95,,,,,,,,,,,,,,,,,,,,,,,
NAtl,PS_LPF_100-119_0_0,,,,,,,,,,,,,,,,,,,,,,,,,,,,
NAtl,PS_LPF_70-99_0_0,,,,,,,,,,,,,,,,,,,,,,,,,,,,
NAtl,PS_SPF_<16_0_0,,,PS_SPF_>=16_0_0,PRT,38268,,,,,,,,,,,,,,,,,,,,,,,
NAtl,PS_SPF_>=120_0_0,,,PS_SPF_>=120_0_0,FRA,357,,,,,,,,,,,,,,,,,,,,,,,
NAtl,PS_SPF_>0_0_0,,,"PS_SPF_>0_0_0, PS_SPF_0_0_0","ENG, ESP, FRA, NIR, PRT, SCT",228284,,,,,,,,,,,,,,,,,,,,,,,
NAtl,PS_SPF_100-119_0_0,,,,,,,,,,,,,,,,,,,,,,,,,,,,
NAtl,PS_SPF_16-31_0_0,,,PS_SPF_16-31_0_0,FRA,1451,,,,,,,,,,,,,,,,,,,,,,,
NAtl,PS_SPF_32-39_0_0,,,,,,,,,,,,,,,,,,,,,,,,,,,,
NAtl,PS_SPF_40-54_0_0,,,,,,,,,,,,,,,,,,,,,,,,,,,,
NAtl,PS_SPF_55-64_0_0,,,,,,,,,,,,,,,,,,,,,,,,,,,,
NAtl,PS_SPF_65-69_0_0,,,,,,,,,,,,,,,,,,,,,,,,,,,,
NAtl,PS_SPF_70-99_0_0,,,,,,,,,,,,,,,,,,,,,,,,,,,,
NAtl,PTB_CEP_<16_0_0,,,,,,,,,,,,,,,,,,,,,,,,,,,,
NAtl,PTB_CEP_>=120_0_0,,,,,,,,,,,,,,,,,,,,,,,,,,,,
NAtl,PTB_CEP_>0_0_0,,,,,,,,,,,,,,,,,,,,,,,,,,,,
NAtl,PTB_CEP_100-119_0_0,,,,,,,,,,,,,,,,,,,,,,,,,,,,
NAtl,PTB_CEP_16-31_0_0,,,,,,,,,,,,,,,,,,,,,,,,,,,,
NAtl,PTB_CEP_32-39_0_0,,,,,,,,,,,,,,,,,,,,,,,,,,,,
NAtl,PTB_CEP_40-54_0_0,,,,,,,,,,,,,,,,,,,,,,,,,,,,
NAtl,PTB_CEP_55-64_0_0,,,,,,,,,,,,,,,,,,,,,,,,,,,,
NAtl,PTB_CEP_65-69_0_0,,,,,,,,,,,,,,,,,,,,,,,,,,,,
NAtl,PTB_CEP_70-99_0_0,,,,,,,,,,,,,,,,,,,,,,,,,,,,
NAtl,PTB_CRU_<16_0_0,,,,,,,,,,,,,,,,,,,,,,,,,,,,
NAtl,PTB_CRU_>=120_0_0,,,PTB_CRU_>=120_0_0,SCT,8,,,,,,,,,,,,,,,,,,,,,,,
NAtl,PTB_CRU_>0_0_0,,,,,,,,,,,,,,,,,,,,,,,,,,,,
NAtl,PTB_CRU_100-119_0_0,,,PTB_CRU_100-119_0_0,ENG,1,,,,,,,,,,,,,,,,,,,,,,,
NAtl,PTB_CRU_16-31_0_0,,,,,,,,,,,,,,,,,,,,,,,,,,,,
NAtl,PTB_CRU_32-39_0_0,,,PTB_CRU_32-69_0_0,"ENG, SCT",3,,,,,,,,,,,,,,,,,,,,,,,
NAtl,PTB_CRU_40-54_0_0,,,,,,,,,,,,,,,,,,,,,,,,,,,,
NAtl,PTB_CRU_55-64_0_0,,,,,,,,,,,,,,,,,,,,,,,,,,,,
NAtl,PTB_CRU_65-69_0_0,,,,,,,,,,,,,,,,,,,,,,,,,,,,
NAtl,PTB_CRU_70-99_0_0,,,PTB_CRU_70-99_0_0,SCT,9,,,,,,,,,,,,,,,,,,,,,,,
NAtl,PTB_DEF_<16_0_0,,,,,,,,,,,,,,,,,,,,,,,,,,,,
NAtl,PTB_DEF_>=120_0_0,,,PTB_DEF_>=120_0_0,"ENG, FRA, NLD, SCT",423,,,,,,,,,,,,,,,,,,,,,,,
NAtl,PTB_DEF_>0_0_0,,,,,,,,,,,,,,,,,,,,,,,,,,,,
NAtl,PTB_DEF_100-119_0_0,,,PTB_DEF_100-119_0_0,"ENG, FRA, NIR, SCT",81,,,,,,,,,,,,,,,,,,,,,,,
NAtl,PTB_DEF_16-31_0_0,,,,,,,,,,,,,,,,,,,,,,,,,,,,
NAtl,PTB_DEF_32-39_0_0,,,,,,,,,,,,,,,,,,,,,,,,,,,,
NAtl,PTB_DEF_40-54_0_0,,,,,,,,,,,,,,,,,,,,,,,,,,,,
NAtl,PTB_DEF_55-64_0_0,,,,,,,,,,,,,,,,,,,,,,,,,,,,
NAtl,PTB_DEF_65-69_0_0,,,,,,,,,,,,,,,,,,,,,,,,,,,,
NAtl,PTB_DEF_70-99_0_0,,,"PTB_DEF_70-99_0_0, PTB_DEF_70-89_0_0, PTB_DEF_>=70_0_0","ENG, ESP, FRA, SCT",2830,,,,,,,,,,,,,,,,,,,,,,,
NAtl,PTB_MPD_<16_0_0,,,,,,,,,,,,,,,,,,,,,,,,,,,,
NAtl,PTB_MPD_>=120_0_0,,,,,,,,,,,,,,,,,,,,,,,,,,,,
NAtl,PTB_MPD_>0_0_0,,,,,,,,,,,,,,,,,,,,,,,,,,,,
NAtl,PTB_MPD_100-119_0_0,,,,,,,,,,,,,,,,,,,,,,,,,,,,
NAtl,PTB_MPD_16-31_0_0,,,,,,,,,,,,,,,,,,,,,,,,,,,,
NAtl,PTB_MPD_32-39_0_0,,,,,,,,,,,,,,,,,,,,,,,,,,,,
NAtl,PTB_MPD_40-54_0_0,,,,,,,,,,,,,,,,,,,,,,,,,,,,
NAtl,PTB_MPD_55-64_0_0,,,PTB_MPD_>=55_0_0,ESP,22509,,,,,,,,,,,,,,,,,,,,,,,
NAtl,PTB_MPD_65-69_0_0,,,,,,,,,,,,,,,,,,,,,,,,,,,,
NAtl,PTB_MPD_70-99_0_0,,,,,,,,,,,,,,,,,,,,,,,,,,,,
NAtl,PTB_SPF_<16_0_0,,,PTB_SPF_<16_0_0,SCT,1,,,,,,,,,,,,,,,,,,,,,,,
NAtl,PTB_SPF_>=120_0_0,,,PTB_SPF_>=120_0_0,SCT,3,,,,,,,,,,,,,,,,,,,,,,,
NAtl,PTB_SPF_>0_0_0,,,,,,,,,,,,,,,,,,,,,,,,,,,,
NAtl,PTB_SPF_100-119_0_0,,,,,,,,,,,,,,,,,,,,,,,,,,,,
NAtl,PTB_SPF_16-31_0_0,,,,,,,,,,,,,,,,,,,,,,,,,,,,
NAtl,PTB_SPF_32-39_0_0,,,PTB_SPF_32-69_0_0,"ENG, SCT",6,,,,,,,,,,,,,,,,,,,,,,,
NAtl,PTB_SPF_40-54_0_0,,,,,,,,,,,,,,,,,,,,,,,,,,,,
NAtl,PTB_SPF_55-64_0_0,,,,,,,,,,,,,,,,,,,,,,,,,,,,
NAtl,PTB_SPF_65-69_0_0,,,,,,,,,,,,,,,,,,,,,,,,,,,,
NAtl,PTB_SPF_70-99_0_0,,,,,,,,,,,,,,,,,,,,,,,,,,,,
NAtl,PTM_DEF_<16_0_0,,,,,,,,,,,,,,,,,,,,,,,,,,,,
NAtl,PTM_DEF_>=120_0_0,,,,,,,,,,,,,,,,,,,,,,,,,,,,
NAtl,PTM_DEF_>0_0_0,,,PTM_DEF_0_0_0,FRA,164,,,,,,,,,,,,,,,,,,,,,,,
NAtl,PTM_DEF_100-119_0_0,,,PTM_DEF_100-119_0_0,FRA,4010,,,,,,,,,,,,,,,,,,,,,,,
NAtl,PTM_DEF_16-31_0_0,,,PTM_DEF_16-31_0_0,FRA,320,,,,,,,,,,,,,,,,,,,,,,,
NAtl,PTM_DEF_32-39_0_0,,,"PTM_DEF_32-54_0_0, PTM_DEF_32-69_0_0",FRA,116,,,,,,,,,,,,,,,,,,,,,,,
NAtl,PTM_DEF_40-54_0_0,,,,,,,,,,,,,,,,,,,,,,,,,,,,
NAtl,PTM_DEF_55-64_0_0,,,,,,,,,,,,,,,,,,,,,,,,,,,,
NAtl,PTM_DEF_65-69_0_0,,,,,,,,,,,,,,,,,,,,,,,,,,,,
NAtl,PTM_DEF_70-99_0_0,,,"PTM_DEF_70-99_0_0, PTM_DEF_70-89_0_0, PTM_DEF_>=70_0_0",FRA,11388,,,,,,,,,,,,,,,,,,,,,,,
NAtl,PTM_LPF_<16_0_0,,,,,,,,,,,,,,,,,,,,,,,,,,,,
NAtl,PTM_LPF_>=120_0_0,,,,,,,,,,,,,,,,,,,,,,,,,,,,
NAtl,PTM_LPF_>0_0_0,,,PTM_LPF_0_0_0,"FRA, IRL",54205,,,,,,,,,,,,,,,,,,,,,,,
NAtl,PTM_LPF_100-119_0_0,,,PTM_LPF_100-119_0_0,"FRA, IRL",134402,,,,,,,,,,,,,,,,,,,,,,,
NAtl,PTM_LPF_16-31_0_0,,,PTM_LPF_16-31_0_0,FRA,37,,,,,,,,,,,,,,,,,,,,,,,
NAtl,PTM_LPF_32-39_0_0,,,"PTM_LPF_32-54_0_0, PTM_LPF_32-69_0_0","FRA, IRL",126,,,,,,,,,,,,,,,,,,,,,,,
NAtl,PTM_LPF_40-54_0_0,,,,,,,,,,,,,,,,,,,,,,,,,,,,
NAtl,PTM_LPF_55-64_0_0,,,PTM_LPF_>=55_0_0,FRA,5,,,,,,,,,,,,,,,,,,,,,,,
NAtl,PTM_LPF_65-69_0_0,,,PTM_LPF_>=65_0_0,IRL,17999,,,,,,,,,,,,,,,,,,,,,,,
NAtl,PTM_LPF_70-99_0_0,,,"PTM_LPF_70-99_0_0, PTM_LPF_>=70_0_0",FRA,2543,,,,,,,,,,,,,,,,,,,,,,,
NAtl,PTM_SPF_<16_0_0,,,PTM_SPF_<16_0_0,SCT,104,,,,,,,,,,,,,,,,,,,,,,,
NAtl,PTM_SPF_>=120_0_0,,,,,,,,,,,,,,,,,,,,,,,,,,,,
NAtl,PTM_SPF_>0_0_0,,,PTM_SPF_0_0_0,"FRA, IRL",4125,,,,,,,,,,,,,,,,,,,,,,,
NAtl,PTM_SPF_100-119_0_0,,,PTM_SPF_100-119_0_0,"FRA, SCT",57,,,,,,,,,,,,,,,,,,,,,,,
NAtl,PTM_SPF_16-31_0_0,,,PTM_SPF_16-31_0_0,"ENG, FRA, IRL, NIR, NLD, SCT",11584,,,,,,,,,,,,,,,,,,,,,,,
NAtl,PTM_SPF_32-39_0_0,,,"PTM_SPF_32-54_0_0, PTM_SPF_32-69_0_0","ENG, FRA, IRL, NIR, NLD, SCT",360439,,,,,,,,,,,,,,,,,,,,,,,
NAtl,PTM_SPF_40-54_0_0,,,,,,,,,,,,,,,,,,,,,,,,,,,,
NAtl,PTM_SPF_55-64_0_0,,,PTM_SPF_>=55_0_0,FRA,30,,,,,,,,,,,,,,,,,,,,,,,
NAtl,PTM_SPF_65-69_0_0,,,,,,,,,,,,,,,,,,,,,,,,,,,,
NAtl,PTM_SPF_70-99_0_0,,,"PTM_SPF_70-99_0_0, PTM_SPF_70-89_0_0, PTM_SPF_>=70_0_0","CHA, ENG, FRA, SCT",3632,,,,,,,,,,,,,,,,,,,,,,,
NAtl,SB_DEF_>0_0_0,,,,,,,,,,,,,,,,,,,,,,,,,,,,
NAtl,SB_FIF_>0_0_0,,,"SB_FIF_>0_0_0, SB_FIF_0_0_0","ENG, ESP, FRA, NIR, PRT, SCT",232,,,,,,,,,,,,,,,,,,,,,,,
NAtl,SDN_CEP_<16_0_0,,,,,,,,,,,,,,,,,,,,,,,,,,,,
NAtl,SDN_CEP_>=120_0_0,,,,,,,,,,,,,,,,,,,,,,,,,,,,
NAtl,SDN_CEP_>0_0_0,,,,,,,,,,,,,,,,,,,,,,,,,,,,
NAtl,SDN_CEP_100-119_0_0,,,,,,,,,,,,,,,,,,,,,,,,,,,,
NAtl,SDN_CEP_16-31_0_0,,,,,,,,,,,,,,,,,,,,,,,,,,,,
NAtl,SDN_CEP_32-39_0_0,,,,,,,,,,,,,,,,,,,,,,,,,,,,
NAtl,SDN_CEP_40-54_0_0,,,,,,,,,,,,,,,,,,,,,,,,,,,,
NAtl,SDN_CEP_55-64_0_0,,,,,,,,,,,,,,,,,,,,,,,,,,,,
NAtl,SDN_CEP_65-69_0_0,,,,,,,,,,,,,,,,,,,,,,,,,,,,
NAtl,SDN_CEP_70-99_0_0,,,,,,,,,,,,,,,,,,,,,,,,,,,,
NAtl,SDN_DEF_<16_0_0,,,,,,,,,,,,,,,,,,,,,,,,,,,,
NAtl,SDN_DEF_>=120_0_0,,,SDN_DEF_>=120_0_0,"FRA, SCT",51,,,,,,,,,,,,,,,,,,,,,,,
NAtl,SDN_DEF_>0_0_0,,,"SDN_DEF_>0_0_0, SDN_DEF_0_0_0","BEL, FRA",4940,,,,,,,,,,,,,,,,,,,,,,,
NAtl,SDN_DEF_100-119_0_0,,,SDN_DEF_100-119_0_0,"FRA, NLD",250,,,,,,,,,,,,,,,,,,,,,,,
NAtl,SDN_DEF_16-31_0_0,,,SDN_DEF_16-31_0_0,FRA,2,,,,,,,,,,,,,,,,,,,,,,,
NAtl,SDN_DEF_32-39_0_0,,,SDN_DEF_32-69_0_0,FRA,2,,,,,,,,,,,,,,,,,,,,,,,
NAtl,SDN_DEF_40-54_0_0,,,,,,,,,,,,,,,,,,,,,,,,,,,,
NAtl,SDN_DEF_55-64_0_0,,,,,,,,,,,,,,,,,,,,,,,,,,,,
NAtl,SDN_DEF_65-69_0_0,,,,,,,,,,,,,,,,,,,,,,,,,,,,
NAtl,SDN_DEF_70-99_0_0,,,"SDN_DEF_70-99_0_0, SDN_DEF_70-89_0_0, SDN_DEF_>=70_0_0","FRA, NLD",3120,,,,,,,,,,,,,,,,,,,,,,,
NAtl,SDN_MCF_<16_0_0,,,,,,,,,,,,,,,,,,,,,,,,,,,,
NAtl,SDN_MCF_>=120_0_0,,,,,,,,,,,,,,,,,,,,,,,,,,,,
NAtl,SDN_MCF_>0_0_0,,,,,,,,,,,,,,,,,,,,,,,,,,,,
NAtl,SDN_MCF_100-119_0_0,,,,,,,,,,,,,,,,,,,,,,,,,,,,
NAtl,SDN_MCF_16-31_0_0,,,,,,,,,,,,,,,,,,,,,,,,,,,,
NAtl,SDN_MCF_32-39_0_0,,,,,,,,,,,,,,,,,,,,,,,,,,,,
NAtl,SDN_MCF_40-54_0_0,,,,,,,,,,,,,,,,,,,,,,,,,,,,
NAtl,SDN_MCF_55-64_0_0,,,SDN_MCF_<55_0_0,ESP,13285,,,,,,,,,,,,,,,,,,,,,,,
NAtl,SDN_MCF_65-69_0_0,,,,,,,,,,,,,,,,,,,,,,,,,,,,
NAtl,SDN_MCF_70-99_0_0,,,,,,,,,,,,,,,,,,,,,,,,,,,,
NAtl,SDN_SPF_<16_0_0,,,,,,,,,,,,,,,,,,,,,,,,,,,,
NAtl,SDN_SPF_>=120_0_0,,,,,,,,,,,,,,,,,,,,,,,,,,,,
NAtl,SDN_SPF_>0_0_0,,,,,,,,,,,,,,,,,,,,,,,,,,,,
NAtl,SDN_SPF_100-119_0_0,,,,,,,,,,,,,,,,,,,,,,,,,,,,
NAtl,SDN_SPF_16-31_0_0,,,,,,,,,,,,,,,,,,,,,,,,,,,,
NAtl,SDN_SPF_32-39_0_0,,,,,,,,,,,,,,,,,,,,,,,,,,,,
NAtl,SDN_SPF_40-54_0_0,,,,,,,,,,,,,,,,,,,,,,,,,,,,
NAtl,SDN_SPF_55-64_0_0,,,,,,,,,,,,,,,,,,,,,,,,,,,,
NAtl,SDN_SPF_65-69_0_0,,,,,,,,,,,,,,,,,,,,,,,,,,,,
NAtl,SDN_SPF_70-99_0_0,,,,,,,,,,,,,,,,,,,,,,,,,,,,
NAtl,SSC_DEF_<16_0_0,,,SSC_DEF_<16_0_0,ENG,1,,,,,,,,,,,,,,,,,,,,,,,
NAtl,SSC_DEF_>=120_0_0,,,SSC_DEF_>=120_0_0,"NIR, SCT",180,,,,,,,,,,,,,,,,,,,,,,,
NAtl,SSC_DEF_>0_0_0,,,SSC_DEF_0_0_0,NLD,3,,,,,,,,,,,,,,,,,,,,,,,
NAtl,SSC_DEF_100-119_0_0,,,SSC_DEF_100-119_0_0,"IRL, NIR, NLD, SCT",1275936,,,,,,,,,,,,,,,,,,,,,,,
NAtl,SSC_DEF_16-31_0_0,,,SSC_DEF_16-31_0_0,ENG,11,,,,,,,,,,,,,,,,,,,,,,,
NAtl,SSC_DEF_32-39_0_0,,,,,,,,,,,,,,,,,,,,,,,,,,,,
NAtl,SSC_DEF_40-54_0_0,,,,,,,,,,,,,,,,,,,,,,,,,,,,
NAtl,SSC_DEF_55-64_0_0,,,,,,,,,,,,,,,,,,,,,,,,,,,,
NAtl,SSC_DEF_65-69_0_0,,,,,,,,,,,,,,,,,,,,,,,,,,,,
NAtl,SSC_DEF_70-99_0_0,,,"SSC_DEF_70-99_0_0, SSC_DEF_>=70_0_0","BEL, ENG, NLD, SCT",918,,,,,,,,,,,,,,,,,,,,,,,
NAtl,TBB_CRU_<16_0_0,,,TBB_CRU_<16_0_0,NIR,1,,,,,,,,,,,,,,,,,,,,,,,
NAtl,TBB_CRU_>=120_0_0,,,,,,,,,,,,,,,,,,,,,,,,,,,,
NAtl,TBB_CRU_>0_0_0,,,TBB_CRU_0_0_0,FRA,2,,,,,,,,,,,,,,,,,,,,,,,
NAtl,TBB_CRU_100-119_0_0,,,TBB_CRU_100-119_0_0,ENG ,1,,,,,,,,,,,,,,,,,,,,,,,
NAtl,TBB_CRU_16-31_0_0,,,"TBB_CRU_16-31_0_0, TBB_CRU_>=20_0_0","BEL, ENG, FRA, NIR, PRT",2468,,,,,,,,,,,,,,,,,,,,,,,
NAtl,TBB_CRU_32-39_0_0,,,TBB_CRU_32-54_0_0,FRA,4,,,,,,,,,,,,,,,,,,,,,,,
NAtl,TBB_CRU_40-54_0_0,,,,,,,,,,,,,,,,,,,,,,,,,,,,
NAtl,TBB_CRU_55-64_0_0,,,,,,,,,,,,,,,,,,,,,,,,,,,,
NAtl,TBB_CRU_65-69_0_0,,,,,,,,,,,,,,,,,,,,,,,,,,,,
NAtl,TBB_CRU_70-99_0_0,,,TBB_CRU_70-99_0_0,"ENG, NIR, SCT",12,,,,,,,,,,,,,,,,,,,,,,,
NAtl,TBB_DEF_<16_0_0,,,TBB_DEF_<16_0_0,ENG,19,,,,,,,,,,,,,,,,,,,,,,,
NAtl,TBB_DEF_>=120_0_0,,,TBB_DEF_>=120_0_0,"BEL, ENG",13,,,,,,,,,,,,,,,,,,,,,,,
NAtl,TBB_DEF_>0_0_0,,,TBB_DEF_0_0_0,"FRA, NLD",13,,,,,,,,,,,,,,,,,,,,,,,
NAtl,TBB_DEF_100-119_0_0,,,TBB_DEF_100-119_0_0,"BEL, ENG, WLS",117,,,,,,,,,,,,,,,,,,,,,,,
NAtl,TBB_DEF_16-31_0_0,,,TBB_DEF_16-31_0_0,"ENG, NLD, WLS",94,,,,,,,,,,,,,,,,,,,,,,,
NAtl,TBB_DEF_32-39_0_0,,,TBB_DEF_32-69_0_0,ENG,5,,,,,,,,,,,,,,,,,,,,,,,
NAtl,TBB_DEF_40-54_0_0,,,TBB_DEF_<55_0_0,PRT,2489,,,,,,,,,,,,,,,,,,,,,,,
NAtl,TBB_DEF_55-64_0_0,,,,,,,,,,,,,,,,,,,,,,,,,,,,
NAtl,TBB_DEF_65-69_0_0,,,,,,,,,,,,,,,,,,,,,,,,,,,,
NAtl,TBB_DEF_70-99_0_0,,,"TBB_DEF_70-99_0_0, TBB_DEF_70-89_0_0, TBB_DEF_>=70_0_0","BEL, ENG, FRA, IRL, NLD, WLS",593753,,,,,,,,,,,,,,,,,,,,,,,
NAtl,TBB_MOL_<16_0_0,,,,,,,,,,,,,,,,,,,,,,,,,,,,
NAtl,TBB_MOL_>=120_0_0,,,,,,,,,,,,,,,,,,,,,,,,,,,,
NAtl,TBB_MOL_>0_0_0,,,TBB_MOL_0_0_0,FRA,2,,,,,,,,,,,,,,,,,,,,,,,
NAtl,TBB_MOL_100-119_0_0,,,,,,,,,,,,,,,,,,,,,,,,,,,,
NAtl,TBB_MOL_16-31_0_0,,,,,,,,,,,,,,,,,,,,,,,,,,,,
NAtl,TBB_MOL_32-39_0_0,,,,,,,,,,,,,,,,,,,,,,,,,,,,
NAtl,TBB_MOL_40-54_0_0,,,,,,,,,,,,,,,,,,,,,,,,,,,,
NAtl,TBB_MOL_55-64_0_0,,,TBB_MOL_<55_0_0,ESP,20314,,,,,,,,,,,,,,,,,,,,,,,
NAtl,TBB_MOL_65-69_0_0,,,,,,,,,,,,,,,,,,,,,,,,,,,,
NAtl,TBB_MOL_70-99_0_0,,,,,,,,,,,,,,,,,,,,,,,,,,,,
NSEA,DRB_MOL_>0_0_0,,,"DRB_MOL_>=0_0_0, DRB_MOL_>0_0_0, DRB_MOL_0_0_0","BEL, CHA, DEU, DNK, ENG, FRA, IRL, NIR, NLD, SCT, SWE, WLS",139600,,,,,,,,,,,,,,,,,,,,,,,
NSEA,FPN_CAT_>0_0_0,,,FPN_CAT_>0_0_0,DNK,3280,,,,,,,,,,,,,,,,,,,,,,,
NSEA,FPN_CEP_>0_0_0,,,,,,,,,,,,,,,,,,,,,,,,,,,,
NSEA,FPN_CRU_>0_0_0,,,FPN_CRU_>0_0_0,DNK,1537,,,,,,,,,,,,,,,,,,,,,,,
NSEA,FPN_MOL_>0_0_0,,,FPN_MOL_>0_0_0,DNK,2,,,,,,,,,,,,,,,,,,,,,,,
NSEA,FPO_CEP_>0_0_0,,,,,,,,,,,,,,,,,,,,,,,,,,,,
NSEA,FPO_CRU_>0_0_0,,,"FPO_CRU_>0_0_0, FPO_CRU_0_0_0, FPO_CRU_ALL_0_0","CHA, DEU, DNK, ENG, FRA, IRL, LTU, NIR, NLD, SCT, SWE, WLS",507323,,,,,,,,,,,,,,,,,,,,,,,
NSEA,FPO_DEF_>0_0_0,,,"FPO_DEF_>0_0_0, FPO_MCD_0_0_0","FRA, BEL",906,,,,,,,,,,,,,,,,,,,,,,,
NSEA,FPO_FIF_>0_0_0,,,"FPO_FIF_>0_0_0, FPO_FIF_0_0_0","ENG, FRA, SCT, SWE, WLS",7843,,,,,,,,,,,,,,,,,,,,,,,
NSEA,FPO_MOL_>0_0_0,,,"FPO_MOL_>0_0_0, FPO_MOL_0_0_0","CHA, DNK, ENG, FRA, NIR, SCT, SWE, WLS",78567,,,,,,,,,,,,,,,,,,,,,,,
NSEA,FYK_CAT_>0_0_0,,,FYK_CAT_>0_0_0,"DNK, ENG, NLD, SWE",19776,,,,,,,,,,,,,,,,,,,,,,,
NSEA,FYK_DEF_>0_0_0,,,FYK_DEF_>0_0_0,ENG ,49,,,,,,,,,,,,,,,,,,,,,,,
NSEA,GES_CAT_0_0_0,,,,,,,,,,,,,,,,,,,,,,,,,,,,
NSEA,GND_DEF_>=220_0_0,,,GND_DEF_>=220_0_0,"ENG, NIR",,,,,,,,,,,,,,,,,,,,,,,,
NSEA,GND_DEF_>0_0_0,,,"GND_DEF_0_0_0, GND_DEF_<10_0_0","ENG, FRA",3,,,,,,,,,,,,,,,,,,,,,,,
NSEA,GND_DEF_100-119_0_0,,,"GND_DEF_100-119_0_0, GND_DEF_>=100_0_0","DNK, ENG, FRA, NLD",2277,,,,,,,,,,,,,,,,,,,,,,,
NSEA,GND_DEF_10-30_0_0,,,GND_DEF_10-30_0_0,"ENG, NIR, NLD",8,,,,,,,,,,,,,,,,,,,,,,,
NSEA,GND_DEF_120-219_0_0,,,GND_DEF_120-219_0_0,"DNK, ENG, FRA, NIR, NLD, WLS",816,,,,,,,,,,,,,,,,,,,,,,,
NSEA,GND_DEF_31-49_0_0,,,GND_DEF_31-49_0_0,ENG,14,,,,,,,,,,,,,,,,,,,,,,,
NSEA,GND_DEF_50-70_0_0,,,GND_DEF_50-70_0_0,ENG,646,,,,,,,,,,,,,,,,,,,,,,,
NSEA,GND_DEF_71-89_0_0,,,"GND_DEF_71-89_0_0, GND_DEF_80-99_0_0","ENG, FRA",19,,,,,,,,,,,,,,,,,,,,,,,
NSEA,GND_DEF_90-99_0_0,,,GND_DEF_90-99_0_0,"ENG, FRA, NIR",1469,,,,,,,,,,,,,,,,,,,,,,,
NSEA,GND_SPF_>=220_0_0,,,GND_SPF_>=220_0_0,ENG,8,,,,,,,,,,,,,,,,,,,,,,,
NSEA,GND_SPF_>0_0_0,,,GND_SPF_0_0_0,FRA,1,,,,,,,,,,,,,,,,,,,,,,,
NSEA,GND_SPF_100-119_0_0,,,"GND_SPF_100-119_0_0, GND_SPF_>=100_0_0",ENG,974,,,,,,,,,,,,,,,,,,,,,,,
NSEA,GND_SPF_10-30_0_0,,,GND_SPF_10-30_0_0,"ENG, FRA ",52,,,,,,,,,,,,,,,,,,,,,,,
NSEA,GND_SPF_120-219_0_0,,,GND_SPF_120-219_0_0,"ENG, FRA",355,,,,,,,,,,,,,,,,,,,,,,,
NSEA,GND_SPF_31-49_0_0,,,GND_SPF_31-49_0_0,ENG,12,,,,,,,,,,,,,,,,,,,,,,,
NSEA,GND_SPF_50-70_0_0,,,GND_SPF_50-70_0_0,"DNK, ENG, FRA",2663,,,,,,,,,,,,,,,,,,,,,,,
NSEA,GND_SPF_71-89_0_0,,,GND_SPF_71-89_0_0,ENG,29,,,,,,,,,,,,,,,,,,,,,,,
NSEA,GND_SPF_90-99_0_0,,,GND_SPF_90-99_0_0,"ENG, FRA",836,,,,,,,,,,,,,,,,,,,,,,,
NSEA,GNS_CRU_>=220_0_0,,,GNS_CRU_>=220_0_0,"DEU, ENG, SWE",44,,,,,,,,,,,,,,,,,,,,,,,
NSEA,GNS_CRU_>0_0_0,,,"GNS_CRU_>0_0_0, GNS_CRU_0_0_0, GNS_CRU_<10_0_0","DEU, DNK, ENG, SCT, SWE, WLS",20188,,,,,,,,,,,,,,,,,,,,,,,
NSEA,GNS_CRU_100-119_0_0,,,GNS_CRU_100-119_0_0,"DEU, ENG, FRA, SWE",3338,,,,,,,,,,,,,,,,,,,,,,,
NSEA,GNS_CRU_10-30_0_0,,,GNS_CRU_10-30_0_0,ENG,2,,,,,,,,,,,,,,,,,,,,,,,
NSEA,GNS_CRU_120-219_0_0,,,GNS_CRU_120-219_0_0,"ENG, FRA, SCT, SWE",1638,,,,,,,,,,,,,,,,,,,,,,,
NSEA,GNS_CRU_31-49_0_0,,,GNS_CRU_31-49_0_0,ENG,1,,,,,,,,,,,,,,,,,,,,,,,
NSEA,GNS_CRU_50-70_0_0,,,GNS_CRU_50-70_0_0,"ENG, FRA",18,,,,,,,,,,,,,,,,,,,,,,,
NSEA,GNS_CRU_71-89_0_0,,,GNS_CRU_71-89_0_0,"DEU, ENG, FRA",81,,,,,,,,,,,,,,,,,,,,,,,
NSEA,GNS_CRU_90-99_0_0,,,"GNS_CRU_80-99_0_0, GNS_CRU_90-99_0_0","ENG, SWE",93,,,,,,,,,,,,,,,,,,,,,,,
NSEA,GNS_DEF_>=220_0_0,,,GNS_DEF_>=220_0_0,"BEL, DEU, DNK, ENG, FRA, NLD, SCT, SWE, WLS",22335,,,,,,,,,,,,,,,,,,,,,,,
NSEA,GNS_DEF_>0_0_0,,,"GNS_DEF_<10_0_0, GNS_DEF_0_0_0","DEU, ENG, SCT, FRA, NLD",128,,,,,,,,,,,,,,,,,,,,,,,
NSEA,GNS_DEF_100-119_0_0,,,"GNS_DEF_100-119_0_0, GNS_DEF_110-156_0_0, GNS_DEF_>=100_0_0","BEL, CHA, DEU, DNK, ENG, FRA, NLD, SCT, SWE, WLS",83277,,,,,,,,,,,,,,,,,,,,,,,
NSEA,GNS_DEF_10-30_0_0,,,GNS_DEF_10-30_0_0,"ENG, NLD",106,,,,,,,,,,,,,,,,,,,,,,,
NSEA,GNS_DEF_120-219_0_0,,,GNS_DEF_120-219_0_0,"BEL, CHA, DEU, DNK, ENG, FRA, NIR, NLD, SCT, SWE, WLS",138533,,,,,,,,,,,,,,,,,,,,,,,
NSEA,GNS_DEF_31-49_0_0,,,GNS_DEF_31-49_0_0,ENG,1,,,,,,,,,,,,,,,,,,,,,,,
NSEA,GNS_DEF_50-70_0_0,,,GNS_DEF_50-70_0_0,"ENG, FRA, NLD, SWE",211,,,,,,,,,,,,,,,,,,,,,,,
NSEA,GNS_DEF_71-89_0_0,,,"GNS_DEF_71-89_0_0, GNS_DEF_80-99_0_0","ENG, FRA, SCT, WLS",882,,,,,,,,,,,,,,,,,,,,,,,
NSEA,GNS_DEF_90-99_0_0,,,GNS_DEF_90-99_0_0,"BEL, DEU, DNK, ENG, FRA, NLD, SCT, SWE",15801,,,,,,,,,,,,,,,,,,,,,,,
NSEA,GNS_SPF_>=220_0_0,,,GNS_SPF_>=220_0_0,"DNK, ENG, FRA",129,,,,,,,,,,,,,,,,,,,,,,,
NSEA,GNS_SPF_>0_0_0,,,GNS_SPF_0_0_0,FRA,2,,,,,,,,,,,,,,,,,,,,,,,
NSEA,GNS_SPF_100-119_0_0,,,GNS_SPF_100-119_0_0,"DEU, DNK, ENG, FRA, WLS",3565,,,,,,,,,,,,,,,,,,,,,,,
NSEA,GNS_SPF_10-30_0_0,,,GNS_SPF_10-30_0_0,"DNK, ENG, SWE",3422,,,,,,,,,,,,,,,,,,,,,,,
NSEA,GNS_SPF_120-219_0_0,,,GNS_SPF_120-219_0_0,"DEU, DNK, ENG, FRA, SCT, SWE",1548,,,,,,,,,,,,,,,,,,,,,,,
NSEA,GNS_SPF_31-49_0_0,,,,,,,,,,,,,,,,,,,,,,,,,,,,
NSEA,GNS_SPF_50-70_0_0,,,GNS_SPF_50-70_0_0,"DNK, ENG, FRA, SWE",11283,,,,,,,,,,,,,,,,,,,,,,,
NSEA,GNS_SPF_71-89_0_0,,,GNS_SPF_71-89_0_0,ENG,12,,,,,,,,,,,,,,,,,,,,,,,
NSEA,GNS_SPF_90-99_0_0,,,"GNS_SPF_80-99_0_0, GNS_SPF_90-99_0_0","DNK, ENG, FRA",519,,,,,,,,,,,,,,,,,,,,,,,
NSEA,GTR_CEP_>=220_0_0,,,,,,,,,,,,,,,,,,,,,,,,,,,,
NSEA,GTR_CEP_>0_0_0,,,,,,,,,,,,,,,,,,,,,,,,,,,,
NSEA,GTR_CEP_100-119_0_0,,,,,,,,,,,,,,,,,,,,,,,,,,,,
NSEA,GTR_CEP_10-30_0_0,,,,,,,,,,,,,,,,,,,,,,,,,,,,
NSEA,GTR_CEP_120-219_0_0,,,,,,,,,,,,,,,,,,,,,,,,,,,,
NSEA,GTR_CEP_31-49_0_0,,,,,,,,,,,,,,,,,,,,,,,,,,,,
NSEA,GTR_CEP_50-70_0_0,,,,,,,,,,,,,,,,,,,,,,,,,,,,
NSEA,GTR_CEP_71-89_0_0,,,,,,,,,,,,,,,,,,,,,,,,,,,,
NSEA,GTR_CEP_90-99_0_0,,,,,,,,,,,,,,,,,,,,,,,,,,,,
NSEA,GTR_CRU_>=220_0_0,,,,,,,,,,,,,,,,,,,,,,,,,,,,
NSEA,GTR_CRU_>0_0_0,,,,,,,,,,,,,,,,,,,,,,,,,,,,
NSEA,GTR_CRU_100-119_0_0,,,,,,,,,,,,,,,,,,,,,,,,,,,,
NSEA,GTR_CRU_10-30_0_0,,,,,,,,,,,,,,,,,,,,,,,,,,,,
NSEA,GTR_CRU_120-219_0_0,,,,,,,,,,,,,,,,,,,,,,,,,,,,
NSEA,GTR_CRU_31-49_0_0,,,,,,,,,,,,,,,,,,,,,,,,,,,,
NSEA,GTR_CRU_50-70_0_0,,,,,,,,,,,,,,,,,,,,,,,,,,,,
NSEA,GTR_CRU_71-89_0_0,,,,,,,,,,,,,,,,,,,,,,,,,,,,
NSEA,GTR_CRU_90-99_0_0,,,,,,,,,,,,,,,,,,,,,,,,,,,,
NSEA,GTR_DEF_>=220_0_0,,,GTR_DEF_>=220_0_0,"ENG, FRA, NLD, SWE",4385,,,,,,,,,,,,,,,,,,,,,,,
NSEA,GTR_DEF_>0_0_0,,,"GTR_DEF_<10_0_0, GTR_DEF_0_0_0","BEL, ENG, FRA",594,,,,,,,,,,,,,,,,,,,,,,,
NSEA,GTR_DEF_100-119_0_0,,,"GTR_DEF_100-119_0_0, GTR_DEF_>=100_0_0","DEU, ENG, FRA, NLD, SWE",19679,,,,,,,,,,,,,,,,,,,,,,,
NSEA,GTR_DEF_10-30_0_0,,,GTR_DEF_10-30_0_0,"ENG, NLD",5,,,,,,,,,,,,,,,,,,,,,,,
NSEA,GTR_DEF_120-219_0_0,,,"GTR_DEF_120-219_0_0, GTR_DEF_>=157_0_0","ENG, FRA, NLD, SWE",32509,,,,,,,,,,,,,,,,,,,,,,,
NSEA,GTR_DEF_31-49_0_0,,,GTR_DEF_31-49_0_0,ENG,5,,,,,,,,,,,,,,,,,,,,,,,
NSEA,GTR_DEF_50-70_0_0,,,GTR_DEF_50-70_0_0,"ENG, FRA, SWE",3203,,,,,,,,,,,,,,,,,,,,,,,
NSEA,GTR_DEF_71-89_0_0,,,"GTR_DEF_71-89_0_0, GTR_DEF_80-99_0_0","ENG, FRA",13105,,,,,,,,,,,,,,,,,,,,,,,
NSEA,GTR_DEF_90-99_0_0,,,GTR_DEF_90-99_0_0,"BEL, ENG, FRA, NLD, SWE, WLS",66848,,,,,,,,,,,,,,,,,,,,,,,
NSEA,HMD_MOL_>0_0_0,,,"HMD_MOL_>=0_0_0, HMD_MOL_>0_0_0","ENG, NLD, SCT",17060,,,,,,,,,,,,,,,,,,,,,,,
NSEA,LH_CEP_0_0_0,,,,,,,,,,,,,,,,,,,,,,,,,,,,
NSEA,LH_DEF_0_0_0,,,,,,,,,,,,,,,,,,,,,,,,,,,,
NSEA,LH_FIF_0_0_0,,,,,,,,,,,,,,,,,,,,,,,,,,,,
NSEA,LH_SPF_0_0_0,,,,,,,,,,,,,,,,,,,,,,,,,,,,
NSEA,LHM_CEP_0_0_0,,,,,,,,,,,,,,,,,,,,,,,,,,,,
NSEA,LHM_DEF_0_0_0,,,,,,,,,,,,,,,,,,,,,,,,,,,,
NSEA,LHM_FIF_0_0_0,,,LHM_FIF_0_0_0,NLD,15,,,,,,,,,,,,,,,,,,,,,,,
NSEA,LHM_SPF_0_0_0,,,,,,,,,,,,,,,,,,,,,,,,,,,,
NSEA,LHP_CEP_0_0_0,,,LHP_CEP_0_0_0,SCT,14,,,,,,,,,,,,,,,,,,,,,,,
NSEA,LHP_DEF_0_0_0,,,LHP_DEF_0_0_0,BEL,9,,,,,,,,,,,,,,,,,,,,,,,
NSEA,LHP_FIF_0_0_0,,,LHP_FIF_0_0_0,"DEU, DNK, ENG, FRA, NIR, NLD, SCT, SWE",43375,,,,,,,,,,,,,,,,,,,,,,,
NSEA,LHP_SPF_0_0_0,,,LHP_SPF_0_0_0,DEU,3,,,,,,,,,,,,,,,,,,,,,,,
NSEA,LLD_DEF_0_0_0,,,,,,,,,,,,,,,,,,,,,,,,,,,,
NSEA,LLD_FIF_0_0_0,,,,,,,,,,,,,,,,,,,,,,,,,,,,
NSEA,LLD_LPF_0_0_0,,,LLD_LPF_0_0_0,PRT,7,,,,,,,,,,,,,,,,,,,,,,,
NSEA,LLS_DEF_0_0_0,,,LLS_DEF_0_0_0,"DNK, ENG, FRA, NLD, SCT, SWE, WLS",18846,,,,,,,,,,,,,,,,,,,,,,,
NSEA,LLS_DWS_0_0_0,,,LLS_DWS_0_0_0,ENG,8,,,,,,,,,,,,,,,,,,,,,,,
NSEA,LLS_FIF_0_0_0,,,,,,,,,,,,,,,,,,,,,,,,,,,,
NSEA,LTL_DEF_0_0_0,,,,,,,,,,,,,,,,,,,,,,,,,,,,
NSEA,LTL_LPF_0_0_0,,,,,,,,,,,,,,,,,,,,,,,,,,,,
NSEA,LTL_SPF_0_0_0,,,LTL_LPF_0_0_0,"FRA, SCT",2,,,,,,,,,,,,,,,,,,,,,,,
NSEA,MIS_CAT_0_0_0,,,"MIS_FIF_0_0_0, MIS_MIS_0_0_0, No_logbook6, No_Matrix6","DEU, DNK, ENG, FRA, IRL, NIR, NLD, SCT, SWE, WLS",275039,,,,,,,,,,,,,,,,,,,,,,,
NSEA,MIS_CEP_0_0_0,,,,,,,,,,,,,,,,,,,,,,,,,,,,
NSEA,MIS_CRU_0_0_0,,,MIS_CRU_0_0_0,,,,,,,,,,,,,,,,,,,,,,,,,
NSEA,MIS_DEF_0_0_0,,,,,,,,,,,,,,,,,,,,,,,,,,,,
NSEA,MIS_DWS_0_0_0,,,,,,,,,,,,,,,,,,,,,,,,,,,,
NSEA,MIS_LPF_0_0_0,,,,,,,,,,,,,,,,,,,,,,,,,,,,
NSEA,MIS_MCD_0_0_0,,,,,,,,,,,,,,,,,,,,,,,,,,,,
NSEA,MIS_MIS_0_0_0,,,,,,,,,,,,,,,,,,,,,,,,,,,,
NSEA,MIS_MOL_0_0_0,,,MIS_MOL_0_0_0,,,,,,,,,,,,,,,,,,,,,,,,,
NSEA,MIS_SPF_0_0_0,,,,,,,,,,,,,,,,,,,,,,,,,,,,
NSEA,OTB_CEP_<16_0_0,,,,,,,,,,,,,,,,,,,,,,,,,,,,
NSEA,OTB_CEP_>=120_0_0,,,,,,,,,,,,,,,,,,,,,,,,,,,,
NSEA,OTB_CEP_>0_0_0,,,,,,,,,,,,,,,,,,,,,,,,,,,,
NSEA,OTB_CEP_100-119_0_0,,,,,,,,,,,,,,,,,,,,,,,,,,,,
NSEA,OTB_CEP_16-31_0_0,,,,,,,,,,,,,,,,,,,,,,,,,,,,
NSEA,OTB_CEP_32-69_0_0,,,,,,,,,,,,,,,,,,,,,,,,,,,,
NSEA,OTB_CEP_70-89_0_0,,,,,,,,,,,,,,,,,,,,,,,,,,,,
NSEA,OTB_CEP_90-99_0_0,,,,,,,,,,,,,,,,,,,,,,,,,,,,
NSEA,OTB_CEP_90-99_2_35,,,,,,,,,,,,,,,,,,,,,,,,,,,,
NSEA,OTB_CEP_90-99_4_35,,,,,,,,,,,,,,,,,,,,,,,,,,,,
NSEA,OTB_CRU_<16_0_0,,,OTB_CRU_<16_0_0,"ENG, NIR, SCT",53,,,,,,,,,,,,,,,,,,,,,,,
NSEA,OTB_CRU_>=120_0_0,,,"OTB_CRU_>=120_0_0, OTB_CRU_>=120_1_120","DEU, DNK, ENG, SCT, SWE",2587,,,,,,,,,,,,,,,,,,,,,,,
NSEA,OTB_CRU_>0_0_0,,,OTB_CRU_0_0_0,FRA,420,,,,,,,,,,,,,,,,,,,,,,,
NSEA,OTB_CRU_100-119_0_0,,,OTB_CRU_100-119_0_0,"DEU, DNK, ENG, NIR, SCT",3625,,,,,,,,,,,,,,,,,,,,,,,
NSEA,OTB_CRU_100-119_1_120,,,,,,,,,,,,,,,,,,,,,,,,,,,,
NSEA,OTB_CRU_100-119_1_140,,,,,,,,,,,,,,,,,,,,,,,,,,,,
NSEA,OTB_CRU_100-119_1_180,,,,,,,,,,,,,,,,,,,,,,,,,,,,
NSEA,OTB_CRU_100-119_1_270,,,,,,,,,,,,,,,,,,,,,,,,,,,,
NSEA,OTB_CRU_100-119_1_300,,,,,,,,,,,,,,,,,,,,,,,,,,,,
NSEA,OTB_CRU_100-119_2_35,,,,,,,,,,,,,,,,,,,,,,,,,,,,
NSEA,OTB_CRU_100-119_4_35,,,,,,,,,,,,,,,,,,,,,,,,,,,,
NSEA,OTB_CRU_16-31_0_0,,,OTB_CRU_16-31_0_0,"BEL, DEU, DNK, ENG, FRA, NLD, SCT",1984,,,,,,,,,,,,,,,,,,,,,,,
NSEA,OTB_CRU_32-69_0_0,,,"OTB_CRU_32-69_0_0, OTB_CRU_40-59_0_0","DNK, ENG, EST, FRA, LTU, SCT, SWE",12854,,,,,,,,,,,,,,,,,,,,,,,
NSEA,OTB_CRU_32-69_2_22,,,OTB_CRU_32-69_2_22,"EST, SWE",17709,,,,,,,,,,,,,,,,,,,,,,,
NSEA,OTB_CRU_70-89_0_0,,,"OTB_CRU_70-89_0_0, OTB_CRU_70-99_0_0","DEU, DNK, ENG, FRA, NIR, SCT, WLS",88341,,,,,,,,,,,,,,,,,,,,,,,
NSEA,OTB_CRU_70-89_2_35,,,OTB_CRU_70-89_2_35,"DEU, DNK, SWE",30328,,,,,,,,,,,,,,,,,,,,,,,
NSEA,OTB_CRU_90-99_0_0,,,OTB_CRU_90-119_0_0,"DEU, DNK, SWE",89641,,,,,,,,,,,,,,,,,,,,,,,
NSEA,OTB_CRU_90-99_1_120,,,OTB_CRU_90-119_1_120,SWE,1057,,,,,,,,,,,,,,,,,,,,,,,
NSEA,OTB_CRU_90-99_1_140,,,OTB_CRU_90-119_1_140,SWE,44,,,,,,,,,,,,,,,,,,,,,,,
NSEA,OTB_CRU_90-99_1_180,,,,,,,,,,,,,,,,,,,,,,,,,,,,
NSEA,OTB_CRU_90-99_1_270,,,,,,,,,,,,,,,,,,,,,,,,,,,,
NSEA,OTB_CRU_90-99_1_300,,,OTB_CRU_90-119_1_300,SWE,23,,,,,,,,,,,,,,,,,,,,,,,
NSEA,OTB_CRU_90-99_2_35,,,,,,,,,,,,,,,,,,,,,,,,,,,,
NSEA,OTB_CRU_90-99_4_35,,,,,,,,,,,,,,,,,,,,,,,,,,,,
NSEA,OTB_DEF_<16_0_0,,,OTB_DEF_<16_0_0,"DEU, DNK, ENG, FRA, LTU, NLD, SCT, SWE",9514,,,,,,,,,,,,,,,,,,,,,,,
NSEA,OTB_DEF_>=120_0_0,,,"OTB_DEF_>=120_0_0, OTB_DEF_>=120_1_120, OTB_DEF_>=130_0_0","BEL, DEU, DNK, ENG, ESP, EST, FRA, IRL, LVA, NLD, POL, PRT, SCT, SWE",94589,,,,,,,,,,,,,,,,,,,,,,,
NSEA,OTB_DEF_>0_0_0,,,OTB_DEF_0_0_0,"DEU, FRA, NLD",2698,,,,,,,,,,,,,,,,,,,,,,,
NSEA,OTB_DEF_100-119_0_0,,,"OTB_DEF_100-119_0_0, OTB_DEF_100-129_0_0, OTB_DEF_>=105_1_120, OTB_DEF_>=110_0_0","BEL, DEU, DNK, ENG, FRA, IRL, NIR, NLD, POL, PRT, SCT, WLS",22627,,,,,,,,,,,,,,,,,,,,,,,
NSEA,OTB_DEF_100-119_1_120,,,,,,,,,,,,,,,,,,,,,,,,,,,,
NSEA,OTB_DEF_100-119_1_140,,,,,,,,,,,,,,,,,,,,,,,,,,,,
NSEA,OTB_DEF_100-119_1_180,,,,,,,,,,,,,,,,,,,,,,,,,,,,
NSEA,OTB_DEF_100-119_1_270,,,,,,,,,,,,,,,,,,,,,,,,,,,,
NSEA,OTB_DEF_100-119_1_300,,,,,,,,,,,,,,,,,,,,,,,,,,,,
NSEA,OTB_DEF_100-119_2_35,,,,,,,,,,,,,,,,,,,,,,,,,,,,
NSEA,OTB_DEF_100-119_4_35,,,,,,,,,,,,,,,,,,,,,,,,,,,,
NSEA,OTB_DEF_16-31_0_0,,,OTB_DEF_16-31_0_0,"DNK, ENG, FRA, LTU, NLD, SCT",1996,,,,,,,,,,,,,,,,,,,,,,,
NSEA,OTB_DEF_32-69_0_0,,,OTB_DEF_32-69_0_0,"DNK, ENG, FRA, NIR, NLD,SCT, SWE",3062,,,,,,,,,,,,,,,,,,,,,,,
NSEA,OTB_DEF_70-89_0_0,,,"OTB_DEF_70-89_0_0, OTB_DEF_70-99_0_0, OTB_DEF_>=70_0_0","BEL, DEU, DNK, ENG, FRA, IRL, NIR, NLD, SCT, WLS",116310,,,,,,,,,,,,,,,,,,,,,,,
NSEA,OTB_DEF_90-99_0_0,,,OTB_DEF_90-119_0_0,"DEU, DNK, NLD, SWE",36104,,,,,,,,,,,,,,,,,,,,,,,
NSEA,OTB_DEF_90-99_1_120,,,OTB_DEF_90-119_1_120,SWE,918,,,,,,,,,,,,,,,,,,,,,,,
NSEA,OTB_DEF_90-99_1_140,,,OTB_DEF_90-119_1_140,SWE,121,,,,,,,,,,,,,,,,,,,,,,,
NSEA,OTB_DEF_90-99_1_180,,,,,,,,,,,,,,,,,,,,,,,,,,,,
NSEA,OTB_DEF_90-99_1_270,,,,,,,,,,,,,,,,,,,,,,,,,,,,
NSEA,OTB_DEF_90-99_1_300,,,OTB_DEF_90-119_1_300,SWE,32,,,,,,,,,,,,,,,,,,,,,,,
NSEA,OTB_DEF_90-99_2_35,,,,,,,,,,,,,,,,,,,,,,,,,,,,
NSEA,OTB_DEF_90-99_4_35,,,,,,,,,,,,,,,,,,,,,,,,,,,,
NSEA,OTB_DWS_>=120_0_0,,,OTB_DWS_>=120_0_0,"FRA, LTU, SCT",95,,,,,,,,,,,,,,,,,,,,,,,
NSEA,OTB_DWS_>0_0_0,,,,,,,,,,,,,,,,,,,,,,,,,,,,
NSEA,OTB_DWS_100-119_0_0,,,"OTB_DWS_100-119_0_0, OTB_DWS_100-129_0_0","ENG, ESP, FRA",202,,,,,,,,,,,,,,,,,,,,,,,
NSEA,OTB_DWS_100-119_2_35,,,,,,,,,,,,,,,,,,,,,,,,,,,,
NSEA,OTB_DWS_100-119_4_35,,,,,,,,,,,,,,,,,,,,,,,,,,,,
NSEA,OTB_DWS_32-69_0_0,,,,,,,,,,,,,,,,,,,,,,,,,,,,
NSEA,OTB_DWS_70-89_0_0,,,OTB_DWS_70-99_0_0,ENG,2,,,,,,,,,,,,,,,,,,,,,,,
NSEA,OTB_DWS_90-99_0_0,,,OTB_DWS_90-119_0_0,DNK ,1,,,,,,,,,,,,,,,,,,,,,,,
NSEA,OTB_DWS_90-99_2_35,,,,,,,,,,,,,,,,,,,,,,,,,,,,
NSEA,OTB_DWS_90-99_4_35,,,,,,,,,,,,,,,,,,,,,,,,,,,,
NSEA,OTB_MCD_>=120_0_0,,,OTB_MCD_>=120_0_0,"NLD, SWE",10,,,,,,,,,,,,,,,,,,,,,,,
NSEA,OTB_MCD_>0_0_0,,,,,,,,,,,,,,,,,,,,,,,,,,,,
NSEA,OTB_MCD_100-119_0_0,,,OTB_MCD_100-119_0_0,NLD,28,,,,,,,,,,,,,,,,,,,,,,,
NSEA,OTB_MCD_100-119_1_120,,,,,,,,,,,,,,,,,,,,,,,,,,,,
NSEA,OTB_MCD_100-119_1_140,,,,,,,,,,,,,,,,,,,,,,,,,,,,
NSEA,OTB_MCD_100-119_1_180,,,,,,,,,,,,,,,,,,,,,,,,,,,,
NSEA,OTB_MCD_100-119_1_270,,,,,,,,,,,,,,,,,,,,,,,,,,,,
NSEA,OTB_MCD_100-119_1_300,,,,,,,,,,,,,,,,,,,,,,,,,,,,
NSEA,OTB_MCD_100-119_2_35,,,,,,,,,,,,,,,,,,,,,,,,,,,,
NSEA,OTB_MCD_100-119_4_35,,,,,,,,,,,,,,,,,,,,,,,,,,,,
NSEA,OTB_MCD_32-69_0_0,,,OTB_MCD_32-69_0_0,NLD,79,,,,,,,,,,,,,,,,,,,,,,,
NSEA,OTB_MCD_70-89_0_0,,,OTB_MCD_70-99_0_0,"BEL, NLD",10767,,,,,,,,,,,,,,,,,,,,,,,
NSEA,OTB_MCD_90-99_0_0,,,OTB_MCD_90-119_0_0,SWE,1300,,,,,,,,,,,,,,,,,,,,,,,
NSEA,OTB_MCD_90-99_1_120,,,OTB_MCD_90-119_1_120,SWE,885,,,,,,,,,,,,,,,,,,,,,,,
NSEA,OTB_MCD_90-99_1_140,,,OTB_MCD_90-119_1_140,SWE,76,,,,,,,,,,,,,,,,,,,,,,,
NSEA,OTB_MCD_90-99_1_180,,,,,,,,,,,,,,,,,,,,,,,,,,,,
NSEA,OTB_MCD_90-99_1_270,,,,,,,,,,,,,,,,,,,,,,,,,,,,
NSEA,OTB_MCD_90-99_1_300,,,OTB_MCD_90-119_1_300,SWE,39,,,,,,,,,,,,,,,,,,,,,,,
NSEA,OTB_MCD_90-99_2_35,,,,,,,,,,,,,,,,,,,,,,,,,,,,
NSEA,OTB_MCD_90-99_4_35,,,,,,,,,,,,,,,,,,,,,,,,,,,,
NSEA,OTB_MOL_<16_0_0,,,OTB_MOL_<16_0_0,SCT,13,,,,,,,,,,,,,,,,,,,,,,,
NSEA,OTB_MOL_>=120_0_0,,,OTB_MOL_>=120_0_0,"ENG, SCT",342,,,,,,,,,,,,,,,,,,,,,,,
NSEA,OTB_MOL_>0_0_0,,,,,,,,,,,,,,,,,,,,,,,,,,,,
NSEA,OTB_MOL_100-119_0_0,,,OTB_MOL_100-119_0_0,"ENG, FRA, SCT",646,,,,,,,,,,,,,,,,,,,,,,,
NSEA,OTB_MOL_100-119_2_35,,,,,,,,,,,,,,,,,,,,,,,,,,,,
NSEA,OTB_MOL_100-119_4_35,,,,,,,,,,,,,,,,,,,,,,,,,,,,
NSEA,OTB_MOL_16-31_0_0,,,,,,,,,,,,,,,,,,,,,,,,,,,,
NSEA,OTB_MOL_32-69_0_0,,,OTB_MOL_32-69_0_0,"ENG, FRA, NIR, SCT",8542,,,,,,,,,,,,,,,,,,,,,,,
NSEA,OTB_MOL_70-89_0_0,,,"OTB_MOL_70-89_0_0, OTB_MOL_70-99_0_0","ENG, FRA, NIR, SCT, WLS",11242,,,,,,,,,,,,,,,,,,,,,,,
NSEA,OTB_MOL_90-99_0_0,,,,,,,,,,,,,,,,,,,,,,,,,,,,
NSEA,OTB_MOL_90-99_2_35,,,,,,,,,,,,,,,,,,,,,,,,,,,,
NSEA,OTB_MOL_90-99_4_35,,,,,,,,,,,,,,,,,,,,,,,,,,,,
NSEA,OTB_SPF_<16_0_0,,,OTB_SPF_<16_0_0,FRA,7,,,,,,,,,,,,,,,,,,,,,,,
NSEA,OTB_SPF_>=120_0_0,,,OTB_SPF_>=120_0_0,"DEU, DNK, ENG, FRA, SCT",55,,,,,,,,,,,,,,,,,,,,,,,
NSEA,OTB_SPF_>0_0_0,,,OTB_SPF_0_0_0,FRA,118,,,,,,,,,,,,,,,,,,,,,,,
NSEA,OTB_SPF_100-119_0_0,,,OTB_SPF_100-119_0_0,"ENG, FRA",68,,,,,,,,,,,,,,,,,,,,,,,
NSEA,OTB_SPF_100-119_2_35,,,,,,,,,,,,,,,,,,,,,,,,,,,,
NSEA,OTB_SPF_100-119_4_35,,,,,,,,,,,,,,,,,,,,,,,,,,,,
NSEA,OTB_SPF_16-31_0_0,,,OTB_SPF_16-31_0_0,"DEU, DNK, ENG, FRA, IRL, SCT, SWE",1824,,,,,,,,,,,,,,,,,,,,,,,
NSEA,OTB_SPF_32-69_0_0,,,OTB_SPF_32-69_0_0,"DEU, DNK, ENG, FRA, IRL, NIR, SCT, SWE",3012,,,,,,,,,,,,,,,,,,,,,,,
NSEA,OTB_SPF_70-89_0_0,,,"OTB_SPF_70-89_0_0, OTB_SPF_70-99_0_0","DEU, DNK, ENG, FRA, SCT",4900,,,,,,,,,,,,,,,,,,,,,,,
NSEA,OTB_SPF_90-99_0_0,,,OTB_SPF_90-119_0_0,DNK,16,,,,,,,,,,,,,,,,,,,,,,,
NSEA,OTB_SPF_90-99_2_35,,,,,,,,,,,,,,,,,,,,,,,,,,,,
NSEA,OTB_SPF_90-99_4_35,,,,,,,,,,,,,,,,,,,,,,,,,,,,
NSEA,OTM_CEP_<16_0_0,,,,,,,,,,,,,,,,,,,,,,,,,,,,
NSEA,OTM_CEP_>=120_0_0,,,,,,,,,,,,,,,,,,,,,,,,,,,,
NSEA,OTM_CEP_>0_0_0,,,,,,,,,,,,,,,,,,,,,,,,,,,,
NSEA,OTM_CEP_100-119_0_0,,,,,,,,,,,,,,,,,,,,,,,,,,,,
NSEA,OTM_CEP_16-31_0_0,,,,,,,,,,,,,,,,,,,,,,,,,,,,
NSEA,OTM_CEP_32-69_0_0,,,,,,,,,,,,,,,,,,,,,,,,,,,,
NSEA,OTM_CEP_70-89_0_0,,,,,,,,,,,,,,,,,,,,,,,,,,,,
NSEA,OTM_CEP_90-99_0_0,,,,,,,,,,,,,,,,,,,,,,,,,,,,
NSEA,OTM_DEF_<16_0_0,,,OTM_DEF_<16_0_0,"DEU, DNK, FRA, SCT",1291,,,,,,,,,,,,,,,,,,,,,,,
NSEA,OTM_DEF_>=120_0_0,,,"OTM_DEF_>=120_0_0, OTM_DEF_>=130_0_0","DEU, DNK, ENG, LTU,  SCT",55,,,,,,,,,,,,,,,,,,,,,,,
NSEA,OTM_DEF_>0_0_0,,,OTM_DEF_0_0_0,FRA,9,,,,,,,,,,,,,,,,,,,,,,,
NSEA,OTM_DEF_100-119_0_0,,,"OTM_DEF_100-119_0_0, OTM_DEF_100-129_0_0, OTM_DEF_>=105_1_120, ","DEU, DNK, ENG, ESP, FRA, LTU, LVA, POL, PRT",859,,,,,,,,,,,,,,,,,,,,,,,
NSEA,OTM_DEF_16-31_0_0,,,OTM_DEF_16-31_0_0,"DEU, DNK, ENG, FRA, LTU",404,,,,,,,,,,,,,,,,,,,,,,,
NSEA,OTM_DEF_32-69_0_0,,,OTM_DEF_32-69_0_0,"DEU, DNK, ENG, FRA, SCT",684,,,,,,,,,,,,,,,,,,,,,,,
NSEA,OTM_DEF_70-89_0_0,,,"OTM_DEF_70-89_0_0, OTM_DEF_70-99_0_0","ENG, FRA",107,,,,,,,,,,,,,,,,,,,,,,,
NSEA,OTM_DEF_90-99_0_0,,,OTM_DEF_90-119_0_0,"DEU, DNK ",28,,,,,,,,,,,,,,,,,,,,,,,
NSEA,OTM_LPF_>=120_0_0,,,,,,,,,,,,,,,,,,,,,,,,,,,,
NSEA,OTM_LPF_>0_0_0,,,OTM_LPF_0_0_0,EST,4,,,,,,,,,,,,,,,,,,,,,,,
NSEA,OTM_LPF_100-119_0_0,,,,,,,,,,,,,,,,,,,,,,,,,,,,
NSEA,OTM_LPF_70-89_0_0,,,,,,,,,,,,,,,,,,,,,,,,,,,,
NSEA,OTM_LPF_90-99_0_0,,,,,,,,,,,,,,,,,,,,,,,,,,,,
NSEA,OTM_SPF_<16_0_0,,,OTM_SPF_<16_0_0,"ENG, SCT",9,,,,,,,,,,,,,,,,,,,,,,,
NSEA,OTM_SPF_>=120_0_0,,,OTM_SPF_>=120_0_0,"NLD, SCT",52,,,,,,,,,,,,,,,,,,,,,,,
NSEA,OTM_SPF_>0_0_0,,,OTM_SPF_0_0_0,"FRA, NLD",6,,,,,,,,,,,,,,,,,,,,,,,
NSEA,OTM_SPF_100-119_0_0,,,"OTM_SPF_100-119_0_0, OTM_SPF_100-129_0_0","ENG, FRA, LTU, NLD",57,,,,,,,,,,,,,,,,,,,,,,,
NSEA,OTM_SPF_16-31_0_0,,,OTM_SPF_16-31_0_0,"DEU, DNK, ENG, FRA, IRL, NIR, NLD, SCT, SWE",9021,,,,,,,,,,,,,,,,,,,,,,,
NSEA,OTM_SPF_32-69_0_0,,,"OTM_SPF_32-69_0_0, OTM_SPF_40-59_0_0","DEU, DNK, ENG, FRA, IRL, LTU, NIR, NLD, SCT, SWE",17179,,,,,,,,,,,,,,,,,,,,,,,
NSEA,OTM_SPF_70-89_0_0,,,"OTM_SPF_70-89_0_0, OTM_SPF_70-99_0_0","ENG, FRA, NIR, NLD, SCT",1218,,,,,,,,,,,,,,,,,,,,,,,
NSEA,OTM_SPF_90-99_0_0,,,"OTM_SPF_90-100_0_0, OTM_SPF_90-119_0_0","DNK, PRT",25,,,,,,,,,,,,,,,,,,,,,,,
NSEA,OTT_CRU_<16_0_0,,,OTT_CRU_<16_0_0,SCT,2,,,,,,,,,,,,,,,,,,,,,,,
NSEA,OTT_CRU_>=120_0_0,,,"OTT_CRU_>=120_0_0, OTT_CRU_>=120_1_120","ENG, NIR, SCT, SWE",69,,,,,,,,,,,,,,,,,,,,,,,
NSEA,OTT_CRU_>0_0_0,,,OTT_CRU_0_0_0,FRA,69,,,,,,,,,,,,,,,,,,,,,,,
NSEA,OTT_CRU_100-119_0_0,,,OTT_CRU_100-119_0_0,"ENG, FRA, NIR, SCT",1353,,,,,,,,,,,,,,,,,,,,,,,
NSEA,OTT_CRU_100-119_1_120,,,,,,,,,,,,,,,,,,,,,,,,,,,,
NSEA,OTT_CRU_100-119_1_140,,,,,,,,,,,,,,,,,,,,,,,,,,,,
NSEA,OTT_CRU_100-119_1_180,,,,,,,,,,,,,,,,,,,,,,,,,,,,
NSEA,OTT_CRU_100-119_1_270,,,,,,,,,,,,,,,,,,,,,,,,,,,,
NSEA,OTT_CRU_100-119_1_300,,,,,,,,,,,,,,,,,,,,,,,,,,,,
NSEA,OTT_CRU_100-119_2_35,,,,,,,,,,,,,,,,,,,,,,,,,,,,
NSEA,OTT_CRU_100-119_4_35,,,,,,,,,,,,,,,,,,,,,,,,,,,,
NSEA,OTT_CRU_16-31_0_0,,,,,,,,,,,,,,,,,,,,,,,,,,,,
NSEA,OTT_CRU_32-69_0_0,,,,,,,,,,,,,,,,,,,,,,,,,,,,
NSEA,OTT_CRU_32-69_2_22,,,,,,,,,,,,,,,,,,,,,,,,,,,,
NSEA,OTT_CRU_70-89_0_0,,,"OTT_CRU_70-89_0_0, OTT_CRU_70-99_0_0","DEU, ENG, FRA, NIR, SCT",7008,,,,,,,,,,,,,,,,,,,,,,,
NSEA,OTT_CRU_70-89_2_35,,,OTT_CRU_70-89_2_35,SWE,17733,,,,,,,,,,,,,,,,,,,,,,,
NSEA,OTT_CRU_90-99_0_0,,,OTT_CRU_90-119_0_0,SWE,1668,,,,,,,,,,,,,,,,,,,,,,,
NSEA,OTT_CRU_90-99_1_120,,,OTT_CRU_90-119_1_120,SWE,1532,,,,,,,,,,,,,,,,,,,,,,,
NSEA,OTT_CRU_90-99_1_140,,,OTT_CRU_90-119_1_140,SWE,48,,,,,,,,,,,,,,,,,,,,,,,
NSEA,OTT_CRU_90-99_1_180,,,,,,,,,,,,,,,,,,,,,,,,,,,,
NSEA,OTT_CRU_90-99_1_270,,,,,,,,,,,,,,,,,,,,,,,,,,,,
NSEA,OTT_CRU_90-99_1_300,,,OTT_CRU_90-119_1_300,SWE,61,,,,,,,,,,,,,,,,,,,,,,,
NSEA,OTT_CRU_90-99_2_35,,,,,,,,,,,,,,,,,,,,,,,,,,,,
NSEA,OTT_CRU_90-99_4_35,,,,,,,,,,,,,,,,,,,,,,,,,,,,
NSEA,OTT_DEF_<16_0_0,,,,,,,,,,,,,,,,,,,,,,,,,,,,
NSEA,OTT_DEF_>=120_0_0,,,"OTT_DEF_>=120_0_0, OTT_DEF_>=120_1_120","ENG, NIR, NLD, SCT, SWE",5207,,,,,,,,,,,,,,,,,,,,,,,
NSEA,OTT_DEF_>0_0_0,,,,,,,,,,,,,,,,,,,,,,,,,,,,
NSEA,OTT_DEF_100-119_0_0,,,OTT_DEF_100-119_0_0,"DEU, ENG, FRA, NIR, NLD, SCT",994,,,,,,,,,,,,,,,,,,,,,,,
NSEA,OTT_DEF_100-119_1_120,,,,,,,,,,,,,,,,,,,,,,,,,,,,
NSEA,OTT_DEF_100-119_1_140,,,,,,,,,,,,,,,,,,,,,,,,,,,,
NSEA,OTT_DEF_100-119_1_180,,,,,,,,,,,,,,,,,,,,,,,,,,,,
NSEA,OTT_DEF_100-119_1_270,,,,,,,,,,,,,,,,,,,,,,,,,,,,
NSEA,OTT_DEF_100-119_1_300,,,,,,,,,,,,,,,,,,,,,,,,,,,,
NSEA,OTT_DEF_100-119_2_35,,,,,,,,,,,,,,,,,,,,,,,,,,,,
NSEA,OTT_DEF_100-119_4_35,,,,,,,,,,,,,,,,,,,,,,,,,,,,
NSEA,OTT_DEF_16-31_0_0,,,OTT_DEF_16-31_0_0,NLD ,1,,,,,,,,,,,,,,,,,,,,,,,
NSEA,OTT_DEF_32-69_0_0,,,OTT_DEF_32-69_0_0,FRA,3,,,,,,,,,,,,,,,,,,,,,,,
NSEA,OTT_DEF_70-89_0_0,,,"OTT_DEF_70-89_0_0, OTT_DEF_70-99_0_0","DEU, ENG, FRA, NIR, NLD, SCT",9492,,,,,,,,,,,,,,,,,,,,,,,
NSEA,OTT_DEF_90-99_0_0,,,OTT_DEF_90-119_0_0,"NLD, SWE",1358,,,,,,,,,,,,,,,,,,,,,,,
NSEA,OTT_DEF_90-99_1_120,,,OTT_DEF_90-119_1_120,SWE,2418,,,,,,,,,,,,,,,,,,,,,,,
NSEA,OTT_DEF_90-99_1_140,,,OTT_DEF_90-119_1_140,SWE,314,,,,,,,,,,,,,,,,,,,,,,,
NSEA,OTT_DEF_90-99_1_180,,,,,,,,,,,,,,,,,,,,,,,,,,,,
NSEA,OTT_DEF_90-99_1_270,,,,,,,,,,,,,,,,,,,,,,,,,,,,
NSEA,OTT_DEF_90-99_1_300,,,OTT_DEF_90-119_1_300,SWE,87,,,,,,,,,,,,,,,,,,,,,,,
NSEA,OTT_DEF_90-99_2_35,,,,,,,,,,,,,,,,,,,,,,,,,,,,
NSEA,OTT_DEF_90-99_4_35,,,,,,,,,,,,,,,,,,,,,,,,,,,,
NSEA,OTT_MCD_>=120_0_0,,,OTT_MCD_>=120_0_0,"NLD, SWE",28,,,,,,,,,,,,,,,,,,,,,,,
NSEA,OTT_MCD_>0_0_0,,,OTT_MCD_0_0_0,NLD,1,,,,,,,,,,,,,,,,,,,,,,,
NSEA,OTT_MCD_100-119_0_0,,,OTT_MCD_100-119_0_0,NLD,21,,,,,,,,,,,,,,,,,,,,,,,
NSEA,OTT_MCD_100-119_1_120,,,,,,,,,,,,,,,,,,,,,,,,,,,,
NSEA,OTT_MCD_100-119_1_140,,,,,,,,,,,,,,,,,,,,,,,,,,,,
NSEA,OTT_MCD_100-119_1_180,,,,,,,,,,,,,,,,,,,,,,,,,,,,
NSEA,OTT_MCD_100-119_1_270,,,,,,,,,,,,,,,,,,,,,,,,,,,,
NSEA,OTT_MCD_100-119_1_300,,,,,,,,,,,,,,,,,,,,,,,,,,,,
NSEA,OTT_MCD_100-119_2_35,,,,,,,,,,,,,,,,,,,,,,,,,,,,
NSEA,OTT_MCD_100-119_4_35,,,,,,,,,,,,,,,,,,,,,,,,,,,,
NSEA,OTT_MCD_32-69_0_0,,,,,,,,,,,,,,,,,,,,,,,,,,,,
NSEA,OTT_MCD_70-89_0_0,,,OTT_MCD_70-99_0_0,NLD,1756,,,,,,,,,,,,,,,,,,,,,,,
NSEA,OTT_MCD_90-99_0_0,,,OTT_MCD_90-119_0_0,SWE,2433,,,,,,,,,,,,,,,,,,,,,,,
NSEA,OTT_MCD_90-99_1_120,,,OTT_MCD_90-119_1_120,SWE,2913,,,,,,,,,,,,,,,,,,,,,,,
NSEA,OTT_MCD_90-99_1_140,,,OTT_MCD_90-119_1_140,SWE,195,,,,,,,,,,,,,,,,,,,,,,,
NSEA,OTT_MCD_90-99_1_180,,,,,,,,,,,,,,,,,,,,,,,,,,,,
NSEA,OTT_MCD_90-99_1_270,,,,,,,,,,,,,,,,,,,,,,,,,,,,
NSEA,OTT_MCD_90-99_1_300,,,OTT_MCD_90-119_1_300,SWE,83,,,,,,,,,,,,,,,,,,,,,,,
NSEA,OTT_MCD_90-99_2_35,,,,,,,,,,,,,,,,,,,,,,,,,,,,
NSEA,OTT_MCD_90-99_4_35,,,,,,,,,,,,,,,,,,,,,,,,,,,,
NSEA,OTT_MOL_>=120_0_0,,,OTT_MOL_>=120_0_0,SCT,4,,,,,,,,,,,,,,,,,,,,,,,
NSEA,OTT_MOL_>0_0_0,,,,,,,,,,,,,,,,,,,,,,,,,,,,
NSEA,OTT_MOL_100-119_0_0,,,OTT_MOL_100-119_0_0,SCT,11,,,,,,,,,,,,,,,,,,,,,,,
NSEA,OTT_MOL_100-119_2_35,,,,,,,,,,,,,,,,,,,,,,,,,,,,
NSEA,OTT_MOL_100-119_4_35,,,,,,,,,,,,,,,,,,,,,,,,,,,,
NSEA,OTT_MOL_16-31_0_0,,,,,,,,,,,,,,,,,,,,,,,,,,,,
NSEA,OTT_MOL_32-69_0_0,,,OTT_MOL_32-69_0_0,SCT,118,,,,,,,,,,,,,,,,,,,,,,,
NSEA,OTT_MOL_70-89_0_0,,,OTT_MOL_70-99_0_0,"ENG, SCT",52,,,,,,,,,,,,,,,,,,,,,,,
NSEA,OTT_MOL_90-99_0_0,,,,,,,,,,,,,,,,,,,,,,,,,,,,
NSEA,OTT_MOL_90-99_2_35,,,,,,,,,,,,,,,,,,,,,,,,,,,,
NSEA,OTT_MOL_90-99_4_35,,,,,,,,,,,,,,,,,,,,,,,,,,,,
NSEA,PS_SPF_>=120_0_0,,,PS_SPF_>=120_0_0,NLD,10,,,,,,,,,,,,,,,,,,,,,,,
NSEA,PS_SPF_>0_0_0,,,"PS_SPF_>0_0_0, PS_SPF_0_0_0","NIR, NLD, SCT",36,,,,,,,,,,,,,,,,,,,,,,,
NSEA,PS_SPF_100-119_0_0,,,PS_SPF_100-119_0_0,NLD,898,,,,,,,,,,,,,,,,,,,,,,,
NSEA,PS_SPF_16-31_0_0,,,PS_SPF_16-31_0_0,"DNK, NLD, SCT, SWE",900,,,,,,,,,,,,,,,,,,,,,,,
NSEA,PS_SPF_32-69_0_0,,,PS_SPF_32-69_0_0,"DNK, NLD, SCT, SWE",625,,,,,,,,,,,,,,,,,,,,,,,
NSEA,PS_SPF_70-89_0_0,,,PS_SPF_70-99_0_0,NLD,657,,,,,,,,,,,,,,,,,,,,,,,
NSEA,PS_SPF_90-99_0_0,,,,,,,,,,,,,,,,,,,,,,,,,,,,
NSEA,PTB_CRU_>=120_0_0,,,PTB_CRU_>=120_0_0,"DNK, ENG, SCT",10,,,,,,,,,,,,,,,,,,,,,,,
NSEA,PTB_CRU_>0_0_0,,,,,,,,,,,,,,,,,,,,,,,,,,,,
NSEA,PTB_CRU_100-119_0_0,,,,,,,,,,,,,,,,,,,,,,,,,,,,
NSEA,PTB_CRU_100-119_1_120,,,,,,,,,,,,,,,,,,,,,,,,,,,,
NSEA,PTB_CRU_100-119_1_140,,,,,,,,,,,,,,,,,,,,,,,,,,,,
NSEA,PTB_CRU_100-119_1_180,,,,,,,,,,,,,,,,,,,,,,,,,,,,
NSEA,PTB_CRU_100-119_1_270,,,,,,,,,,,,,,,,,,,,,,,,,,,,
NSEA,PTB_CRU_100-119_1_300,,,,,,,,,,,,,,,,,,,,,,,,,,,,
NSEA,PTB_CRU_100-119_2_35,,,,,,,,,,,,,,,,,,,,,,,,,,,,
NSEA,PTB_CRU_100-119_4_35,,,,,,,,,,,,,,,,,,,,,,,,,,,,
NSEA,PTB_CRU_16-31_0_0,,,PTB_CRU_16-31_0_0,"DNK, ENG",21,,,,,,,,,,,,,,,,,,,,,,,
NSEA,PTB_CRU_32-69_0_0,,,PTB_CRU_32-69_0_0,SCT,13,,,,,,,,,,,,,,,,,,,,,,,
NSEA,PTB_CRU_70-89_0_0,,,PTB_CRU_70-99_0_0,"DNK, ENG, SCT",21,,,,,,,,,,,,,,,,,,,,,,,
NSEA,PTB_CRU_90-99_0_0,,,,,,,,,,,,,,,,,,,,,,,,,,,,
NSEA,PTB_CRU_90-99_1_120,,,,,,,,,,,,,,,,,,,,,,,,,,,,
NSEA,PTB_CRU_90-99_1_140,,,PTB_CRU_90-119_0_0,DNK,106,,,,,,,,,,,,,,,,,,,,,,,
NSEA,PTB_CRU_90-99_1_180,,,,,,,,,,,,,,,,,,,,,,,,,,,,
NSEA,PTB_CRU_90-99_1_270,,,,,,,,,,,,,,,,,,,,,,,,,,,,
NSEA,PTB_CRU_90-99_1_300,,,,,,,,,,,,,,,,,,,,,,,,,,,,
NSEA,PTB_CRU_90-99_2_35,,,,,,,,,,,,,,,,,,,,,,,,,,,,
NSEA,PTB_CRU_90-99_4_35,,,,,,,,,,,,,,,,,,,,,,,,,,,,
NSEA,PTB_DEF_<16_0_0,,,PTB_DEF_<16_0_0,"DNK, NLD, SCT",590,,,,,,,,,,,,,,,,,,,,,,,
NSEA,PTB_DEF_>=120_0_0,,,PTB_DEF_>=120_0_0,"DEU, DNK, ENG, FRA, NLD, POL, SCT, SWE",8419,,,,,,,,,,,,,,,,,,,,,,,
NSEA,PTB_DEF_>0_0_0,,,,,,,,,,,,,,,,,,,,,,,,,,,,
NSEA,PTB_DEF_100-119_0_0,,,PTB_DEF_100-119_0_0,"DNK, ENG, FRA, NLD, SCT",217,,,,,,,,,,,,,,,,,,,,,,,
NSEA,PTB_DEF_100-119_1_120,,,,,,,,,,,,,,,,,,,,,,,,,,,,
NSEA,PTB_DEF_100-119_1_140,,,,,,,,,,,,,,,,,,,,,,,,,,,,
NSEA,PTB_DEF_100-119_1_180,,,,,,,,,,,,,,,,,,,,,,,,,,,,
NSEA,PTB_DEF_100-119_1_270,,,,,,,,,,,,,,,,,,,,,,,,,,,,
NSEA,PTB_DEF_100-119_1_300,,,,,,,,,,,,,,,,,,,,,,,,,,,,
NSEA,PTB_DEF_100-119_2_35,,,,,,,,,,,,,,,,,,,,,,,,,,,,
NSEA,PTB_DEF_100-119_4_35,,,,,,,,,,,,,,,,,,,,,,,,,,,,
NSEA,PTB_DEF_16-31_0_0,,,PTB_DEF_16-31_0_0,"DNK, NLD ",15,,,,,,,,,,,,,,,,,,,,,,,
NSEA,PTB_DEF_32-69_0_0,,,PTB_DEF_32-69_0_0,FRA,11,,,,,,,,,,,,,,,,,,,,,,,
NSEA,PTB_DEF_70-89_0_0,,,"PTB_DEF_70-89_0_0, PTB_DEF_70-99_0_0","DNK, ENG, FRA, NLD, SCT",1719,,,,,,,,,,,,,,,,,,,,,,,
NSEA,PTB_DEF_90-99_0_0,,,PTB_DEF_90-119_0_0,"DNK, SWE",47,,,,,,,,,,,,,,,,,,,,,,,
NSEA,PTB_DEF_90-99_1_120,,,,,,,,,,,,,,,,,,,,,,,,,,,,
NSEA,PTB_DEF_90-99_1_140,,,,,,,,,,,,,,,,,,,,,,,,,,,,
NSEA,PTB_DEF_90-99_1_180,,,,,,,,,,,,,,,,,,,,,,,,,,,,
NSEA,PTB_DEF_90-99_1_270,,,,,,,,,,,,,,,,,,,,,,,,,,,,
NSEA,PTB_DEF_90-99_1_300,,,,,,,,,,,,,,,,,,,,,,,,,,,,
NSEA,PTB_DEF_90-99_2_35,,,,,,,,,,,,,,,,,,,,,,,,,,,,
NSEA,PTB_DEF_90-99_4_35,,,,,,,,,,,,,,,,,,,,,,,,,,,,
NSEA,PTB_SPF_>=120_0_0,,,PTB_SPF_>=120_0_0,"DNK, SCT",3,,,,,,,,,,,,,,,,,,,,,,,
NSEA,PTB_SPF_>0_0_0,,,,,,,,,,,,,,,,,,,,,,,,,,,,
NSEA,PTB_SPF_100-119_0_0,,,PTB_SPF_100-119_0_0,ENG,1,,,,,,,,,,,,,,,,,,,,,,,
NSEA,PTB_SPF_16-31_0_0,,,PTB_SPF_16-31_0_0,DNK,667,,,,,,,,,,,,,,,,,,,,,,,
NSEA,PTB_SPF_32-69_0_0,,,PTB_SPF_32-69_0_0,"DEU, DNK",123,,,,,,,,,,,,,,,,,,,,,,,
NSEA,PTB_SPF_70-89_0_0,,,PTB_SPF_70-99_0_0,ENG,6,,,,,,,,,,,,,,,,,,,,,,,
NSEA,PTB_SPF_90-99_0_0,,,,,,,,,,,,,,,,,,,,,,,,,,,,
NSEA,PTM_DEF_<16_0_0,,,PTM_DEF_<16_0_0,DNK,241,,,,,,,,,,,,,,,,,,,,,,,
NSEA,PTM_DEF_>=120_0_0,,,PTM_DEF_>=120_0_0,"DNK, SCT",10,,,,,,,,,,,,,,,,,,,,,,,
NSEA,PTM_DEF_>0_0_0,,,PTM_DEF_0_0_0,FRA,12,,,,,,,,,,,,,,,,,,,,,,,
NSEA,PTM_DEF_100-119_0_0,,,PTM_DEF_100-119_0_0,FRA,1404,,,,,,,,,,,,,,,,,,,,,,,
NSEA,PTM_DEF_16-31_0_0,,,PTM_DEF_16-31_0_0,"DNK, FRA",53,,,,,,,,,,,,,,,,,,,,,,,
NSEA,PTM_DEF_32-69_0_0,,,PTM_DEF_32-69_0_0,"DNK, FRA",141,,,,,,,,,,,,,,,,,,,,,,,
NSEA,PTM_DEF_70-89_0_0,,,"PTM_DEF_70-89_0_0, PTM_DEF_70-99_0_0",FRA,112,,,,,,,,,,,,,,,,,,,,,,,
NSEA,PTM_DEF_90-99_0_0,,,PTM_DEF_90-119_0_0,DNK,1,,,,,,,,,,,,,,,,,,,,,,,
NSEA,PTM_LPF_>=120_0_0,,,,,,,,,,,,,,,,,,,,,,,,,,,,
NSEA,PTM_LPF_>0_0_0,,,"PTM_LPF_>0_0_0, PTM_LPF_0_0_0","FRA, IRL",8005,,,,,,,,,,,,,,,,,,,,,,,
NSEA,PTM_LPF_100-119_0_0,,,PTM_LPF_100-119_0_0,FRA,38,,,,,,,,,,,,,,,,,,,,,,,
NSEA,PTM_LPF_70-89_0_0,,,,,,,,,,,,,,,,,,,,,,,,,,,,
NSEA,PTM_LPF_90-99_0_0,,,,,,,,,,,,,,,,,,,,,,,,,,,,
NSEA,PTM_SPF_>=120_0_0,,,PTM_SPF_>=120_0_0,DNK,3,,,,,,,,,,,,,,,,,,,,,,,
NSEA,PTM_SPF_>0_0_0,,,PTM_SPF_0_0_0,"BEL, IRL",13,,,,,,,,,,,,,,,,,,,,,,,
NSEA,PTM_SPF_100-119_0_0,,,PTM_SPF_100-119_0_0,"FRA, NLD",7,,,,,,,,,,,,,,,,,,,,,,,
NSEA,PTM_SPF_16-31_0_0,,,PTM_SPF_16-31_0_0,"DEU, DNK, ENG, FRA, NLD, SWE",4960,,,,,,,,,,,,,,,,,,,,,,,
NSEA,PTM_SPF_32-69_0_0,,,PTM_SPF_32-69_0_0,"DEU, DNK, ENG, FRA, IRL, NIR, NLD, SCT, SWE",34031,,,,,,,,,,,,,,,,,,,,,,,
NSEA,PTM_SPF_70-89_0_0,,,"PTM_SPF_70-89_0_0, PTM_SPF_70-99_0_0",FRA ,82,,,,,,,,,,,,,,,,,,,,,,,
NSEA,PTM_SPF_90-99_0_0,,,,,,,,,,,,,,,,,,,,,,,,,,,,
NSEA,SB_DEF_>0_0_0,,,,,,,,,,,,,,,,,,,,,,,,,,,,
NSEA,SB_FIF_>0_0_0,,,SB_FIF_>0_0_0,"ENG, SWE",1077,,,,,,,,,,,,,,,,,,,,,,,
NSEA,SDN_CEP_<16_0_0,,,,,,,,,,,,,,,,,,,,,,,,,,,,
NSEA,SDN_CEP_>=120_0_0,,,,,,,,,,,,,,,,,,,,,,,,,,,,
NSEA,SDN_CEP_>0_0_0,,,,,,,,,,,,,,,,,,,,,,,,,,,,
NSEA,SDN_CEP_100-119_0_0,,,,,,,,,,,,,,,,,,,,,,,,,,,,
NSEA,SDN_CEP_16-31_0_0,,,,,,,,,,,,,,,,,,,,,,,,,,,,
NSEA,SDN_CEP_32-69_0_0,,,,,,,,,,,,,,,,,,,,,,,,,,,,
NSEA,SDN_CEP_70-89_0_0,,,,,,,,,,,,,,,,,,,,,,,,,,,,
NSEA,SDN_CEP_90-99_0_0,,,,,,,,,,,,,,,,,,,,,,,,,,,,
NSEA,SDN_DEF_<16_0_0,,,SDN_DEF_<16_0_0,DNK,4,,,,,,,,,,,,,,,,,,,,,,,
NSEA,SDN_DEF_>=120_0_0,,,SDN_DEF_>=120_0_0,"DEU, DNK, FRA, NLD, SCT, SWE",11666,,,,,,,,,,,,,,,,,,,,,,,
NSEA,SDN_DEF_>0_0_0,,,SDN_DEF_>0_0_0,"BEL, FRA",640,,,,,,,,,,,,,,,,,,,,,,,
NSEA,SDN_DEF_100-119_0_0,,,SDN_DEF_100-119_0_0,"DNK, FRA, NLD",348,,,,,,,,,,,,,,,,,,,,,,,
NSEA,SDN_DEF_100-119_1_120,,,,,,,,,,,,,,,,,,,,,,,,,,,,
NSEA,SDN_DEF_100-119_1_140,,,,,,,,,,,,,,,,,,,,,,,,,,,,
NSEA,SDN_DEF_100-119_1_180,,,,,,,,,,,,,,,,,,,,,,,,,,,,
NSEA,SDN_DEF_100-119_1_270,,,,,,,,,,,,,,,,,,,,,,,,,,,,
NSEA,SDN_DEF_100-119_1_300,,,,,,,,,,,,,,,,,,,,,,,,,,,,
NSEA,SDN_DEF_16-31_0_0,,,SDN_DEF_16-31_0_0,"DNK, SCT",2,,,,,,,,,,,,,,,,,,,,,,,
NSEA,SDN_DEF_32-69_0_0,,,SDN_DEF_32-69_0_0,FRA ,62,,,,,,,,,,,,,,,,,,,,,,,
NSEA,SDN_DEF_70-89_0_0,,,"SDN_DEF_70-89_0_0, SDN_DEF_70-99_0_0","BEL, FRA, NLD",933,,,,,,,,,,,,,,,,,,,,,,,
NSEA,SDN_DEF_90-99_0_0,,,SDN_DEF_90-119_0_0,"DNK, SWE",7166,,,,,,,,,,,,,,,,,,,,,,,
NSEA,SDN_DEF_90-99_1_120,,,,,,,,,,,,,,,,,,,,,,,,,,,,
NSEA,SDN_DEF_90-99_1_140,,,,,,,,,,,,,,,,,,,,,,,,,,,,
NSEA,SDN_DEF_90-99_1_180,,,,,,,,,,,,,,,,,,,,,,,,,,,,
NSEA,SDN_DEF_90-99_1_270,,,,,,,,,,,,,,,,,,,,,,,,,,,,
NSEA,SDN_DEF_90-99_1_300,,,,,,,,,,,,,,,,,,,,,,,,,,,,
NSEA,SDN_SPF_<16_0_0,,,,,,,,,,,,,,,,,,,,,,,,,,,,
NSEA,SDN_SPF_>=120_0_0,,,,,,,,,,,,,,,,,,,,,,,,,,,,
NSEA,SDN_SPF_>0_0_0,,,,,,,,,,,,,,,,,,,,,,,,,,,,
NSEA,SDN_SPF_100-119_0_0,,,,,,,,,,,,,,,,,,,,,,,,,,,,
NSEA,SDN_SPF_16-31_0_0,,,,,,,,,,,,,,,,,,,,,,,,,,,,
NSEA,SDN_SPF_32-69_0_0,,,,,,,,,,,,,,,,,,,,,,,,,,,,
NSEA,SDN_SPF_70-89_0_0,,,,,,,,,,,,,,,,,,,,,,,,,,,,
NSEA,SDN_SPF_90-99_0_0,,,,,,,,,,,,,,,,,,,,,,,,,,,,
NSEA,SSC_DEF_<16_0_0,,,SSC_DEF_<16_0_0,"ENG, SCT",30,,,,,,,,,,,,,,,,,,,,,,,
NSEA,SSC_DEF_>=120_0_0,,,SSC_DEF_>=120_0_0,"BEL, DEU, DNK, ENG, NIR; NLD, SCT",11692,,,,,,,,,,,,,,,,,,,,,,,
NSEA,SSC_DEF_>0_0_0,,,,,,,,,,,,,,,,,,,,,,,,,,,,
NSEA,SSC_DEF_100-119_0_0,,,SSC_DEF_100-119_0_0,"BEL, DNK, ENG, IRL, NLD, SCT",3150,,,,,,,,,,,,,,,,,,,,,,,
NSEA,SSC_DEF_100-119_1_120,,,,,,,,,,,,,,,,,,,,,,,,,,,,
NSEA,SSC_DEF_100-119_1_140,,,,,,,,,,,,,,,,,,,,,,,,,,,,
NSEA,SSC_DEF_100-119_1_180,,,,,,,,,,,,,,,,,,,,,,,,,,,,
NSEA,SSC_DEF_100-119_1_270,,,,,,,,,,,,,,,,,,,,,,,,,,,,
NSEA,SSC_DEF_100-119_1_300,,,,,,,,,,,,,,,,,,,,,,,,,,,,
NSEA,SSC_DEF_16-31_0_0,,,,,,,,,,,,,,,,,,,,,,,,,,,,
NSEA,SSC_DEF_32-69_0_0,,,SSC_DEF_32-69_0_0,"ENG, NLD, SCT",11,,,,,,,,,,,,,,,,,,,,,,,
NSEA,SSC_DEF_70-89_0_0,,,SSC_DEF_70-99_0_0,"BEL, DNK, ENG; NLD, SCT",10646,,,,,,,,,,,,,,,,,,,,,,,
NSEA,SSC_DEF_90-99_0_0,,,SSC_DEF_90-119_0_0,"DNK, NLD",11,,,,,,,,,,,,,,,,,,,,,,,
NSEA,SSC_DEF_90-99_1_120,,,,,,,,,,,,,,,,,,,,,,,,,,,,
NSEA,SSC_DEF_90-99_1_140,,,,,,,,,,,,,,,,,,,,,,,,,,,,
NSEA,SSC_DEF_90-99_1_180,,,,,,,,,,,,,,,,,,,,,,,,,,,,
NSEA,SSC_DEF_90-99_1_270,,,,,,,,,,,,,,,,,,,,,,,,,,,,
NSEA,SSC_DEF_90-99_1_300,,,,,,,,,,,,,,,,,,,,,,,,,,,,
NSEA,TBB_CEP_<16_0_0,,,,,,,,,,,,,,,,,,,,,,,,,,,,
NSEA,TBB_CEP_>=120_0_0,,,,,,,,,,,,,,,,,,,,,,,,,,,,
NSEA,TBB_CEP_>0_0_0,,,,,,,,,,,,,,,,,,,,,,,,,,,,
NSEA,TBB_CEP_100-119_0_0,,,,,,,,,,,,,,,,,,,,,,,,,,,,
NSEA,TBB_CEP_16-31_0_0,,,,,,,,,,,,,,,,,,,,,,,,,,,,
NSEA,TBB_CEP_32-69_0_0,,,,,,,,,,,,,,,,,,,,,,,,,,,,
NSEA,TBB_CEP_70-89_0_0,,,,,,,,,,,,,,,,,,,,,,,,,,,,
NSEA,TBB_CEP_90-99_0_0,,,,,,,,,,,,,,,,,,,,,,,,,,,,
NSEA,TBB_CRU_<16_0_0,,,TBB_CRU_<16_0_0,"DEU, ENG, SCT",40,,,,,,,,,,,,,,,,,,,,,,,
NSEA,TBB_CRU_>=120_0_0,,,TBB_CRU_>=120_0_0,"DEU, DNK, SCT",26,,,,,,,,,,,,,,,,,,,,,,,
NSEA,TBB_CRU_>0_0_0,,,TBB_CRU_0_0_0,FRA,19,,,,,,,,,,,,,,,,,,,,,,,
NSEA,TBB_CRU_100-119_0_0,,,TBB_CRU_100-119_0_0,ENG,20,,,,,,,,,,,,,,,,,,,,,,,
NSEA,TBB_CRU_16-31_0_0,,,TBB_CRU_16-31_0_0,"BEL, DEU, DNK, ENG, FRA, NLD",202021,,,,,,,,,,,,,,,,,,,,,,,
NSEA,TBB_CRU_32-69_0_0,,,TBB_CRU_32-69_0_0,"DNK, LTU, SCT",43,,,,,,,,,,,,,,,,,,,,,,,
NSEA,TBB_CRU_70-89_0_0,,,"TBB_CRU_70-89_0_0, TBB_CRU_70-99_0_0","DEU, DNK, ENG, FRA, SCT",298,,,,,,,,,,,,,,,,,,,,,,,
NSEA,TBB_CRU_90-99_0_0,,,,,,,,,,,,,,,,,,,,,,,,,,,,
NSEA,TBB_DEF_<16_0_0,,,TBB_DEF_<16_0_0,"DEU, DNK, ENG, NLD, SCT",462,,,,,,,,,,,,,,,,,,,,,,,
NSEA,TBB_DEF_>0_0_0,,,TBB_DEF_0_0_0,"DEU, FRA, NLD",49,,,,,,,,,,,,,,,,,,,,,,,
NSEA,TBB_DEF_>120_0_0,,,TBB_DEF_>=120_0_0,"BEL, DNK, ENG, NLD, SCT",12857,,,,,,,,,,,,,,,,,,,,,,,
NSEA,TBB_DEF_100-119_0_0,,,TBB_DEF_100-119_0_0,"BEL, DEU, DNK, ENG, FRA, NLD, SCT",3906,,,,,,,,,,,,,,,,,,,,,,,
NSEA,TBB_DEF_16-31_0_0,,,TBB_DEF_16-31_0_0,"DEU, DNK, ENG, FRA, NLD",60516,,,,,,,,,,,,,,,,,,,,,,,
NSEA,TBB_DEF_32-69_0_0,,,TBB_DEF_32-69_0_0,"DEU, ENG, FRA, NLD, SCT",76,,,,,,,,,,,,,,,,,,,,,,,
NSEA,TBB_DEF_70-89_0_0,,,"TBB_DEF_70-89_0_0, TBB_DEF_70-99_0_0","BEL, DEU, DNK, ENG, FRA, NLD, SCT, WLS",125262,,,,,,,,,,,,,,,,,,,,,,,
NSEA,TBB_DEF_90-99_0_0,,,TBB_DEF_90-119_0_0,"DNK, NLD",123,,,,,,,,,,,,,,,,,,,,,,,
NSEA,TBB_MCD_>=120_0_0,,,TBB_MCD_>=120_0_0,NLD,1,,,,,,,,,,,,,,,,,,,,,,,
NSEA,TBB_MCD_>0_0_0,,,,,,,,,,,,,,,,,,,,,,,,,,,,
NSEA,TBB_MCD_100-119_0_0,,,,,,,,,,,,,,,,,,,,,,,,,,,,
NSEA,TBB_MCD_16-31_0_0,,,TBB_MCD_16-31_0_0,NLD,1,,,,,,,,,,,,,,,,,,,,,,,
NSEA,TBB_MCD_32-69_0_0,,,,,,,,,,,,,,,,,,,,,,,,,,,,
NSEA,TBB_MCD_70-89_0_0,,,TBB_MCD_70-99_0_0,NLD,41,,,,,,,,,,,,,,,,,,,,,,,
NSEA,TBB_MCD_90-99_0_0,,,,,,,,,,,,,,,,,,,,,,,,,,,,
NSEA,TBB_MOL_>0_0_0,,,TBB_MOL_0_0_0,DEU,161,,,,,,,,,,,,,,,,,,,,,,,
