"Order","Data","Catch_group","Section","Section_name","Subsection","Subsection_name","Subsubsection","Subsubsection_name","Filter_var","Filter","Grouped","Graph_group","Graph_type","Graph_name","Graph_variant","type_of_threshold","value_of_threshold","Var","var1","var2","tapply_type","proportion","sorted","graph_par","legend_par","var","groupBy","groupBy2","facet","func","points_coord","plot_labels","newVarName","addExtraShp","extraShp","addToTitle","color_palette","filter_ON","filter_column","filter_type","filter_threshold","filter_func","filter_facet","png_name","txt_name","png_dir","txt_dir","height","width"
1,"CL","NULL",2,"Landings (CL)","2.1","Overall landings","2.1.1","Landings by country","","",FALSE,1,1,"barplot","","NULL","NULL","LandingWeight_1000ton","FlagCountry","NULL","sum",FALSE,TRUE,"list(oma = c(6,1,1,1), mai = c(1,1,.5,.5), ylab_line=4, col=""colour4"", new=F, mfrow=c(1,1))","NULL","","","","","","",NA,"",NA,"","","",NA,"","",NA,"","","2.1.1_1","2.1.1_1","outputs\RCG_NA\Annual_Overview\figures","outputs\RCG_NA\Annual_Overview\tables",5,8
2,"CL","NULL",2,"Landings (CL)","2.1","Overall landings","2.1.2","Landings by species","","",FALSE,2,1,"barplot","","cum_percent","95","LandingWeight_1000ton","Species","NULL","sum",FALSE,TRUE,"list(oma = c(6,1,1,1), mai = c(1,1,.5,.5), ylab_line=4, col=""colour4"", new=F)","NULL","","","","","","",NA,"",NA,"","","",NA,"","",NA,"","","2.1.2_1","2.1.2_1","outputs\RCG_NA\Annual_Overview\figures","outputs\RCG_NA\Annual_Overview\tables",5,8
3,"CL","NULL",2,"Landings (CL)","2.1","Overall landings","2.1.2","Landings by species","","",FALSE,3,2,"barplot","","cum_percent","95","LandingWeight_1000ton","Species","FlagCountry","sum",TRUE,TRUE,"list(oma = c(4,1,1,5), mai = c(1,1,0.7,1), ylab_line=4, col=""colour4"", cex.x=0.8)","list(x=max(bar.coords)+diff(bar.coords)[1]/1.5, y=max(apply(t1,2,sum)), xjust=0, yjust=1, cex=0.7)","","","","","","",NA,"",NA,"","","",NA,"","",NA,"","","2.1.2_2","2.1.2_2","outputs\RCG_NA\Annual_Overview\figures","outputs\RCG_NA\Annual_Overview\tables",5,8
4,"CL","NULL",2,"Landings (CL)","2.1","Overall landings","2.1.3","Landings by catch_group","","",FALSE,4,1,"barplot","","NULL","NULL","LandingWeight_1000ton","Catch_group","NULL","sum",FALSE,TRUE,"list(oma = c(6,1,1,1), mai = c(1,1,.5,.5), ylab_line=4, col=""colour4"", new=F)","NULL","","","","","","",NA,"",NA,"","","",NA,"","",NA,"","","2.1.3_1","2.1.3_1","outputs\RCG_NA\Annual_Overview\figures","outputs\RCG_NA\Annual_Overview\tables",5,8
5,"CL","NULL",2,"Landings (CL)","2.1","Overall landings","2.1.3","Landings by catch_group","","",FALSE,5,2,"barplot","","NULL","NULL","LandingWeight_1000ton","Catch_group","FlagCountry","sum",TRUE,TRUE,"list(oma = c(3,1,1,5), mai = c(1,1,0.7,1), ylab_line=4, col=""colour4"", cex.x=0.9)","list(x=max(bar.coords)+diff(bar.coords)[1]/1.5, y=max(apply(t1,2,sum)), xjust=0, yjust=1, cex=0.7)","","","","","","",NA,"",NA,"","","",NA,"","",NA,"","","2.1.3_2","2.1.3_2","outputs\RCG_NA\Annual_Overview\figures","outputs\RCG_NA\Annual_Overview\tables",5,8
6,"CL","NULL",2,"Landings (CL)","2.1","Overall landings","2.1.4","Landings by fleet","","",FALSE,6,1,"barplot","","cum_percent","95","LandingWeight_1000ton","FlagCountry_Loa","NULL","sum",FALSE,TRUE,"list(oma = c(6,1,1,1), mai = c(1,1,.5,.5), ylab_line=4, col=""colour4"", new=F)","NULL","","","","","","",NA,"",NA,"","","",NA,"","",NA,"","","2.1.4_1","2.1.4_1","outputs\RCG_NA\Annual_Overview\figures","outputs\RCG_NA\Annual_Overview\tables",5,8
7,"CL","NULL",2,"Landings (CL)","2.1","Overall landings","2.1.4","Landings by fleet","","",FALSE,7,2,"barplot","a","NULL","NULL","LandingWeight_1000ton","FlagCountry","VesselLengthCategory","sum",TRUE,TRUE,"list(oma = c(3,1,1,5), mai = c(1,1,0.7,1), ylab_line=4, col=""colour4"", cex.x=0.9)","list(x=max(bar.coords)+diff(bar.coords)[1]/1.5, y=max(apply(t1,2,sum)), xjust=0, yjust=1, cex=0.7)","","","","","","",NA,"",NA,"","","",NA,"","",NA,"","","2.1.4_2a","2.1.4_2a","outputs\RCG_NA\Annual_Overview\figures","outputs\RCG_NA\Annual_Overview\tables",5,8
8,"CL","NULL",2,"Landings (CL)","2.1","Overall landings","2.1.4","Landings by fleet","","",FALSE,8,2,"barplot","b","NULL","NULL","LandingWeight_1000ton","VesselLengthCategory","FlagCountry","sum",TRUE,FALSE,"list(oma = c(3,1,1,5), mai = c(1,1,0.7,1), ylab_line=4, col=""colour4"", cex.x=0.9)","list(x=max(bar.coords)+diff(bar.coords)[1]/1.5, y=max(apply(t1,2,sum)), xjust=0, yjust=1, cex=0.7)","","","","","","",NA,"",NA,"","","",NA,"","",NA,"","","2.1.4_2b","2.1.4_2b","outputs\RCG_NA\Annual_Overview\figures","outputs\RCG_NA\Annual_Overview\tables",5,8
9,"CL","NULL",2,"Landings (CL)","2.1","Overall landings","2.1.5","Landings by area","","",FALSE,9,1,"barplot","","NULL","NULL","LandingWeight_1000ton","Area","NULL","sum",FALSE,TRUE,"list(oma = c(6,1,1,1), mai = c(1,1,.5,.5), ylab_line=4, col=""colour4"")","NULL","","","","","","",NA,"",NA,"","","",NA,"","",NA,"","","2.1.5_1","2.1.5_1","outputs\RCG_NA\Annual_Overview\figures","outputs\RCG_NA\Annual_Overview\tables",5,8
10,"CL","NULL",2,"Landings (CL)","2.1","Overall landings","2.1.5","Landings by area","","",FALSE,10,2,"barplot","a","NULL","NULL","LandingWeight_1000ton","Area","FlagCountry","sum",TRUE,TRUE,"list(oma = c(3,1,1,5), mai = c(1,1,0.7,1), ylab_line=4, col=""colour4"", cex.x=0.9)","list(x=max(bar.coords)+diff(bar.coords)[1]/1.5, y=max(apply(t1,2,sum)), xjust=0, yjust=1, cex=0.7)","","","","","","",NA,"",NA,"","","",NA,"","",NA,"","","2.1.5_2a","2.1.5_2a","outputs\RCG_NA\Annual_Overview\figures","outputs\RCG_NA\Annual_Overview\tables",5,8
11,"CL","NULL",2,"Landings (CL)","2.1","Overall landings","2.1.5","Landings by area","","",FALSE,11,2,"barplot","b","NULL","NULL","LandingWeight_1000ton","FlagCountry","Area","sum",TRUE,TRUE,"list(oma = c(3,1,1,5), mai = c(1,1,0.7,1), ylab_line=4, col=""colour4"", cex.x=0.9)","list(x=max(bar.coords)+diff(bar.coords)[1]/1.5, y=max(apply(t1,2,sum)), xjust=0, yjust=1, cex=0.7)","","","","","","",NA,"",NA,"","","",NA,"","",NA,"","","2.1.5_2b","2.1.5_2b","outputs\RCG_NA\Annual_Overview\figures","outputs\RCG_NA\Annual_Overview\tables",5,8
12,"CL","NULL",2,"Landings (CL)","2.1","Overall landings","2.1.5","Landings by area","","",NA,NA,4,"map","","percent","100","","","","",NA,NA,"","","LandingWeight_1000ton","AreaMap","","Year","sum","FAOshp",TRUE,"Landings (t)",FALSE,"","all","",FALSE,"","",NA,"","","2.1.5_4","2.1.5_4","outputs\RCG_NA\Annual_Overview\figures","outputs\RCG_NA\Annual_Overview\tables",8,8
13,"CL","NULL",2,"Landings (CL)","2.1","Overall landings","2.1.5","Landings by area","","",NA,NA,5,"map","","percent","100","","","","",NA,NA,"","","LandingWeight_1000ton","AreaMap","FlagCountry","Year","sum","FAOshp",TRUE,"Landings (t)",FALSE,"","all","aux_colours_ggplot",FALSE,"","",NA,"","","2.1.5_5","2.1.5_5","outputs\RCG_NA\Annual_Overview\figures","outputs\RCG_NA\Annual_Overview\tables",8,8
14,"CL","NULL",2,"Landings (CL)","2.1","Overall landings","2.1.6","Landings by fishing ground","","",FALSE,12,1,"barplot","","NULL","NULL","LandingWeight_1000ton","FishingGround","NULL","sum",FALSE,TRUE,"list(oma = c(6,1,1,1), mai = c(1,1,.5,.5), ylab_line=4, col=""colour4"")","NULL","","","","","","",NA,"",NA,"","","",NA,"","",NA,"","","2.1.6_1","2.1.6_1","outputs\RCG_NA\Annual_Overview\figures","outputs\RCG_NA\Annual_Overview\tables",5,8
15,"CL","NULL",2,"Landings (CL)","2.1","Overall landings","2.1.6","Landings by fishing ground","","",FALSE,13,2,"barplot","","NULL","NULL","LandingWeight_1000ton","FishingGround","FlagCountry","sum",TRUE,TRUE,"list(oma = c(3,1,1,5), mai = c(1,1,0.7,1), ylab_line=4, col=""colour4"", cex.x=0.9)","list(x=max(bar.coords)+diff(bar.coords)[1]/1.5, y=max(apply(t1,2,sum)), xjust=0, yjust=1, cex=0.7)","","","","","","",NA,"",NA,"","","",NA,"","",NA,"","","2.1.6_2","2.1.6_2","outputs\RCG_NA\Annual_Overview\figures","outputs\RCG_NA\Annual_Overview\tables",5,8
16,"CL","NULL",2,"Landings (CL)","2.1","Overall landings","2.1.6","Landings by fishing ground","","",NA,NA,4,"map","","percent","100","","","","",NA,NA,"","","LandingWeight_1000ton","FishingGround","","Year","sum","FAOshpFG",TRUE,"Landings (t)",FALSE,"","all","",FALSE,"","",NA,"","","2.1.6_4","2.1.6_4","outputs\RCG_NA\Annual_Overview\figures","outputs\RCG_NA\Annual_Overview\tables",8,8
17,"CL","NULL",2,"Landings (CL)","2.1","Overall landings","2.1.6","Landings by fishing ground","","",NA,NA,5,"map","","percent","100","","","","",NA,NA,"","","LandingWeight_1000ton","FishingGround","FlagCountry","Year","sum","FAOshpFG",TRUE,"Landings (t)",FALSE,"","all","aux_colours_ggplot",FALSE,"","",NA,"","","2.1.6_5","2.1.6_5","outputs\RCG_NA\Annual_Overview\figures","outputs\RCG_NA\Annual_Overview\tables",8,8
18,"CL","NULL",2,"Landings (CL)","2.1","Overall landings","2.1.7","Landings by metier","","",FALSE,14,1,"barplot","a","cum_percent","95","LandingWeight_1000ton","FishingActivityLvl5","NULL","sum",FALSE,TRUE,"list(oma = c(6,1,1,1), mai = c(1,1,.5,.5), ylab_line=4, col=""colour4"")","NULL","","","","","","",NA,"",NA,"","","",NA,"","",NA,"","","2.1.7_1a","2.1.7_1a","outputs\RCG_NA\Annual_Overview\figures","outputs\RCG_NA\Annual_Overview\tables",5,8
19,"CL","NULL",2,"Landings (CL)","2.1","Overall landings","2.1.7","Landings by metier","","",FALSE,15,2,"barplot","a","cum_percent","95","LandingWeight_1000ton","FishingActivityLvl5","FlagCountry","sum",TRUE,TRUE,"list(oma = c(3,1,1,5), mai = c(1,1,0.7,1), ylab_line=4, col=""colour4"", cex.x=0.9)","list(x=max(bar.coords)+diff(bar.coords)[1]/1.5, y=max(apply(t1,2,sum)), xjust=0, yjust=1, cex=0.7)","","","","","","",NA,"",NA,"","","",NA,"","",NA,"","","2.1.7_2a","2.1.7_2a","outputs\RCG_NA\Annual_Overview\figures","outputs\RCG_NA\Annual_Overview\tables",5,8
20,"CL","NULL",2,"Landings (CL)","2.1","Overall landings","2.1.7","Landings by metier","","",FALSE,16,1,"barplot","b","cum_percent","95","LandingWeight_1000ton","FishingActivityLvl6","NULL","sum",FALSE,TRUE,"list(oma = c(6,1,1,1), mai = c(1,1,.5,.5), ylab_line=4, col=""colour4"")","NULL","","","","","","",NA,"",NA,"","","",NA,"","",NA,"","","2.1.7_1b","2.1.7_1b","outputs\RCG_NA\Annual_Overview\figures","outputs\RCG_NA\Annual_Overview\tables",5,8
21,"CL","NULL",2,"Landings (CL)","2.1","Overall landings","2.1.7","Landings by metier","","",FALSE,17,2,"barplot","b","cum_percent","95","LandingWeight_1000ton","FishingActivityLvl6","FlagCountry","sum",TRUE,TRUE,"list(oma = c(4,1,1,5), mai = c(1,1,0.7,1), ylab_line=4, col=""colour4"", cex.x=0.9)","list(x=max(bar.coords)+diff(bar.coords)[1]/1.5, y=max(apply(t1,2,sum)), xjust=0, yjust=1, cex=0.7)","","","","","","",NA,"",NA,"","","",NA,"","",NA,"","","2.1.7_2b","2.1.7_2b","outputs\RCG_NA\Annual_Overview\figures","outputs\RCG_NA\Annual_Overview\tables",5,8
22,"CL","NULL",2,"Landings (CL)","2.1","Overall landings","2.1.8","Landings by harbour","","",FALSE,18,1,"barplot","","main","20","LandingWeight_1000ton","Harbour","NULL","sum",FALSE,TRUE,"list(oma = c(6,1,1,1), mai = c(1,1,.5,.5), ylab_line=4, col=""colour4"")","NULL","","","","","","",NA,"",NA,"","","",NA,"","",NA,"","","2.1.8_1","2.1.8_1","outputs\RCG_NA\Annual_Overview\figures","outputs\RCG_NA\Annual_Overview\tables",5,8
23,"CL","NULL",2,"Landings (CL)","2.1","Overall landings","2.1.8","Landings by harbour","","",FALSE,19,2,"barplot","","main","20","LandingWeight_1000ton","Harbour","FlagCountry","sum",TRUE,TRUE,"list(oma = c(3,1,1,5), mai = c(1,1,0.7,1), ylab_line=4, col=""colour4"", cex.x=0.9)","list(x=max(bar.coords)+diff(bar.coords)[1]/1.5, y=max(apply(t1,2,sum)), xjust=0, yjust=1, cex=0.7)","","","","","","",NA,"",NA,"","","",NA,"","",NA,"","","2.1.8_2","2.1.8_2","outputs\RCG_NA\Annual_Overview\figures","outputs\RCG_NA\Annual_Overview\tables",5,8
24,"CL","NULL",2,"Landings (CL)","2.1","Overall landings","2.1.8","Landings by harbour","","",NA,NA,3,"map","","top_n","20","","","","",NA,NA,"","","LandingWeight_1000ton","Harbour","","Year","sum","Harbours",TRUE,"Landings (t)",TRUE,"FAOshp","all","",NA,"","",NA,"","","2.1.8_3_1","2.1.8_3_1","outputs\RCG_NA\Annual_Overview\figures","outputs\RCG_NA\Annual_Overview\tables",8,8
25,"CL","NULL",2,"Landings (CL)","2.1","Overall landings","2.1.8","Landings by harbour","","",NA,NA,3,"map","","percent","95","","","","",NA,NA,"","","LandingWeight_1000ton","Harbour","","Year","sum","Harbours",FALSE,"Landings (t)",TRUE,"FAOshp","all","",NA,"","",NA,"","","2.1.8_3_2","2.1.8_3_2","outputs\RCG_NA\Annual_Overview\figures","outputs\RCG_NA\Annual_Overview\tables",8,8
26,"CL","NULL",2,"Landings (CL)","2.1","Overall landings","2.1.8","Landings by harbour","","",NA,NA,5,"map","","percent","95","","","","",NA,NA,"","","LandingWeight_1000ton","Harbour","FlagCountry","Year","sum","Harbours",FALSE,"Landings (t)",TRUE,"FAOshp","all","aux_colours_ggplot",FALSE,"","",NA,"","","2.1.8_5","2.1.8_5","outputs\RCG_NA\Annual_Overview\figures","outputs\RCG_NA\Annual_Overview\tables",8,8
27,"CL","NULL",2,"Landings (CL)","2.1","Overall landings","2.1.9","Landings abroad","","",FALSE,20,2,"barplot","","NULL","NULL","LandingWeight_1000ton","FlagCountry","LandingCountry","sum",TRUE,TRUE,"list(oma = c(3,1,1,5), mai = c(1,1,0.7,1), ylab_line=4, col=""colour4"", cex.x=0.9)","list(x=max(bar.coords)+diff(bar.coords)[1]/1.5, y=max(apply(t1,2,sum)), xjust=0, yjust=1, cex=0.7)","","","","","","",NA,"",NA,"","","",NA,"","",NA,"","","2.1.9_2","2.1.9_2","outputs\RCG_NA\Annual_Overview\figures","outputs\RCG_NA\Annual_Overview\tables",5,8
28,"CL","NULL",2,"Landings (CL)","2.1","Overall landings","2.1.9","Landings abroad","","",NA,NA,6,"riverplot","","NULL","0.001","LandingWeight_1000ton","FlagCountry","LandingCountry","",NA,NA,"","","","","","","","",NA,"Landings (t)",NA,"","all","aux_colours_ggplot",NA,"","",NA,"","","2.1.9_6","2.1.9_6","outputs\RCG_NA\Annual_Overview\figures","outputs\RCG_NA\Annual_Overview\tables",6,8
29,"CL","NULL",2,"Landings (CL)","2.1","Overall landings","2.1.9","Landings abroad","","",NA,NA,5,"map","","percent","100","","","","",NA,NA,"","","LandingWeight_1000ton","LandingCountry","FlagCountry","Year","sum","CTRshp",FALSE,"Landings (t)",FALSE,"","all","aux_colours_ggplot",FALSE,"","",NA,"","","2.1.9_5","2.1.9_5","outputs\RCG_NA\Annual_Overview\figures","outputs\RCG_NA\Annual_Overview\tables",8,8
30,"CL","NULL",2,"Landings (CL)","2.1","Overall landings","2.1.10","Spatial distribution of landings ","","",NA,NA,4,"map","","percent","100","","","","",NA,NA,"","","LandingWeight_1000ton","StatisticalRectangle","","Year","sum","StatRectshp",FALSE,"Landings (t)",TRUE,"FAOshp","all","",FALSE,"","",NA,"","","2.1.10_4","2.1.10_4","outputs\RCG_NA\Annual_Overview\figures","outputs\RCG_NA\Annual_Overview\tables",8,8
31,"CL","NULL",2,"Landings (CL)","2.1","Overall landings","2.1.10","Spatial distribution of landings ","","",NA,NA,5,"map","","percent","95","","","","",NA,NA,"","","LandingWeight_1000ton","StatisticalRectangle","FlagCountry","Year","sum","StatRectshp",FALSE,"Landings (t)",TRUE,"FAOshp","all","aux_colours_ggplot",FALSE,"","",NA,"","","2.1.10_5","2.1.10_5","outputs\RCG_NA\Annual_Overview\figures","outputs\RCG_NA\Annual_Overview\tables",8,8
32,"CL","small pelagic",2,"Landings (CL)","2.2","Small pelagic landings","2.2.1","Landings by country, small pelagic","Catch_group","small pelagic",FALSE,21,1,"barplot","","NULL","NULL","LandingWeight_1000ton","FlagCountry","NULL","sum",FALSE,TRUE,"list(oma = c(6,1,1,1), mai = c(1,1,.5,.5), ylab_line=4, col=""colour4"")","NULL","","","","","","",NA,"",NA,"","","",NA,"","",NA,"","","2.2.1_1","2.2.1_1","outputs\RCG_NA\Annual_Overview\figures","outputs\RCG_NA\Annual_Overview\tables",5,8
33,"CL","small pelagic",2,"Landings (CL)","2.2","Small pelagic landings","2.2.2","Landings by species, small pelagic","Catch_group","small pelagic",FALSE,22,1,"barplot","","cum_percent","95","LandingWeight_1000ton","Species","NULL","sum",FALSE,TRUE,"list(oma = c(6,1,1,1), mai = c(1,1,.5,.5), ylab_line=4, col=""colour4"")","NULL","","","","","","",NA,"",NA,"","","",NA,"","",NA,"","","2.2.2_1","2.2.2_1","outputs\RCG_NA\Annual_Overview\figures","outputs\RCG_NA\Annual_Overview\tables",5,8
34,"CL","small pelagic",2,"Landings (CL)","2.2","Small pelagic landings","2.2.2","Landings by species, small pelagic","Catch_group","small pelagic",FALSE,23,2,"barplot","","cum_percent","95","LandingWeight_1000ton","Species","FlagCountry","sum",TRUE,TRUE,"list(oma = c(4,1,1,5), mai = c(1,1,0.7,1), ylab_line=4, col=""colour4"", cex.x=0.8)","list(x=max(bar.coords)+diff(bar.coords)[1]/1.5, y=max(apply(t1,2,sum)), xjust=0, yjust=1, cex=0.7)","","","","","","",NA,"",NA,"","","",NA,"","",NA,"","","2.2.2_2","2.2.2_2","outputs\RCG_NA\Annual_Overview\figures","outputs\RCG_NA\Annual_Overview\tables",5,8
35,"CL","small pelagic",2,"Landings (CL)","2.2","Small pelagic landings","2.2.3","Landings by fleet, small pelagic","Catch_group","small pelagic",FALSE,24,1,"barplot","","cum_percent","95","LandingWeight_1000ton","FlagCountry_Loa","NULL","sum",FALSE,TRUE,"list(oma = c(6,1,1,1), mai = c(1,1,.5,.5), ylab_line=4, col=""colour4"")","NULL","","","","","","",NA,"",NA,"","","",NA,"","",NA,"","","2.2.3_1","2.2.3_1","outputs\RCG_NA\Annual_Overview\figures","outputs\RCG_NA\Annual_Overview\tables",5,8
36,"CL","small pelagic",2,"Landings (CL)","2.2","Small pelagic landings","2.2.3","Landings by fleet, small pelagic","Catch_group","small pelagic",FALSE,25,2,"barplot","a","NULL","NULL","LandingWeight_1000ton","FlagCountry","VesselLengthCategory","sum",TRUE,TRUE,"list(oma = c(3,1,1,5), mai = c(1,1,0.7,1), ylab_line=4, col=""colour4"", cex.x=0.9)","list(x=max(bar.coords)+diff(bar.coords)[1]/1.5, y=max(apply(t1,2,sum)), xjust=0, yjust=1, cex=0.7)","","","","","","",NA,"",NA,"","","",NA,"","",NA,"","","2.2.3_2a","2.2.3_2a","outputs\RCG_NA\Annual_Overview\figures","outputs\RCG_NA\Annual_Overview\tables",5,8
37,"CL","small pelagic",2,"Landings (CL)","2.2","Small pelagic landings","2.2.3","Landings by fleet, small pelagic","Catch_group","small pelagic",FALSE,26,2,"barplot","b","NULL","NULL","LandingWeight_1000ton","VesselLengthCategory","FlagCountry","sum",TRUE,FALSE,"list(oma = c(3,1,1,5), mai = c(1,1,0.7,1), ylab_line=4, col=""colour4"", cex.x=0.9)","list(x=max(bar.coords)+diff(bar.coords)[1]/1.5, y=max(apply(t1,2,sum)), xjust=0, yjust=1, cex=0.7)","","","","","","",NA,"",NA,"","","",NA,"","",NA,"","","2.2.3_2b","2.2.3_2b","outputs\RCG_NA\Annual_Overview\figures","outputs\RCG_NA\Annual_Overview\tables",5,8
38,"CL","small pelagic",2,"Landings (CL)","2.2","Small pelagic landings","2.2.4","Landings by area, small pelagic","Catch_group","small pelagic",FALSE,27,1,"barplot","","NULL","NULL","LandingWeight_1000ton","Area","NULL","sum",FALSE,TRUE,"list(oma = c(6,1,1,1), mai = c(1,1,.5,.5), ylab_line=4, col=""colour4"")","NULL","","","","","","",NA,"",NA,"","","",NA,"","",NA,"","","2.2.4_1","2.2.4_1","outputs\RCG_NA\Annual_Overview\figures","outputs\RCG_NA\Annual_Overview\tables",5,8
39,"CL","small pelagic",2,"Landings (CL)","2.2","Small pelagic landings","2.2.4","Landings by area, small pelagic","Catch_group","small pelagic",FALSE,28,2,"barplot","a","NULL","NULL","LandingWeight_1000ton","Area","FlagCountry","sum",TRUE,TRUE,"list(oma = c(3,1,1,5), mai = c(1,1,0.7,1), ylab_line=4, col=""colour4"", cex.x=0.9)","list(x=max(bar.coords)+diff(bar.coords)[1]/1.5, y=max(apply(t1,2,sum)), xjust=0, yjust=1, cex=0.7)","","","","","","",NA,"",NA,"","","",NA,"","",NA,"","","2.2.4_2a","2.2.4_2a","outputs\RCG_NA\Annual_Overview\figures","outputs\RCG_NA\Annual_Overview\tables",5,8
40,"CL","small pelagic",2,"Landings (CL)","2.2","Small pelagic landings","2.2.4","Landings by area, small pelagic","Catch_group","small pelagic",FALSE,29,2,"barplot","b","NULL","NULL","LandingWeight_1000ton","FlagCountry","Area","sum",TRUE,TRUE,"list(oma = c(3,1,1,5), mai = c(1,1,0.7,1), ylab_line=4, col=""colour4"", cex.x=0.9)","list(x=max(bar.coords)+diff(bar.coords)[1]/1.5, y=max(apply(t1,2,sum)), xjust=0, yjust=1, cex=0.7)","","","","","","",NA,"",NA,"","","",NA,"","",NA,"","","2.2.4_2b","2.2.4_2b","outputs\RCG_NA\Annual_Overview\figures","outputs\RCG_NA\Annual_Overview\tables",5,8
41,"CL","small pelagic",2,"Landings (CL)","2.2","Small pelagic landings","2.2.5","Landings by fishing ground, small pelagic","Catch_group","small pelagic",FALSE,30,1,"barplot","","NULL","NULL","LandingWeight_1000ton","FishingGround","NULL","sum",FALSE,TRUE,"list(oma = c(6,1,1,1), mai = c(1,1,.5,.5), ylab_line=4, col=""colour4"")","NULL","","","","","","",NA,"",NA,"","","",NA,"","",NA,"","","2.2.5_1","2.2.5_1","outputs\RCG_NA\Annual_Overview\figures","outputs\RCG_NA\Annual_Overview\tables",5,8
42,"CL","small pelagic",2,"Landings (CL)","2.2","Small pelagic landings","2.2.5","Landings by fishing ground, small pelagic","Catch_group","small pelagic",FALSE,31,2,"barplot","","NULL","NULL","LandingWeight_1000ton","FishingGround","FlagCountry","sum",TRUE,TRUE,"list(oma = c(3,1,1,5), mai = c(1,1,0.7,1), ylab_line=4, col=""colour4"", cex.x=0.9)","list(x=max(bar.coords)+diff(bar.coords)[1]/1.5, y=max(apply(t1,2,sum)), xjust=0, yjust=1, cex=0.7)","","","","","","",NA,"",NA,"","","",NA,"","",NA,"","","2.2.5_2","2.2.5_2","outputs\RCG_NA\Annual_Overview\figures","outputs\RCG_NA\Annual_Overview\tables",5,8
43,"CL","small pelagic",2,"Landings (CL)","2.2","Small pelagic landings","2.2.6","Landings by metier, small pelagic","Catch_group","small pelagic",FALSE,32,1,"barplot","a","cum_percent","95","LandingWeight_1000ton","FishingActivityLvl5","NULL","sum",FALSE,TRUE,"list(oma = c(6,1,1,1), mai = c(1,1,.5,.5), ylab_line=4, col=""colour4"")","NULL","","","","","","",NA,"",NA,"","","",NA,"","",NA,"","","2.2.6_1a","2.2.6_1a","outputs\RCG_NA\Annual_Overview\figures","outputs\RCG_NA\Annual_Overview\tables",5,8
44,"CL","small pelagic",2,"Landings (CL)","2.2","Small pelagic landings","2.2.6","Landings by metier, small pelagic","Catch_group","small pelagic",FALSE,33,2,"barplot","a","cum_percent","95","LandingWeight_1000ton","FishingActivityLvl5","FlagCountry","sum",TRUE,TRUE,"list(oma = c(3,1,1,5), mai = c(1,1,0.7,1), ylab_line=4, col=""colour4"", cex.x=0.9)","list(x=max(bar.coords)+diff(bar.coords)[1]/1.5, y=max(apply(t1,2,sum)), xjust=0, yjust=1, cex=0.7)","","","","","","",NA,"",NA,"","","",NA,"","",NA,"","","2.2.6_2a","2.2.6_2a","outputs\RCG_NA\Annual_Overview\figures","outputs\RCG_NA\Annual_Overview\tables",5,8
45,"CL","small pelagic",2,"Landings (CL)","2.2","Small pelagic landings","2.2.6","Landings by metier, small pelagic","Catch_group","small pelagic",FALSE,34,1,"barplot","b","cum_percent","95","LandingWeight_1000ton","FishingActivityLvl6","NULL","sum",FALSE,TRUE,"list(oma = c(6,1,1,1), mai = c(1,1,.5,.5), ylab_line=4, col=""colour4"")","NULL","","","","","","",NA,"",NA,"","","",NA,"","",NA,"","","2.2.6_1b","2.2.6_1b","outputs\RCG_NA\Annual_Overview\figures","outputs\RCG_NA\Annual_Overview\tables",5,8
46,"CL","small pelagic",2,"Landings (CL)","2.2","Small pelagic landings","2.2.6","Landings by metier, small pelagic","Catch_group","small pelagic",FALSE,35,2,"barplot","b","cum_percent","95","LandingWeight_1000ton","FishingActivityLvl6","FlagCountry","sum",TRUE,TRUE,"list(oma = c(4,1,1,5), mai = c(1,1,0.7,1), ylab_line=4, col=""colour4"", cex.x=0.9)","list(x=max(bar.coords)+diff(bar.coords)[1]/1.5, y=max(apply(t1,2,sum)), xjust=0, yjust=1, cex=0.7)","","","","","","",NA,"",NA,"","","",NA,"","",NA,"","","2.2.6_2b","2.2.6_2b","outputs\RCG_NA\Annual_Overview\figures","outputs\RCG_NA\Annual_Overview\tables",5,8
47,"CL","small pelagic",2,"Landings (CL)","2.2","Small pelagic landings","2.2.7","Landings by harbour, small pelagic","Catch_group","small pelagic",FALSE,36,1,"barplot","","main","20","LandingWeight_1000ton","Harbour","NULL","sum",FALSE,TRUE,"list(oma = c(6,1,1,1), mai = c(1,1,.5,.5), ylab_line=4, col=""colour4"")","NULL","","","","","","",NA,"",NA,"","","",NA,"","",NA,"","","2.2.7_1","2.2.7_1","outputs\RCG_NA\Annual_Overview\figures","outputs\RCG_NA\Annual_Overview\tables",5,8
48,"CL","small pelagic",2,"Landings (CL)","2.2","Small pelagic landings","2.2.7","Landings by harbour, small pelagic","Catch_group","small pelagic",FALSE,37,2,"barplot","","main","20","LandingWeight_1000ton","Harbour","FlagCountry","sum",TRUE,TRUE,"list(oma = c(3,1,1,5), mai = c(1,1,0.7,1), ylab_line=4, col=""colour4"", cex.x=0.9)","list(x=max(bar.coords)+diff(bar.coords)[1]/1.5, y=max(apply(t1,2,sum)), xjust=0, yjust=1, cex=0.7)","","","","","","",NA,"",NA,"","","",NA,"","",NA,"","","2.2.7_2","2.2.7_2","outputs\RCG_NA\Annual_Overview\figures","outputs\RCG_NA\Annual_Overview\tables",5,8
49,"CL","small pelagic",2,"Landings (CL)","2.2","Small pelagic landings","2.2.7","Landings by harbour, small pelagic","Catch_group","small pelagic",NA,NA,3,"map","","top_n","20","","","","",NA,NA,"","","LandingWeight_1000ton","Harbour","","Year","sum","Harbours",TRUE,"Landings (t)",TRUE,"FAOshp","small pelagic","",NA,"","",NA,"","","2.2.7_3","2.2.7_3","outputs\RCG_NA\Annual_Overview\figures","outputs\RCG_NA\Annual_Overview\tables",8,8
50,"CL","small pelagic",2,"Landings (CL)","2.2","Small pelagic landings","2.2.8","Landings abroad, small pelagic","Catch_group","small pelagic",FALSE,38,2,"barplot","","NULL","NULL","LandingWeight_1000ton","FlagCountry","LandingCountry","sum",TRUE,TRUE,"list(oma = c(3,1,1,5), mai = c(1,1,0.7,1), ylab_line=4, col=""colour4"", cex.x=0.9)","list(x=max(bar.coords)+diff(bar.coords)[1]/1.5, y=max(apply(t1,2,sum)), xjust=0, yjust=1, cex=0.7)","","","","","","",NA,"",NA,"","","",NA,"","",NA,"","","2.2.8_2","2.2.8_2","outputs\RCG_NA\Annual_Overview\figures","outputs\RCG_NA\Annual_Overview\tables",5,8
51,"CL","small pelagic",2,"Landings (CL)","2.2","Small pelagic landings","2.2.8","Landings abroad, small pelagic","Catch_group","small pelagic",NA,NA,6,"riverplot","","NULL","0.001","LandingWeight_1000ton","FlagCountry","LandingCountry","",NA,NA,"","","","","","","","",NA,"Landings (t)",NA,"","small pelagic","aux_colours_ggplot",NA,"","",NA,"","","2.2.8_6","2.2.8_6","outputs\RCG_NA\Annual_Overview\figures","outputs\RCG_NA\Annual_Overview\tables",6,8
52,"CL","small pelagic",2,"Landings (CL)","2.2","Small pelagic landings","2.2.8","Landings abroad, small pelagic","Catch_group","small pelagic",NA,NA,5,"map","","percent","100","","","","",NA,NA,"","","LandingWeight_1000ton","LandingCountry","FlagCountry","Year","sum","CTRshp",FALSE,"Landings (t)",FALSE,"","small pelagic","aux_colours_ggplot",FALSE,"","",NA,"","","2.2.8_5","2.2.8_5","outputs\RCG_NA\Annual_Overview\figures","outputs\RCG_NA\Annual_Overview\tables",8,8
53,"CL","small pelagic",2,"Landings (CL)","2.2","Small pelagic landings","2.2.9","Spatial distribution of landings, small pelagic","Catch_group","small pelagic",NA,NA,4,"map","","percent","100","","","","",NA,NA,"","","LandingWeight_1000ton","StatisticalRectangle","","Year","sum","StatRectshp",FALSE,"Landings (t)",TRUE,"FAOshp","small pelagic","",FALSE,"","",NA,"","","2.2.9_4","2.2.9_4","outputs\RCG_NA\Annual_Overview\figures","outputs\RCG_NA\Annual_Overview\tables",8,8
54,"CL","small pelagic",2,"Landings (CL)","2.2","Small pelagic landings","2.2.9","Spatial distribution of landings, small pelagic","Catch_group","small pelagic",NA,NA,5,"map","","percent","95","","","","",NA,NA,"","","LandingWeight_1000ton","StatisticalRectangle","FlagCountry","Year","sum","StatRectshp",FALSE,"Landings (t)",TRUE,"FAOshp","small pelagic","aux_colours_ggplot",FALSE,"","",NA,"","","2.2.9_5","2.2.9_5","outputs\RCG_NA\Annual_Overview\figures","outputs\RCG_NA\Annual_Overview\tables",8,8
55,"CL","demersal",2,"Landings (CL)","2.3","Demersal landings","2.3.1","Landings by country, demersal","Catch_group","demersal",FALSE,39,1,"barplot","","NULL","NULL","LandingWeight_1000ton","FlagCountry","NULL","sum",FALSE,TRUE,"list(oma = c(6,1,1,1), mai = c(1,1,.5,.5), ylab_line=4, col=""colour4"")","NULL","","","","","","",NA,"",NA,"","","",NA,"","",NA,"","","2.3.1_1","2.3.1_1","outputs\RCG_NA\Annual_Overview\figures","outputs\RCG_NA\Annual_Overview\tables",5,8
56,"CL","demersal",2,"Landings (CL)","2.3","Demersal landings","2.3.2","Landings by species, demersal","Catch_group","demersal",FALSE,40,1,"barplot","","cum_percent","95","LandingWeight_1000ton","Species","NULL","sum",FALSE,TRUE,"list(oma = c(6,1,1,1), mai = c(1,1,.5,.5), ylab_line=4, col=""colour4"")","NULL","","","","","","",NA,"",NA,"","","",NA,"","",NA,"","","2.3.2_1","2.3.2_1","outputs\RCG_NA\Annual_Overview\figures","outputs\RCG_NA\Annual_Overview\tables",5,8
57,"CL","demersal",2,"Landings (CL)","2.3","Demersal landings","2.3.2","Landings by species, demersal","Catch_group","demersal",FALSE,41,2,"barplot","","cum_percent","95","LandingWeight_1000ton","Species","FlagCountry","sum",TRUE,TRUE,"list(oma = c(4,1,1,5), mai = c(1,1,0.7,1), ylab_line=4, col=""colour4"", cex.x=0.8)","list(x=max(bar.coords)+diff(bar.coords)[1]/1.5, y=max(apply(t1,2,sum)), xjust=0, yjust=1, cex=0.7)","","","","","","",NA,"",NA,"","","",NA,"","",NA,"","","2.3.2_2","2.3.2_2","outputs\RCG_NA\Annual_Overview\figures","outputs\RCG_NA\Annual_Overview\tables",5,8
58,"CL","demersal",2,"Landings (CL)","2.3","Demersal landings","2.3.3","Landings by fleet, demersal","Catch_group","demersal",FALSE,42,1,"barplot","","cum_percent","95","LandingWeight_1000ton","FlagCountry_Loa","NULL","sum",FALSE,TRUE,"list(oma = c(6,1,1,1), mai = c(1,1,.5,.5), ylab_line=4, col=""colour4"")","NULL","","","","","","",NA,"",NA,"","","",NA,"","",NA,"","","2.3.3_1","2.3.3_1","outputs\RCG_NA\Annual_Overview\figures","outputs\RCG_NA\Annual_Overview\tables",5,8
59,"CL","demersal",2,"Landings (CL)","2.3","Demersal landings","2.3.3","Landings by fleet, demersal","Catch_group","demersal",FALSE,43,2,"barplot","a","NULL","NULL","LandingWeight_1000ton","FlagCountry","VesselLengthCategory","sum",TRUE,TRUE,"list(oma = c(3,1,1,5), mai = c(1,1,0.7,1), ylab_line=4, col=""colour4"", cex.x=0.9)","list(x=max(bar.coords)+diff(bar.coords)[1]/1.5, y=max(apply(t1,2,sum)), xjust=0, yjust=1, cex=0.7)","","","","","","",NA,"",NA,"","","",NA,"","",NA,"","","2.3.3_2a","2.3.3_2a","outputs\RCG_NA\Annual_Overview\figures","outputs\RCG_NA\Annual_Overview\tables",5,8
60,"CL","demersal",2,"Landings (CL)","2.3","Demersal landings","2.3.3","Landings by fleet, demersal","Catch_group","demersal",FALSE,44,2,"barplot","b","NULL","NULL","LandingWeight_1000ton","VesselLengthCategory","FlagCountry","sum",TRUE,FALSE,"list(oma = c(3,1,1,5), mai = c(1,1,0.7,1), ylab_line=4, col=""colour4"", cex.x=0.9)","list(x=max(bar.coords)+diff(bar.coords)[1]/1.5, y=max(apply(t1,2,sum)), xjust=0, yjust=1, cex=0.7)","","","","","","",NA,"",NA,"","","",NA,"","",NA,"","","2.3.3_2b","2.3.3_2b","outputs\RCG_NA\Annual_Overview\figures","outputs\RCG_NA\Annual_Overview\tables",5,8
61,"CL","demersal",2,"Landings (CL)","2.3","Demersal landings","2.3.4","Landings by area, demersal","Catch_group","demersal",FALSE,45,1,"barplot","","NULL","NULL","LandingWeight_1000ton","Area","NULL","sum",FALSE,TRUE,"list(oma = c(6,1,1,1), mai = c(1,1,.5,.5), ylab_line=4, col=""colour4"")","NULL","","","","","","",NA,"",NA,"","","",NA,"","",NA,"","","2.3.4_1","2.3.4_1","outputs\RCG_NA\Annual_Overview\figures","outputs\RCG_NA\Annual_Overview\tables",5,8
62,"CL","demersal",2,"Landings (CL)","2.3","Demersal landings","2.3.4","Landings by area, demersal","Catch_group","demersal",FALSE,46,2,"barplot","a","NULL","NULL","LandingWeight_1000ton","Area","FlagCountry","sum",TRUE,TRUE,"list(oma = c(3,1,1,5), mai = c(1,1,0.7,1), ylab_line=4, col=""colour4"", cex.x=0.9)","list(x=max(bar.coords)+diff(bar.coords)[1]/1.5, y=max(apply(t1,2,sum)), xjust=0, yjust=1, cex=0.7)","","","","","","",NA,"",NA,"","","",NA,"","",NA,"","","2.3.4_2a","2.3.4_2a","outputs\RCG_NA\Annual_Overview\figures","outputs\RCG_NA\Annual_Overview\tables",5,8
63,"CL","demersal",2,"Landings (CL)","2.3","Demersal landings","2.3.4","Landings by area, demersal","Catch_group","demersal",FALSE,47,2,"barplot","b","NULL","NULL","LandingWeight_1000ton","FlagCountry","Area","sum",TRUE,TRUE,"list(oma = c(3,1,1,5), mai = c(1,1,0.7,1), ylab_line=4, col=""colour4"", cex.x=0.9)","list(x=max(bar.coords)+diff(bar.coords)[1]/1.5, y=max(apply(t1,2,sum)), xjust=0, yjust=1, cex=0.7)","","","","","","",NA,"",NA,"","","",NA,"","",NA,"","","2.3.4_2b","2.3.4_2b","outputs\RCG_NA\Annual_Overview\figures","outputs\RCG_NA\Annual_Overview\tables",5,8
64,"CL","demersal",2,"Landings (CL)","2.3","Demersal landings","2.3.5","Landings by fishing ground, demersal","Catch_group","demersal",FALSE,48,1,"barplot","","NULL","NULL","LandingWeight_1000ton","FishingGround","NULL","sum",FALSE,TRUE,"list(oma = c(6,1,1,1), mai = c(1,1,.5,.5), ylab_line=4, col=""colour4"")","NULL","","","","","","",NA,"",NA,"","","",NA,"","",NA,"","","2.3.5_1","2.3.5_1","outputs\RCG_NA\Annual_Overview\figures","outputs\RCG_NA\Annual_Overview\tables",5,8
65,"CL","demersal",2,"Landings (CL)","2.3","Demersal landings","2.3.5","Landings by fishing ground, demersal","Catch_group","demersal",FALSE,49,2,"barplot","","NULL","NULL","LandingWeight_1000ton","FishingGround","FlagCountry","sum",TRUE,TRUE,"list(oma = c(3,1,1,5), mai = c(1,1,0.7,1), ylab_line=4, col=""colour4"", cex.x=0.9)","list(x=max(bar.coords)+diff(bar.coords)[1]/1.5, y=max(apply(t1,2,sum)), xjust=0, yjust=1, cex=0.7)","","","","","","",NA,"",NA,"","","",NA,"","",NA,"","","2.3.5_2","2.3.5_2","outputs\RCG_NA\Annual_Overview\figures","outputs\RCG_NA\Annual_Overview\tables",5,8
66,"CL","demersal",2,"Landings (CL)","2.3","Demersal landings","2.3.6","Landings by metier, demersal","Catch_group","demersal",FALSE,50,1,"barplot","a","cum_percent","95","LandingWeight_1000ton","FishingActivityLvl5","NULL","sum",FALSE,TRUE,"list(oma = c(6,1,1,1), mai = c(1,1,.5,.5), ylab_line=4, col=""colour4"")","NULL","","","","","","",NA,"",NA,"","","",NA,"","",NA,"","","2.3.6_1a","2.3.6_1a","outputs\RCG_NA\Annual_Overview\figures","outputs\RCG_NA\Annual_Overview\tables",5,8
67,"CL","demersal",2,"Landings (CL)","2.3","Demersal landings","2.3.6","Landings by metier, demersal","Catch_group","demersal",FALSE,51,2,"barplot","a","cum_percent","95","LandingWeight_1000ton","FishingActivityLvl5","FlagCountry","sum",TRUE,TRUE,"list(oma = c(3,1,1,5), mai = c(1,1,0.7,1), ylab_line=4, col=""colour4"", cex.x=0.9)","list(x=max(bar.coords)+diff(bar.coords)[1]/1.5, y=max(apply(t1,2,sum)), xjust=0, yjust=1, cex=0.7)","","","","","","",NA,"",NA,"","","",NA,"","",NA,"","","2.3.6_2a","2.3.6_2a","outputs\RCG_NA\Annual_Overview\figures","outputs\RCG_NA\Annual_Overview\tables",5,8
68,"CL","demersal",2,"Landings (CL)","2.3","Demersal landings","2.3.6","Landings by metier, demersal","Catch_group","demersal",FALSE,52,1,"barplot","b","cum_percent","95","LandingWeight_1000ton","FishingActivityLvl6","NULL","sum",FALSE,TRUE,"list(oma = c(6,1,1,1), mai = c(1,1,.5,.5), ylab_line=4, col=""colour4"")","NULL","","","","","","",NA,"",NA,"","","",NA,"","",NA,"","","2.3.6_1b","2.3.6_1b","outputs\RCG_NA\Annual_Overview\figures","outputs\RCG_NA\Annual_Overview\tables",5,8
69,"CL","demersal",2,"Landings (CL)","2.3","Demersal landings","2.3.6","Landings by metier, demersal","Catch_group","demersal",FALSE,53,2,"barplot","b","cum_percent","95","LandingWeight_1000ton","FishingActivityLvl6","FlagCountry","sum",TRUE,TRUE,"list(oma = c(4,1,1,5), mai = c(1,1,0.7,1), ylab_line=4, col=""colour4"", cex.x=0.9)","list(x=max(bar.coords)+diff(bar.coords)[1]/1.5, y=max(apply(t1,2,sum)), xjust=0, yjust=1, cex=0.7)","","","","","","",NA,"",NA,"","","",NA,"","",NA,"","","2.3.6_2b","2.3.6_2b","outputs\RCG_NA\Annual_Overview\figures","outputs\RCG_NA\Annual_Overview\tables",5,8
70,"CL","demersal",2,"Landings (CL)","2.3","Demersal landings","2.3.7","Landings by harbour, demersal","Catch_group","demersal",FALSE,54,1,"barplot","","main","20","LandingWeight_1000ton","Harbour","NULL","sum",FALSE,TRUE,"list(oma = c(6,1,1,1), mai = c(1,1,.5,.5), ylab_line=4, col=""colour4"")","NULL","","","","","","",NA,"",NA,"","","",NA,"","",NA,"","","2.3.7_1","2.3.7_1","outputs\RCG_NA\Annual_Overview\figures","outputs\RCG_NA\Annual_Overview\tables",5,8
71,"CL","demersal",2,"Landings (CL)","2.3","Demersal landings","2.3.7","Landings by harbour, demersal","Catch_group","demersal",FALSE,55,2,"barplot","","main","20","LandingWeight_1000ton","Harbour","FlagCountry","sum",TRUE,TRUE,"list(oma = c(3,1,1,5), mai = c(1,1,0.7,1), ylab_line=4, col=""colour4"", cex.x=0.9)","list(x=max(bar.coords)+diff(bar.coords)[1]/1.5, y=max(apply(t1,2,sum)), xjust=0, yjust=1, cex=0.7)","","","","","","",NA,"",NA,"","","",NA,"","",NA,"","","2.3.7_2","2.3.7_2","outputs\RCG_NA\Annual_Overview\figures","outputs\RCG_NA\Annual_Overview\tables",5,8
72,"CL","demersal",2,"Landings (CL)","2.3","Demersal landings","2.3.7","Landings by harbour, demersal","Catch_group","demersal",NA,NA,3,"map","","top_n","20","","","","",NA,NA,"","","LandingWeight_1000ton","Harbour","","Year","sum","Harbours",TRUE,"Landings (t)",TRUE,"FAOshp","demersal","",NA,"","",NA,"","","2.3.7_3","2.3.7_3","outputs\RCG_NA\Annual_Overview\figures","outputs\RCG_NA\Annual_Overview\tables",8,8
73,"CL","demersal",2,"Landings (CL)","2.3","Demersal landings","2.3.8","Landings abroad, demersal","Catch_group","demersal",FALSE,56,2,"barplot","","NULL","NULL","LandingWeight_1000ton","FlagCountry","LandingCountry","sum",TRUE,TRUE,"list(oma = c(3,1,1,5), mai = c(1,1,0.7,1), ylab_line=4, col=""colour4"", cex.x=0.9)","list(x=max(bar.coords)+diff(bar.coords)[1]/1.5, y=max(apply(t1,2,sum)), xjust=0, yjust=1, cex=0.7)","","","","","","",NA,"",NA,"","","",NA,"","",NA,"","","2.3.8_2","2.3.8_2","outputs\RCG_NA\Annual_Overview\figures","outputs\RCG_NA\Annual_Overview\tables",5,8
74,"CL","demersal",2,"Landings (CL)","2.3","Demersal landings","2.3.8","Landings abroad, demersal","Catch_group","demersal",NA,NA,6,"riverplot","","NULL","0.001","LandingWeight_1000ton","FlagCountry","LandingCountry","",NA,NA,"","","","","","","","",NA,"Landings (t)",NA,"","demersal","aux_colours_ggplot",NA,"","",NA,"","","2.3.8_6","2.3.8_6","outputs\RCG_NA\Annual_Overview\figures","outputs\RCG_NA\Annual_Overview\tables",6,8
75,"CL","demersal",2,"Landings (CL)","2.3","Demersal landings","2.3.8","Landings abroad, demersal","Catch_group","demersal",NA,NA,5,"map","","percent","100","","","","",NA,NA,"","","LandingWeight_1000ton","LandingCountry","FlagCountry","Year","sum","CTRshp",FALSE,"Landings (t)",FALSE,"","demersal","aux_colours_ggplot",FALSE,"","",NA,"","","2.3.8_5","2.3.8_5","outputs\RCG_NA\Annual_Overview\figures","outputs\RCG_NA\Annual_Overview\tables",8,8
76,"CL","demersal",2,"Landings (CL)","2.3","Demersal landings","2.3.9","Spatial distribution of landings, demersal","Catch_group","demersal",NA,NA,4,"map","","percent","100","","","","",NA,NA,"","","LandingWeight_1000ton","StatisticalRectangle","","Year","sum","StatRectshp",FALSE,"Landings (t)",TRUE,"FAOshp","demersal","",FALSE,"","",NA,"","","2.3.9_4","2.3.9_4","outputs\RCG_NA\Annual_Overview\figures","outputs\RCG_NA\Annual_Overview\tables",8,8
77,"CL","demersal",2,"Landings (CL)","2.3","Demersal landings","2.3.9","Spatial distribution of landings, demersal","Catch_group","demersal",NA,NA,5,"map","","percent","95","","","","",NA,NA,"","","LandingWeight_1000ton","StatisticalRectangle","FlagCountry","Year","sum","StatRectshp",FALSE,"Landings (t)",TRUE,"FAOshp","demersal","aux_colours_ggplot",FALSE,"","",NA,"","","2.3.9_5","2.3.9_5","outputs\RCG_NA\Annual_Overview\figures","outputs\RCG_NA\Annual_Overview\tables",8,8
78,"CL","flatfish",2,"Landings (CL)","2.4","Flatfish landings","2.4.1","Landings by country, flatfish","Catch_group","flatfish",FALSE,57,1,"barplot","","NULL","NULL","LandingWeight_1000ton","FlagCountry","NULL","sum",FALSE,TRUE,"list(oma = c(6,1,1,1), mai = c(1,1,.5,.5), ylab_line=4, col=""colour4"")","NULL","","","","","","",NA,"",NA,"","","",NA,"","",NA,"","","2.4.1_1","2.4.1_1","outputs\RCG_NA\Annual_Overview\figures","outputs\RCG_NA\Annual_Overview\tables",5,8
79,"CL","flatfish",2,"Landings (CL)","2.4","Flatfish landings","2.4.2","Landings by species, flatfish","Catch_group","flatfish",FALSE,58,1,"barplot","","cum_percent","95","LandingWeight_1000ton","Species","NULL","sum",FALSE,TRUE,"list(oma = c(6,1,1,1), mai = c(1,1,.5,.5), ylab_line=4, col=""colour4"")","NULL","","","","","","",NA,"",NA,"","","",NA,"","",NA,"","","2.4.2_1","2.4.2_1","outputs\RCG_NA\Annual_Overview\figures","outputs\RCG_NA\Annual_Overview\tables",5,8
80,"CL","flatfish",2,"Landings (CL)","2.4","Flatfish landings","2.4.2","Landings by species, flatfish","Catch_group","flatfish",FALSE,59,2,"barplot","","cum_percent","95","LandingWeight_1000ton","Species","FlagCountry","sum",TRUE,TRUE,"list(oma = c(4,1,1,5), mai = c(1,1,0.7,1), ylab_line=4, col=""colour4"", cex.x=0.8)","list(x=max(bar.coords)+diff(bar.coords)[1]/1.5, y=max(apply(t1,2,sum)), xjust=0, yjust=1, cex=0.7)","","","","","","",NA,"",NA,"","","",NA,"","",NA,"","","2.4.2_2","2.4.2_2","outputs\RCG_NA\Annual_Overview\figures","outputs\RCG_NA\Annual_Overview\tables",5,8
81,"CL","flatfish",2,"Landings (CL)","2.4","Flatfish landings","2.4.3","Landings by fleet, flatfish","Catch_group","flatfish",FALSE,60,1,"barplot","","cum_percent","95","LandingWeight_1000ton","FlagCountry_Loa","NULL","sum",FALSE,TRUE,"list(oma = c(6,1,1,1), mai = c(1,1,.5,.5), ylab_line=4, col=""colour4"")","NULL","","","","","","",NA,"",NA,"","","",NA,"","",NA,"","","2.4.3_1","2.4.3_1","outputs\RCG_NA\Annual_Overview\figures","outputs\RCG_NA\Annual_Overview\tables",5,8
82,"CL","flatfish",2,"Landings (CL)","2.4","Flatfish landings","2.4.3","Landings by fleet, flatfish","Catch_group","flatfish",FALSE,61,2,"barplot","a","NULL","NULL","LandingWeight_1000ton","FlagCountry","VesselLengthCategory","sum",TRUE,TRUE,"list(oma = c(3,1,1,5), mai = c(1,1,0.7,1), ylab_line=4, col=""colour4"", cex.x=0.9)","list(x=max(bar.coords)+diff(bar.coords)[1]/1.5, y=max(apply(t1,2,sum)), xjust=0, yjust=1, cex=0.7)","","","","","","",NA,"",NA,"","","",NA,"","",NA,"","","2.4.3_2a","2.4.3_2a","outputs\RCG_NA\Annual_Overview\figures","outputs\RCG_NA\Annual_Overview\tables",5,8
83,"CL","flatfish",2,"Landings (CL)","2.4","Flatfish landings","2.4.3","Landings by fleet, flatfish","Catch_group","flatfish",FALSE,62,2,"barplot","b","NULL","NULL","LandingWeight_1000ton","VesselLengthCategory","FlagCountry","sum",TRUE,FALSE,"list(oma = c(3,1,1,5), mai = c(1,1,0.7,1), ylab_line=4, col=""colour4"", cex.x=0.9)","list(x=max(bar.coords)+diff(bar.coords)[1]/1.5, y=max(apply(t1,2,sum)), xjust=0, yjust=1, cex=0.7)","","","","","","",NA,"",NA,"","","",NA,"","",NA,"","","2.4.3_2b","2.4.3_2b","outputs\RCG_NA\Annual_Overview\figures","outputs\RCG_NA\Annual_Overview\tables",5,8
84,"CL","flatfish",2,"Landings (CL)","2.4","Flatfish landings","2.4.4","Landings by area, flatfish","Catch_group","flatfish",FALSE,63,1,"barplot","","NULL","NULL","LandingWeight_1000ton","Area","NULL","sum",FALSE,TRUE,"list(oma = c(6,1,1,1), mai = c(1,1,.5,.5), ylab_line=4, col=""colour4"")","NULL","","","","","","",NA,"",NA,"","","",NA,"","",NA,"","","2.4.4_1","2.4.4_1","outputs\RCG_NA\Annual_Overview\figures","outputs\RCG_NA\Annual_Overview\tables",5,8
85,"CL","flatfish",2,"Landings (CL)","2.4","Flatfish landings","2.4.4","Landings by area, flatfish","Catch_group","flatfish",FALSE,64,2,"barplot","a","NULL","NULL","LandingWeight_1000ton","Area","FlagCountry","sum",TRUE,TRUE,"list(oma = c(3,1,1,5), mai = c(1,1,0.7,1), ylab_line=4, col=""colour4"", cex.x=0.9)","list(x=max(bar.coords)+diff(bar.coords)[1]/1.5, y=max(apply(t1,2,sum)), xjust=0, yjust=1, cex=0.7)","","","","","","",NA,"",NA,"","","",NA,"","",NA,"","","2.4.4_2a","2.4.4_2a","outputs\RCG_NA\Annual_Overview\figures","outputs\RCG_NA\Annual_Overview\tables",5,8
86,"CL","flatfish",2,"Landings (CL)","2.4","Flatfish landings","2.4.4","Landings by area, flatfish","Catch_group","flatfish",FALSE,65,2,"barplot","b","NULL","NULL","LandingWeight_1000ton","FlagCountry","Area","sum",TRUE,TRUE,"list(oma = c(3,1,1,5), mai = c(1,1,0.7,1), ylab_line=4, col=""colour4"", cex.x=0.9)","list(x=max(bar.coords)+diff(bar.coords)[1]/1.5, y=max(apply(t1,2,sum)), xjust=0, yjust=1, cex=0.7)","","","","","","",NA,"",NA,"","","",NA,"","",NA,"","","2.4.4_2b","2.4.4_2b","outputs\RCG_NA\Annual_Overview\figures","outputs\RCG_NA\Annual_Overview\tables",5,8
87,"CL","flatfish",2,"Landings (CL)","2.4","Flatfish landings","2.4.5","Landings by fishing ground, flatfish","Catch_group","flatfish",FALSE,66,1,"barplot","","NULL","NULL","LandingWeight_1000ton","FishingGround","NULL","sum",FALSE,TRUE,"list(oma = c(6,1,1,1), mai = c(1,1,.5,.5), ylab_line=4, col=""colour4"")","NULL","","","","","","",NA,"",NA,"","","",NA,"","",NA,"","","2.4.5_1","2.4.5_1","outputs\RCG_NA\Annual_Overview\figures","outputs\RCG_NA\Annual_Overview\tables",5,8
88,"CL","flatfish",2,"Landings (CL)","2.4","Flatfish landings","2.4.5","Landings by fishing ground, flatfish","Catch_group","flatfish",FALSE,67,2,"barplot","","NULL","NULL","LandingWeight_1000ton","FishingGround","FlagCountry","sum",TRUE,TRUE,"list(oma = c(3,1,1,5), mai = c(1,1,0.7,1), ylab_line=4, col=""colour4"", cex.x=0.9)","list(x=max(bar.coords)+diff(bar.coords)[1]/1.5, y=max(apply(t1,2,sum)), xjust=0, yjust=1, cex=0.7)","","","","","","",NA,"",NA,"","","",NA,"","",NA,"","","2.4.5_2","2.4.5_2","outputs\RCG_NA\Annual_Overview\figures","outputs\RCG_NA\Annual_Overview\tables",5,8
89,"CL","flatfish",2,"Landings (CL)","2.4","Flatfish landings","2.4.6","Landings by metier, flatfish","Catch_group","flatfish",FALSE,68,1,"barplot","a","cum_percent","95","LandingWeight_1000ton","FishingActivityLvl5","NULL","sum",FALSE,TRUE,"list(oma = c(6,1,1,1), mai = c(1,1,.5,.5), ylab_line=4, col=""colour4"")","NULL","","","","","","",NA,"",NA,"","","",NA,"","",NA,"","","2.4.6_1a","2.4.6_1a","outputs\RCG_NA\Annual_Overview\figures","outputs\RCG_NA\Annual_Overview\tables",5,8
90,"CL","flatfish",2,"Landings (CL)","2.4","Flatfish landings","2.4.6","Landings by metier, flatfish","Catch_group","flatfish",FALSE,69,2,"barplot","a","cum_percent","95","LandingWeight_1000ton","FishingActivityLvl5","FlagCountry","sum",TRUE,TRUE,"list(oma = c(3,1,1,5), mai = c(1,1,0.7,1), ylab_line=4, col=""colour4"", cex.x=0.9)","list(x=max(bar.coords)+diff(bar.coords)[1]/1.5, y=max(apply(t1,2,sum)), xjust=0, yjust=1, cex=0.7)","","","","","","",NA,"",NA,"","","",NA,"","",NA,"","","2.4.6_2a","2.4.6_2a","outputs\RCG_NA\Annual_Overview\figures","outputs\RCG_NA\Annual_Overview\tables",5,8
91,"CL","flatfish",2,"Landings (CL)","2.4","Flatfish landings","2.4.6","Landings by metier, flatfish","Catch_group","flatfish",FALSE,70,1,"barplot","b","cum_percent","95","LandingWeight_1000ton","FishingActivityLvl6","NULL","sum",FALSE,TRUE,"list(oma = c(6,1,1,1), mai = c(1,1,.5,.5), ylab_line=4, col=""colour4"")","NULL","","","","","","",NA,"",NA,"","","",NA,"","",NA,"","","2.4.6_1b","2.4.6_1b","outputs\RCG_NA\Annual_Overview\figures","outputs\RCG_NA\Annual_Overview\tables",5,8
92,"CL","flatfish",2,"Landings (CL)","2.4","Flatfish landings","2.4.6","Landings by metier, flatfish","Catch_group","flatfish",FALSE,71,2,"barplot","b","cum_percent","95","LandingWeight_1000ton","FishingActivityLvl6","FlagCountry","sum",TRUE,TRUE,"list(oma = c(4,1,1,5), mai = c(1,1,0.7,1), ylab_line=4, col=""colour4"", cex.x=0.9)","list(x=max(bar.coords)+diff(bar.coords)[1]/1.5, y=max(apply(t1,2,sum)), xjust=0, yjust=1, cex=0.7)","","","","","","",NA,"",NA,"","","",NA,"","",NA,"","","2.4.6_2b","2.4.6_2b","outputs\RCG_NA\Annual_Overview\figures","outputs\RCG_NA\Annual_Overview\tables",5,8
93,"CL","flatfish",2,"Landings (CL)","2.4","Flatfish landings","2.4.7","Landings by harbour, flatfish","Catch_group","flatfish",FALSE,72,1,"barplot","","main","20","LandingWeight_1000ton","Harbour","NULL","sum",FALSE,TRUE,"list(oma = c(6,1,1,1), mai = c(1,1,.5,.5), ylab_line=4, col=""colour4"")","NULL","","","","","","",NA,"",NA,"","","",NA,"","",NA,"","","2.4.7_1","2.4.7_1","outputs\RCG_NA\Annual_Overview\figures","outputs\RCG_NA\Annual_Overview\tables",5,8
94,"CL","flatfish",2,"Landings (CL)","2.4","Flatfish landings","2.4.7","Landings by harbour, flatfish","Catch_group","flatfish",FALSE,73,2,"barplot","","main","20","LandingWeight_1000ton","Harbour","FlagCountry","sum",TRUE,TRUE,"list(oma = c(3,1,1,5), mai = c(1,1,0.7,1), ylab_line=4, col=""colour4"", cex.x=0.9)","list(x=max(bar.coords)+diff(bar.coords)[1]/1.5, y=max(apply(t1,2,sum)), xjust=0, yjust=1, cex=0.7)","","","","","","",NA,"",NA,"","","",NA,"","",NA,"","","2.4.7_2","2.4.7_2","outputs\RCG_NA\Annual_Overview\figures","outputs\RCG_NA\Annual_Overview\tables",5,8
95,"CL","flatfish",2,"Landings (CL)","2.4","Flatfish landings","2.4.7","Landings by harbour, flatfish","Catch_group","flatfish",NA,NA,3,"map","","top_n","20","","","","",NA,NA,"","","LandingWeight_1000ton","Harbour","","Year","sum","Harbours",TRUE,"Landings (t)",TRUE,"FAOshp","flatfish","",NA,"","",NA,"","","2.4.7_3","2.4.7_3","outputs\RCG_NA\Annual_Overview\figures","outputs\RCG_NA\Annual_Overview\tables",8,8
96,"CL","flatfish",2,"Landings (CL)","2.4","Flatfish landings","2.4.8","Landings abroad, flatfish","Catch_group","flatfish",FALSE,74,2,"barplot","","NULL","NULL","LandingWeight_1000ton","FlagCountry","LandingCountry","sum",TRUE,TRUE,"list(oma = c(3,1,1,5), mai = c(1,1,0.7,1), ylab_line=4, col=""colour4"", cex.x=0.9)","list(x=max(bar.coords)+diff(bar.coords)[1]/1.5, y=max(apply(t1,2,sum)), xjust=0, yjust=1, cex=0.7)","","","","","","",NA,"",NA,"","","",NA,"","",NA,"","","2.4.8_2","2.4.8_2","outputs\RCG_NA\Annual_Overview\figures","outputs\RCG_NA\Annual_Overview\tables",5,8
97,"CL","flatfish",2,"Landings (CL)","2.4","Flatfish landings","2.4.8","Landings abroad, flatfish","Catch_group","flatfish",NA,NA,6,"riverplot","","NULL","0.001","LandingWeight_1000ton","FlagCountry","LandingCountry","",NA,NA,"","","","","","","","",NA,"Landings (t)",NA,"","flatfish","aux_colours_ggplot",NA,"","",NA,"","","2.4.8_6","2.4.8_6","outputs\RCG_NA\Annual_Overview\figures","outputs\RCG_NA\Annual_Overview\tables",6,8
98,"CL","flatfish",2,"Landings (CL)","2.4","Flatfish landings","2.4.8","Landings abroad, flatfish","Catch_group","flatfish",NA,NA,5,"map","","percent","100","","","","",NA,NA,"","","LandingWeight_1000ton","LandingCountry","FlagCountry","Year","sum","CTRshp",FALSE,"Landings (t)",FALSE,"","flatfish","aux_colours_ggplot",FALSE,"","",NA,"","","2.4.8_5","2.4.8_5","outputs\RCG_NA\Annual_Overview\figures","outputs\RCG_NA\Annual_Overview\tables",8,8
99,"CL","flatfish",2,"Landings (CL)","2.4","Flatfish landings","2.4.9","Spatial distribution of landings, flatfish","Catch_group","flatfish",NA,NA,4,"map","","percent","100","","","","",NA,NA,"","","LandingWeight_1000ton","StatisticalRectangle","","Year","sum","StatRectshp",FALSE,"Landings (t)",TRUE,"FAOshp","flatfish","",FALSE,"","",NA,"","","2.4.9_4","2.4.9_4","outputs\RCG_NA\Annual_Overview\figures","outputs\RCG_NA\Annual_Overview\tables",8,8
100,"CL","flatfish",2,"Landings (CL)","2.4","Flatfish landings","2.4.9","Spatial distribution of landings, flatfish","Catch_group","flatfish",NA,NA,5,"map","","percent","95","","","","",NA,NA,"","","LandingWeight_1000ton","StatisticalRectangle","FlagCountry","Year","sum","StatRectshp",FALSE,"Landings (t)",TRUE,"FAOshp","flatfish","aux_colours_ggplot",FALSE,"","",NA,"","","2.4.9_5","2.4.9_5","outputs\RCG_NA\Annual_Overview\figures","outputs\RCG_NA\Annual_Overview\tables",8,8
101,"CE","NULL",3,"Effort (CE)","3.1","Effort by country","3.1.1","Overall","","",TRUE,1,1,"barplot","a","NULL","NULL","TripsNumber","FlagCountry","NULL","sum",FALSE,TRUE,"list(oma = c(6,1,1,1), mai = c(1,1,.5,.5), ylab_line=4, col=""colour4"", mfrow=c(2,2))","NULL","","","","","","",NA,"",NA,"","","",NA,"","",NA,"","","3.1.1_1a","3.1.1_1a","outputs\RCG_NA\Annual_Overview\figures","outputs\RCG_NA\Annual_Overview\tables",5,8
102,"CE","NULL",3,"Effort (CE)","3.1","Effort by country","3.1.1","Overall","","",TRUE,1,1,"barplot","b","NULL","NULL","DaysAtSea","FlagCountry","NULL","sum",FALSE,TRUE,"list(oma = c(6,1,1,1), mai = c(1,1,.5,.5), ylab_line=4, col=""colour4"", mfrow=c(2,2))","NULL","","","","","","",NA,"",NA,"","","",NA,"","",NA,"","","3.1.1_1b","3.1.1_1b","outputs\RCG_NA\Annual_Overview\figures","outputs\RCG_NA\Annual_Overview\tables",5,8
103,"CE","NULL",3,"Effort (CE)","3.1","Effort by country","3.1.1","Overall","","",TRUE,1,1,"barplot","c","NULL","NULL","KWDays_1000x","FlagCountry","NULL","sum",FALSE,TRUE,"list(oma = c(6,1,1,1), mai = c(1,1,.5,.5), ylab_line=4, col=""colour4"", mfrow=c(2,2))","NULL","","","","","","",NA,"",NA,"","","",NA,"","",NA,"","","3.1.1_1c","3.1.1_1c","outputs\RCG_NA\Annual_Overview\figures","outputs\RCG_NA\Annual_Overview\tables",5,8
104,"CE","NULL",3,"Effort (CE)","3.1","Effort by country","3.1.1","Overall","","",TRUE,1,1,"barplot","d","NULL","NULL","GTDays_1000x","FlagCountry","NULL","sum",FALSE,TRUE,"list(oma = c(6,1,1,1), mai = c(1,1,.5,.5), ylab_line=4, col=""colour4"", mfrow=c(2,2))","NULL","","","","","","",NA,"",NA,"","","",NA,"","",NA,"","","3.1.1_1d","3.1.1_1d","outputs\RCG_NA\Annual_Overview\figures","outputs\RCG_NA\Annual_Overview\tables",5,8
105,"CE","NULL",3,"Effort (CE)","3.2","Effort by fleet","3.2.1","Overall","","",FALSE,2,1,"barplot","","cum_percent","95","TripsNumber","FlagCountry_Loa","NULL","sum",FALSE,TRUE,"list(oma = c(6,1,1,1), mai = c(1,1,.5,.5), ylab_line=4, col=""colour4"")","NULL","","","","","","",NA,"",NA,"","","",NA,"","",NA,"","","3.2.1_1","3.2.1_1","outputs\RCG_NA\Annual_Overview\figures","outputs\RCG_NA\Annual_Overview\tables",5,8
106,"CE","NULL",3,"Effort (CE)","3.2","Effort by fleet","3.2.1","Overall","","",FALSE,3,2,"barplot","a","NULL","NULL","TripsNumber","FlagCountry","VesselLengthCategory","sum",TRUE,FALSE,"list(oma = c(3,1,1,5), mai = c(1,1,0.7,1), ylab_line=4, col=""colour4"", cex.x=0.9)","list(x=max(bar.coords)+diff(bar.coords)[1]/1.5, y=max(apply(t1,2,sum)), xjust=0, yjust=1, cex=0.7)","","","","","","",NA,"",NA,"","","",NA,"","",NA,"","","3.2.1_2a","3.2.1_2a","outputs\RCG_NA\Annual_Overview\figures","outputs\RCG_NA\Annual_Overview\tables",5,8
107,"CE","NULL",3,"Effort (CE)","3.2","Effort by fleet","3.2.1","Overall","","",FALSE,4,2,"barplot","b","NULL","NULL","TripsNumber","VesselLengthCategory","FlagCountry","sum",TRUE,FALSE,"list(oma = c(3,1,1,5), mai = c(1,1,0.7,1), ylab_line=4, col=""colour4"", cex.x=0.9)","list(x=max(bar.coords)+diff(bar.coords)[1]/1.5, y=max(apply(t1,2,sum)), xjust=0, yjust=1, cex=0.7)","","","","","","",NA,"",NA,"","","",NA,"","",NA,"","","3.2.1_2b","3.2.1_2b","outputs\RCG_NA\Annual_Overview\figures","outputs\RCG_NA\Annual_Overview\tables",5,8
108,"CE","NULL",3,"Effort (CE)","3.3","Effort by area","3.3.1","Below 10 meters","VesselLengthCategory","<10",TRUE,1,1,"barplot","","NULL","NULL","TripsNumber","Area","NULL","sum",FALSE,TRUE,"list(oma = c(4,1,1,1), mai = c(1,1,.5,.5), ylab_line=4, col=""colour4"", mfrow=c(3,1))","NULL","","","","","","",NA,"",NA,"","","",NA,"","",NA,"","","3.3.1_c_u10_1","3.3.1_c_u10_1","outputs\RCG_NA\Annual_Overview\figures","outputs\RCG_NA\Annual_Overview\tables",5,8
109,"CE","NULL",3,"Effort (CE)","3.3","Effort by area","3.3.1","Below 10 meters","VesselLengthCategory","<10",TRUE,1,2,"barplot","a","NULL","NULL","TripsNumber","Area","FlagCountry","sum",TRUE,TRUE,"list(oma = c(4,1,1,1), mai = c(1,1,.5,.5), ylab_line=4, col=""colour4"", mfrow=c(3,1))","list(x=max(bar.coords)+diff(bar.coords)[1]/1.5, y=max(apply(t1,2,sum)), xjust=0, yjust=1, cex=0.7)","","","","","","",NA,"",NA,"","","",NA,"","",NA,"","","3.3.1_c_u10_2_a","3.3.1_c_u10_2_a","outputs\RCG_NA\Annual_Overview\figures","outputs\RCG_NA\Annual_Overview\tables",5,8
110,"CE","NULL",3,"Effort (CE)","3.3","Effort by area","3.3.1","Below 10 meters","VesselLengthCategory","<10",TRUE,1,2,"barplot","b","NULL","NULL","TripsNumber","FlagCountry","Area","sum",TRUE,TRUE,"list(oma = c(4,1,1,1), mai = c(0.5,1,.5,.5), ylab_line=4, col=""colour4"", mfrow=c(3,1))","list(x=max(bar.coords)+diff(bar.coords)[1]/1.5, y=max(apply(t1,2,sum)), xjust=0, yjust=1, cex=0.7)","","","","","","",NA,"",NA,"","","",NA,"","",NA,"","","3.3.1_c_u10_2_b","3.3.1_c_u10_2_b","outputs\RCG_NA\Annual_Overview\figures","outputs\RCG_NA\Annual_Overview\tables",5,8
111,"CE","NULL",3,"Effort (CE)","3.3","Effort by area","3.3.1","Below 10 meters","VesselLengthCategory","<10",NA,NA,4,"map","1","percent","100","","","","",NA,NA,"","","TripsNumber","AreaMap","","Year","sum","FAOshp",TRUE,"TripsNumber",FALSE,"","Below 10 meters","",FALSE,"","",NA,"","","3.3.1_4_1","3.3.1_4_1","outputs\RCG_NA\Annual_Overview\figures","outputs\RCG_NA\Annual_Overview\tables",8,8
112,"CE","NULL",3,"Effort (CE)","3.3","Effort by area","3.3.1","Below 10 meters","VesselLengthCategory","<10",NA,NA,5,"map","1","percent","100","","","","",NA,NA,"","","TripsNumber","AreaMap","FlagCountry","Year","sum","FAOshp",TRUE,"TripsNumber",FALSE,"","Below 10 meters","aux_colours_ggplot",FALSE,"","",NA,"","","3.3.1_5_1","3.3.1_5_1","outputs\RCG_NA\Annual_Overview\figures","outputs\RCG_NA\Annual_Overview\tables",8,8
113,"CE","NULL",3,"Effort (CE)","3.3","Effort by area","3.3.2","10 meter and above","VesselLengthCategory","10-<12,12-<18,18-<24,24-<40,>40",TRUE,1,1,"barplot","","NULL","NULL","TripsNumber","Area","NULL","sum",FALSE,TRUE,"list(oma = c(4,1,1,1), mai = c(1,1,.5,.5), ylab_line=4, col=""colour4"", mfrow=c(3,1))","NULL","","","","","","",NA,"",NA,"","","",NA,"","",NA,"","","3.3.1_c_10o_1","3.3.1_c_10o_1","outputs\RCG_NA\Annual_Overview\figures","outputs\RCG_NA\Annual_Overview\tables",5,8
114,"CE","NULL",3,"Effort (CE)","3.3","Effort by area","3.3.2","10 meter and above","VesselLengthCategory","10-<12,12-<18,18-<24,24-<40,>40",TRUE,1,2,"barplot","a","NULL","NULL","TripsNumber","Area","FlagCountry","sum",TRUE,TRUE,"list(oma = c(4,1,1,1), mai = c(1,1,.5,.5), ylab_line=4, col=""colour4"", mfrow=c(3,1))","list(x=max(bar.coords)+diff(bar.coords)[1]/1.5, y=max(apply(t1,2,sum)), xjust=0, yjust=1, cex=0.7)","","","","","","",NA,"",NA,"","","",NA,"","",NA,"","","3.3.1_c_10o_2_a","3.3.1_c_10o_2_a","outputs\RCG_NA\Annual_Overview\figures","outputs\RCG_NA\Annual_Overview\tables",5,8
115,"CE","NULL",3,"Effort (CE)","3.3","Effort by area","3.3.2","10 meter and above","VesselLengthCategory","10-<12,12-<18,18-<24,24-<40,>40",TRUE,1,2,"barplot","b","NULL","NULL","TripsNumber","FlagCountry","Area","sum",TRUE,TRUE,"list(oma = c(4,1,1,1), mai = c(0.5,1,.5,.5), ylab_line=4, col=""colour4"", mfrow=c(3,1))","list(x=max(bar.coords)+diff(bar.coords)[1]/1.5, y=max(apply(t1,2,sum)), xjust=0, yjust=1, cex=0.7)","","","","","","",NA,"",NA,"","","",NA,"","",NA,"","","3.3.1_c_10o_2_b","3.3.1_c_10o_2_b","outputs\RCG_NA\Annual_Overview\figures","outputs\RCG_NA\Annual_Overview\tables",5,8
116,"CE","NULL",3,"Effort (CE)","3.3","Effort by area","3.3.2","10 meter and above","VesselLengthCategory","10-<12,12-<18,18-<24,24-<40,>40",NA,NA,4,"map","1","percent","100","","","","",NA,NA,"","","TripsNumber","AreaMap","","Year","sum","FAOshp",TRUE,"TripsNumber",FALSE,"","10 meters and above","",FALSE,"","",NA,"","","3.3.1_4_1","3.3.1_4_1","outputs\RCG_NA\Annual_Overview\figures","outputs\RCG_NA\Annual_Overview\tables",8,8
117,"CE","NULL",3,"Effort (CE)","3.3","Effort by area","3.3.2","10 meter and above","VesselLengthCategory","10-<12,12-<18,18-<24,24-<40,>40",NA,NA,5,"map","1","percent","100","","","","",NA,NA,"","","TripsNumber","AreaMap","FlagCountry","Year","sum","FAOshp",TRUE,"TripsNumber",FALSE,"","10 meters and above","aux_colours_ggplot",FALSE,"","",NA,"","","3.3.1_5_1","3.3.1_5_1","outputs\RCG_NA\Annual_Overview\figures","outputs\RCG_NA\Annual_Overview\tables",8,8
118,"CE","NULL",3,"Effort (CE)","3.4","Effort by fishingground","3.4.1","Below 10 meters","VesselLengthCategory","<10",TRUE,2,1,"barplot","","NULL","NULL","TripsNumber","FishingGround","NULL","sum",FALSE,TRUE,"list(oma = c(6,1,1,1), mai = c(1,1,.5,.5), ylab_line=4, col=""colour4"", mfrow=c(3,1))","NULL","","","","","","",NA,"",NA,"","","",NA,"","",NA,"","","3.4.1_c_u10_1","3.4.1_c_u10_1","outputs\RCG_NA\Annual_Overview\figures","outputs\RCG_NA\Annual_Overview\tables",5,8
119,"CE","NULL",3,"Effort (CE)","3.4","Effort by fishingground","3.4.1","Below 10 meters","VesselLengthCategory","<10",TRUE,2,2,"barplot","a","NULL","NULL","TripsNumber","FishingGround","FlagCountry","sum",TRUE,TRUE,"list(oma = c(6,1,1,1), mai = c(1,1,.5,.5), ylab_line=4, col=""colour4"", mfrow=c(3,1))","list(x=max(bar.coords)+diff(bar.coords)[1]/1.5, y=max(apply(t1,2,sum)), xjust=0, yjust=1, cex=0.7)","","","","","","",NA,"",NA,"","","",NA,"","",NA,"","","3.4.1_c_u10_2_a","3.4.1_c_u10_2_a","outputs\RCG_NA\Annual_Overview\figures","outputs\RCG_NA\Annual_Overview\tables",5,8
120,"CE","NULL",3,"Effort (CE)","3.4","Effort by fishingground","3.4.1","Below 10 meters","VesselLengthCategory","<10",TRUE,2,2,"barplot","b","NULL","NULL","TripsNumber","FlagCountry","FishingGround","sum",TRUE,TRUE,"list(oma = c(6,1,1,1), mai = c(1,1,.5,.5), ylab_line=4, col=""colour4"", mfrow=c(3,1))","list(x=max(bar.coords)+diff(bar.coords)[1]/1.5, y=max(apply(t1,2,sum)), xjust=0, yjust=1, cex=0.7)","","","","","","",NA,"",NA,"","","",NA,"","",NA,"","","3.4.1_c_u10_2_b","3.4.1_c_u10_2_b","outputs\RCG_NA\Annual_Overview\figures","outputs\RCG_NA\Annual_Overview\tables",5,8
121,"CE","NULL",3,"Effort (CE)","3.4","Effort by fishingground","3.4.2","10 meter and above","VesselLengthCategory","10-<12,12-<18,18-<24,24-<40,>40",TRUE,2,1,"barplot","","NULL","NULL","TripsNumber","FishingGround","NULL","sum",FALSE,TRUE,"list(oma = c(6,1,1,1), mai = c(1,1,.5,.5), ylab_line=4, col=""colour4"", mfrow=c(3,1))","NULL","","","","","","",NA,"",NA,"","","",NA,"","",NA,"","","3.4.1_c_10o_1","3.4.1_c_10o_1","outputs\RCG_NA\Annual_Overview\figures","outputs\RCG_NA\Annual_Overview\tables",5,8
122,"CE","NULL",3,"Effort (CE)","3.4","Effort by fishingground","3.4.2","10 meter and above","VesselLengthCategory","10-<12,12-<18,18-<24,24-<40,>40",TRUE,2,2,"barplot","a","NULL","NULL","TripsNumber","FishingGround","FlagCountry","sum",TRUE,TRUE,"list(oma = c(6,1,1,1), mai = c(1,1,.5,.5), ylab_line=4, col=""colour4"", mfrow=c(3,1))","list(x=max(bar.coords)+diff(bar.coords)[1]/1.5, y=max(apply(t1,2,sum)), xjust=0, yjust=1, cex=0.7)","","","","","","",NA,"",NA,"","","",NA,"","",NA,"","","3.4.1_c_10o_2_a","3.4.1_c_10o_2_a","outputs\RCG_NA\Annual_Overview\figures","outputs\RCG_NA\Annual_Overview\tables",5,8
123,"CE","NULL",3,"Effort (CE)","3.4","Effort by fishingground","3.4.2","10 meter and above","VesselLengthCategory","10-<12,12-<18,18-<24,24-<40,>40",TRUE,2,2,"barplot","b","NULL","NULL","TripsNumber","FlagCountry","FishingGround","sum",TRUE,TRUE,"list(oma = c(6,1,1,1), mai = c(1,1,.5,.5), ylab_line=4, col=""colour4"", mfrow=c(3,1))","list(x=max(bar.coords)+diff(bar.coords)[1]/1.5, y=max(apply(t1,2,sum)), xjust=0, yjust=1, cex=0.7)","","","","","","",NA,"",NA,"","","",NA,"","",NA,"","","3.4.1_c_10o_2_b","3.4.1_c_10o_2_b","outputs\RCG_NA\Annual_Overview\figures","outputs\RCG_NA\Annual_Overview\tables",5,8
124,"CE","NULL",3,"Effort (CE)","3.5","Effort by metier","3.5.1","Below 10 meters","VesselLengthCategory","<10",TRUE,3,1,"barplot","a","cum_percent","95","TripsNumber","FishingActivityLvl5","NULL","sum",FALSE,TRUE,"list(oma = c(6,1,1,1), mai = c(1,1,.5,.5), ylab_line=4, col=""colour4"", mfrow=c(2,1), cex.x=0.7)","NULL","","","","","","",NA,"",NA,"","","",NA,"","",NA,"","","3.5.1_c_u10_a_1","3.5.1_c_u10_a_1","outputs\RCG_NA\Annual_Overview\figures","outputs\RCG_NA\Annual_Overview\tables",5,8
125,"CE","NULL",3,"Effort (CE)","3.5","Effort by metier","3.5.1","Below 10 meters","VesselLengthCategory","<10",TRUE,3,2,"barplot","a","cum_percent","95","TripsNumber","FishingActivityLvl5","FlagCountry","sum",TRUE,TRUE,"list(oma = c(6,1,1,1), mai = c(1,1,.5,.5), ylab_line=4, col=""colour4"", mfrow=c(2,1), cex.x=0.7)","list(x=max(bar.coords)+diff(bar.coords)[1]/1.5, y=max(apply(t1,2,sum)), xjust=0, yjust=1, cex=0.7)","","","","","","",NA,"",NA,"","","",NA,"","",NA,"","","3.5.1_c_u10_a_2","3.5.1_c_u10_a_2","outputs\RCG_NA\Annual_Overview\figures","outputs\RCG_NA\Annual_Overview\tables",5,8
126,"CE","NULL",3,"Effort (CE)","3.5","Effort by metier","3.5.1","Below 10 meters","VesselLengthCategory","<10",TRUE,4,1,"barplot","b","cum_percent","95","TripsNumber","FishingActivityLvl6","NULL","sum",FALSE,TRUE,"list(oma = c(5,1,1,1), mai = c(0.5,1,.5,.5), ylab_line=4, col=""colour4"", mfrow=c(2,1), cex.x=0.7)","NULL","","","","","","",NA,"",NA,"","","",NA,"","",NA,"","","3.5.1_c_u10_b_1","3.5.1_c_u10_b_1","outputs\RCG_NA\Annual_Overview\figures","outputs\RCG_NA\Annual_Overview\tables",5,8
127,"CE","NULL",3,"Effort (CE)","3.5","Effort by metier","3.5.1","Below 10 meters","VesselLengthCategory","<10",TRUE,4,2,"barplot","b","cum_percent","95","TripsNumber","FishingActivityLvl6","FlagCountry","sum",TRUE,TRUE,"list(oma = c(5,1,1,1), mai = c(1,1,1.5,.5), ylab_line=4, col=""colour4"", mfrow=c(2,1), cex.x=0.7)","list(x=max(bar.coords)+diff(bar.coords)[1]/1.5, y=max(apply(t1,2,sum)), xjust=0, yjust=1, cex=0.7)","","","","","","",NA,"",NA,"","","",NA,"","",NA,"","","3.5.1_c_u10_b_2","3.5.1_c_u10_b_2","outputs\RCG_NA\Annual_Overview\figures","outputs\RCG_NA\Annual_Overview\tables",5,8
128,"CE","NULL",3,"Effort (CE)","3.5","Effort by metier","3.5.1","Below 10 meters","VesselLengthCategory","<10",NA,NA,5,"map","1","percent","95","","","","",NA,NA,"","","TripsNumber","StatisticalRectangle","FishingActivityLvl5","Year","sum","StatRectshp",FALSE,"TripsNumber",FALSE,"","Below 10 meters & Top 6 metiers","none",TRUE,"FishingActivityLvl5","top_n",6,"sum","","3.5.1_5_1","3.5.1_5_1","outputs\RCG_NA\Annual_Overview\figures","outputs\RCG_NA\Annual_Overview\tables",8,8
129,"CE","NULL",3,"Effort (CE)","3.5","Effort by metier","3.5.1","Below 10 meters","VesselLengthCategory","<10",NA,NA,4,"map","1","percent","95","","","","",NA,NA,"","","TripsNumber","StatisticalRectangle","","FishingActivityLvl5","sum","StatRectshp",FALSE,"TripsNumber",TRUE,"FAOshp","Below 10 meters & Top 6 metiers","none",TRUE,"FishingActivityLvl5","top_n",6,"sum","Year","3.5.1_4_1","3.5.1_4_1","outputs\RCG_NA\Annual_Overview\figures","outputs\RCG_NA\Annual_Overview\tables",10,9
130,"CE","NULL",3,"Effort (CE)","3.5","Effort by metier","3.5.2","10 meter and above","VesselLengthCategory","10-<12,12-<18,18-<24,24-<40,>40",TRUE,3,1,"barplot","a","cum_percent","95","TripsNumber","FishingActivityLvl5","NULL","sum",FALSE,TRUE,"list(oma = c(6,1,1,1), mai = c(1,1,.5,.5), ylab_line=4, col=""colour4"", mfrow=c(2,1), cex.x=0.7)","NULL","","","","","","",NA,"",NA,"","","",NA,"","",NA,"","","3.5.1_c_10o_a_1","3.5.1_c_10o_a_1","outputs\RCG_NA\Annual_Overview\figures","outputs\RCG_NA\Annual_Overview\tables",5,8
131,"CE","NULL",3,"Effort (CE)","3.5","Effort by metier","3.5.2","10 meter and above","VesselLengthCategory","10-<12,12-<18,18-<24,24-<40,>40",TRUE,3,2,"barplot","a","cum_percent","95","TripsNumber","FishingActivityLvl5","FlagCountry","sum",TRUE,TRUE,"list(oma = c(6,1,1,1), mai = c(1,1,.5,.5), ylab_line=4, col=""colour4"", mfrow=c(2,1), cex.x=0.7)","list(x=max(bar.coords)+diff(bar.coords)[1]/1.5, y=max(apply(t1,2,sum)), xjust=0, yjust=1, cex=0.7)","","","","","","",NA,"",NA,"","","",NA,"","",NA,"","","3.5.1_c_10o_a_2","3.5.1_c_10o_a_2","outputs\RCG_NA\Annual_Overview\figures","outputs\RCG_NA\Annual_Overview\tables",5,8
132,"CE","NULL",3,"Effort (CE)","3.5","Effort by metier","3.5.2","10 meter and above","VesselLengthCategory","10-<12,12-<18,18-<24,24-<40,>40",TRUE,4,1,"barplot","b","cum_percent","95","TripsNumber","FishingActivityLvl6","NULL","sum",FALSE,TRUE,"list(oma = c(5,1,1,1), mai = c(0.5,1,.5,.5), ylab_line=4, col=""colour4"", mfrow=c(2,1), cex.x=0.7)","NULL","","","","","","",NA,"",NA,"","","",NA,"","",NA,"","","3.5.1_c_10o_b_1","3.5.1_c_10o_b_1","outputs\RCG_NA\Annual_Overview\figures","outputs\RCG_NA\Annual_Overview\tables",5,8
133,"CE","NULL",3,"Effort (CE)","3.5","Effort by metier","3.5.2","10 meter and above","VesselLengthCategory","10-<12,12-<18,18-<24,24-<40,>40",TRUE,4,2,"barplot","b","cum_percent","95","TripsNumber","FishingActivityLvl6","FlagCountry","sum",TRUE,TRUE,"list(oma = c(5,1,1,1), mai = c(1,1,1.5,.5), ylab_line=4, col=""colour4"", mfrow=c(2,1), cex.x=0.7)","list(x=max(bar.coords)+diff(bar.coords)[1]/1.5, y=max(apply(t1,2,sum)), xjust=0, yjust=1, cex=0.7)","","","","","","",NA,"",NA,"","","",NA,"","",NA,"","","3.5.1_c_10o_b_2","3.5.1_c_10o_b_2","outputs\RCG_NA\Annual_Overview\figures","outputs\RCG_NA\Annual_Overview\tables",5,8
134,"CE","NULL",3,"Effort (CE)","3.5","Effort by metier","3.5.2","10 meter and above","VesselLengthCategory","10-<12,12-<18,18-<24,24-<40,>40",NA,NA,5,"map","1","percent","95","","","","",NA,NA,"","","TripsNumber","StatisticalRectangle","FishingActivityLvl5","Year","sum","StatRectshp",FALSE,"TripsNumber",FALSE,"","10 meters and above & Top 6 metiers","none",TRUE,"FishingActivityLvl5","top_n",6,"sum","","3.5.2_5_1","3.5.2_5_1","outputs\RCG_NA\Annual_Overview\figures","outputs\RCG_NA\Annual_Overview\tables",8,8
135,"CE","NULL",3,"Effort (CE)","3.5","Effort by metier","3.5.2","10 meter and above","VesselLengthCategory","10-<12,12-<18,18-<24,24-<40,>40",NA,NA,4,"map","1","percent","95","","","","",NA,NA,"","","TripsNumber","StatisticalRectangle","","FishingActivityLvl5","sum","StatRectshp",FALSE,"TripsNumber",TRUE,"FAOshp","10 meters and above & Top 6 metiers","none",TRUE,"FishingActivityLvl5","top_n",6,"sum","Year","3.5.2_4_1","3.5.2_4_1","outputs\RCG_NA\Annual_Overview\figures","outputs\RCG_NA\Annual_Overview\tables",10,9
136,"CE","NULL",3,"Effort (CE)","3.6","Effort by harbour","3.6.1","Below 10 meters","VesselLengthCategory","<10",TRUE,5,1,"barplot","","main","20","TripsNumber","Harbour","NULL","sum",FALSE,TRUE,"list(oma = c(6,1,1,1), mai = c(1,1,.5,.5), ylab_line=4, col=""colour4"", mfrow=c(2,1))","NULL","","","","","","",NA,"",NA,"","","",NA,"","",NA,"","","3.6.1_c_u10_1","3.6.1_c_u10_1","outputs\RCG_NA\Annual_Overview\figures","outputs\RCG_NA\Annual_Overview\tables",5,8
137,"CE","NULL",3,"Effort (CE)","3.6","Effort by harbour","3.6.1","Below 10 meters","VesselLengthCategory","<10",TRUE,5,2,"barplot","a","main","20","TripsNumber","Harbour","FlagCountry","sum",TRUE,TRUE,"list(oma = c(6,1,1,1), mai = c(1,1,.5,.5), ylab_line=4, col=""colour4"", mfrow=c(2,1))","list(x=max(bar.coords)+diff(bar.coords)[1]/1.5, y=max(apply(t1,2,sum)), xjust=0, yjust=1, cex=0.7)","","","","","","",NA,"",NA,"","","",NA,"","",NA,"","","3.6.1_c_u10_2_a","3.6.1_c_u10_2_a","outputs\RCG_NA\Annual_Overview\figures","outputs\RCG_NA\Annual_Overview\tables",5,8
138,"CE","NULL",3,"Effort (CE)","3.6","Effort by harbour","3.6.1","Below 10 meters","VesselLengthCategory","<10",NA,NA,3,"map","","top_n","20","","","","",NA,NA,"","","TripsNumber","Harbour","","Year","sum","Harbours",TRUE,"TripsNumber",TRUE,"FAOshp","Below 10 meters","",NA,"","",NA,"","","3.6.1_3","3.6.1_3","outputs\RCG_NA\Annual_Overview\figures","outputs\RCG_NA\Annual_Overview\tables",8,8
139,"CE","NULL",3,"Effort (CE)","3.6","Effort by harbour","3.6.2","10 meter and above","VesselLengthCategory","10-<12,12-<18,18-<24,24-<40,>40",TRUE,5,1,"barplot","","main","20","TripsNumber","Harbour","NULL","sum",FALSE,TRUE,"list(oma = c(6,1,1,1), mai = c(1,1,.5,.5), ylab_line=4, col=""colour4"", mfrow=c(2,1))","NULL","","","","","","",NA,"",NA,"","","",NA,"","",NA,"","","3.6.1_c_10o_1","3.6.1_c_10o_1","outputs\RCG_NA\Annual_Overview\figures","outputs\RCG_NA\Annual_Overview\tables",5,8
140,"CE","NULL",3,"Effort (CE)","3.6","Effort by harbour","3.6.2","10 meter and above","VesselLengthCategory","10-<12,12-<18,18-<24,24-<40,>40",TRUE,5,2,"barplot","a","main","20","TripsNumber","Harbour","FlagCountry","sum",TRUE,TRUE,"list(oma = c(6,1,1,1), mai = c(1,1,.5,.5), ylab_line=4, col=""colour4"", mfrow=c(2,1))","list(x=max(bar.coords)+diff(bar.coords)[1]/1.5, y=max(apply(t1,2,sum)), xjust=0, yjust=1, cex=0.7)","","","","","","",NA,"",NA,"","","",NA,"","",NA,"","","3.6.1_c_10o_2_a","3.6.1_c_10o_2_a","outputs\RCG_NA\Annual_Overview\figures","outputs\RCG_NA\Annual_Overview\tables",5,8
141,"CE","NULL",3,"Effort (CE)","3.6","Effort by harbour","3.6.2","10 meter and above","VesselLengthCategory","10-<12,12-<18,18-<24,24-<40,>40",NA,NA,3,"map","","top_n","20","","","","",NA,NA,"","","TripsNumber","Harbour","","Year","sum","Harbours",TRUE,"TripsNumber",TRUE,"FAOshp","10 meters and above","",NA,"","",NA,"","","3.6.1_3","3.6.1_3","outputs\RCG_NA\Annual_Overview\figures","outputs\RCG_NA\Annual_Overview\tables",8,8
142,"CE","NULL",3,"Effort (CE)","3.7","Effort abroad","3.7.1","Overall","","",FALSE,17,2,"barplot","","NULL","NULL","TripsNumber","FlagCountry","HarbourCountry","sum",TRUE,FALSE,"list(oma = c(3,1,1,5), mai = c(1,1,0.7,1), ylab_line=4, col=""colour4"", cex.x=0.9)","list(x=max(bar.coords)+diff(bar.coords)[1]/1.5, y=max(apply(t1,2,sum)), xjust=0, yjust=1, cex=0.7)","","","","","","",NA,"",NA,"","","",NA,"","",NA,"","","3.7.1_2","3.7.1_2","outputs\RCG_NA\Annual_Overview\figures","outputs\RCG_NA\Annual_Overview\tables",5,8
143,"CE","NULL",3,"Effort (CE)","3.7","Effort abroad","3.7.1","Overall","","",NA,NA,6,"riverplot","","NULL","0.001","TripsNumber","FlagCountry","LandingCountry","",NA,NA,"","","","","","","","",NA,"TripsNumber",NA,"","all","aux_colours_ggplot",NA,"","",NA,"","","3.7.1_6","3.7.1_6","outputs\RCG_NA\Annual_Overview\figures","outputs\RCG_NA\Annual_Overview\tables",6,8
144,"CE","NULL",3,"Effort (CE)","3.7","Effort abroad","3.7.1","Overall","","",NA,NA,5,"map","","percent","99.5","","","","",NA,NA,"","","TripsNumber","LandingCountry","FlagCountry","Year","sum","CTRshp",FALSE,"TripsNumber",FALSE,"","all","aux_colours_ggplot",FALSE,"","",NA,"","","3.7.1_5","3.7.1_5","outputs\RCG_NA\Annual_Overview\figures","outputs\RCG_NA\Annual_Overview\tables",8,8
145,"CE","NULL",3,"Effort (CE)","3.8","Spatial distribution of effort","3.8.1","Below 10 meters","VesselLengthCategory","<10",NA,NA,4,"map","1","percent","100","","","","",NA,NA,"","","TripsNumber","StatisticalRectangle","","Year","sum","StatRectshp",FALSE,"TripsNumber",TRUE,"FAOshp","Below 10 meters","",FALSE,"","",NA,"","","3.8.1_4_1","3.8.1_4_1","outputs\RCG_NA\Annual_Overview\figures","outputs\RCG_NA\Annual_Overview\tables",8,8
146,"CE","NULL",3,"Effort (CE)","3.8","Spatial distribution of effort","3.8.1","Below 10 meters","VesselLengthCategory","<10",NA,NA,5,"map","","percent","95","","","","",NA,NA,"","","TripsNumber","StatisticalRectangle","FlagCountry","Year","sum","StatRectshp",FALSE,"TripsNumber",TRUE,"FAOshp","Below 10 meters","aux_colours_ggplot",FALSE,"","",NA,"","","3.8.1_5","3.8.1_5","outputs\RCG_NA\Annual_Overview\figures","outputs\RCG_NA\Annual_Overview\tables",8,8
147,"CE","NULL",3,"Effort (CE)","3.8","Spatial distribution of effort","3.8.2","10 meter and above","VesselLengthCategory","10-<12,12-<18,18-<24,24-<40,>40",NA,NA,4,"map","1","percent","100","","","","",NA,NA,"","","TripsNumber","StatisticalRectangle","","Year","sum","StatRectshp",FALSE,"TripsNumber",TRUE,"FAOshp","10 meters and above","",FALSE,"","",NA,"","","3.8.2_4_1","3.8.2_4_1","outputs\RCG_NA\Annual_Overview\figures","outputs\RCG_NA\Annual_Overview\tables",8,8
148,"CE","NULL",3,"Effort (CE)","3.8","Spatial distribution of effort","3.8.2","10 meter and above","VesselLengthCategory","10-<12,12-<18,18-<24,24-<40,>40",NA,NA,5,"map","","percent","95","","","","",NA,NA,"","","TripsNumber","StatisticalRectangle","FlagCountry","Year","sum","StatRectshp",FALSE,"TripsNumber",TRUE,"FAOshp","10 meters and above","aux_colours_ggplot",FALSE,"","",NA,"","","3.8.2_5","3.8.2_5","outputs\RCG_NA\Annual_Overview\figures","outputs\RCG_NA\Annual_Overview\tables",8,8
